ISO-10303-21;
HEADER;
/* Generated by software containing ST-Developer
 * from STEP Tools, Inc. (www.steptools.com) 
 */
/* OPTION: using custom renumber hook */

FILE_DESCRIPTION(
/* description */ ('STEP AP242 Edition 2',
'CAx-IF Rec.Pracs.---Representation and Presentation of Product Manufa
cturing Information (PMI)---4.0---2014-10-13',
'CAx-IF Rec.Pracs.---3D Tessellated Geometry---0.4---2014-09-14','2;1',
'CAx-IF Rec.Pracs.---User Defined Attributes---1.5---2016-08-15'),
/* implementation_level */ '2;1');

FILE_NAME(
/* name */ '6a94e40b718ec90ee8e4d9bf',
/* time_stamp */ '2026-08-31T02:16:43Z',
/* author */ (''),
/* organization */ (''),
/* preprocessor_version */ 'ST-DEVELOPER v20',
/* originating_system */ 'ONSHAPE BY PTC INC, 1.220',
/* authorisation */ '  ');

FILE_SCHEMA (('AP242_MANAGED_MODEL_BASED_3D_ENGINEERING_MIM_LF { 1 0 10303 442 3 1 4 }'));
ENDSEC;

DATA;
#10=DRAUGHTING_PRE_DEFINED_COLOUR('black');
#11=DRAUGHTING_PRE_DEFINED_COLOUR('red');
#12=(
BOUNDED_SURFACE()
B_SPLINE_SURFACE(3,2,((#3575,#3576,#3577),(#3578,#3579,#3580),(#3581,#3582,
#3583),(#3584,#3585,#3586),(#3587,#3588,#3589)),.UNSPECIFIED.,.F.,.F.,.F.)
B_SPLINE_SURFACE_WITH_KNOTS((4,1,4),(3,3),(0.0202706302398788,0.0227306941007815,
0.0251907579616841),(0.,1.),.UNSPECIFIED.)
GEOMETRIC_REPRESENTATION_ITEM()
RATIONAL_B_SPLINE_SURFACE(((1.,0.804778170861036,1.),(1.,0.812317274077952,
1.),(1.,0.825890207232675,1.),(1.,0.812506947474839,1.),(1.,0.804771224580609,
1.)))
REPRESENTATION_ITEM('')
SURFACE()
);
#13=(
BOUNDED_SURFACE()
B_SPLINE_SURFACE(3,2,((#3598,#3599,#3600),(#3601,#3602,#3603),(#3604,#3605,
#3606),(#3607,#3608,#3609),(#3610,#3611,#3612)),.UNSPECIFIED.,.F.,.F.,.F.)
B_SPLINE_SURFACE_WITH_KNOTS((4,1,4),(3,3),(0.0203285324751813,0.0227886329536483,
0.0252487334321152),(0.,1.),.UNSPECIFIED.)
GEOMETRIC_REPRESENTATION_ITEM()
RATIONAL_B_SPLINE_SURFACE(((1.,0.804778161589687,1.),(1.,0.812317525076261,
1.),(1.,0.825890232013359,1.),(1.,0.81250669714372,1.),(1.,0.804771233831862,
1.)))
REPRESENTATION_ITEM('')
SURFACE()
);
#14=(
BOUNDED_SURFACE()
B_SPLINE_SURFACE(3,2,((#3617,#3618,#3619),(#3620,#3621,#3622),(#3623,#3624,
#3625),(#3626,#3627,#3628),(#3629,#3630,#3631)),.UNSPECIFIED.,.F.,.F.,.F.)
B_SPLINE_SURFACE_WITH_KNOTS((4,1,4),(3,3),(0.0203285324751813,0.0227886329536483,
0.0252487334321152),(0.,1.),.UNSPECIFIED.)
GEOMETRIC_REPRESENTATION_ITEM()
RATIONAL_B_SPLINE_SURFACE(((1.,0.804778161589688,1.),(1.,0.812317525075849,
1.),(1.,0.825890232013917,1.),(1.,0.812506697143016,1.),(1.,0.804771233831862,
1.)))
REPRESENTATION_ITEM('')
SURFACE()
);
#15=(
BOUNDED_SURFACE()
B_SPLINE_SURFACE(3,2,((#3636,#3637,#3638),(#3639,#3640,#3641),(#3642,#3643,
#3644),(#3645,#3646,#3647),(#3648,#3649,#3650)),.UNSPECIFIED.,.F.,.F.,.F.)
B_SPLINE_SURFACE_WITH_KNOTS((4,1,4),(3,3),(0.0203285324751813,0.0227886329536482,
0.0252487334321152),(0.,1.),.UNSPECIFIED.)
GEOMETRIC_REPRESENTATION_ITEM()
RATIONAL_B_SPLINE_SURFACE(((1.,0.804778161589688,1.),(1.,0.812317525075712,
1.),(1.,0.825890232013751,1.),(1.,0.812506697143486,1.),(1.,0.804771233831862,
1.)))
REPRESENTATION_ITEM('')
SURFACE()
);
#16=(
BOUNDED_SURFACE()
B_SPLINE_SURFACE(3,2,((#3655,#3656,#3657),(#3658,#3659,#3660),(#3661,#3662,
#3663),(#3664,#3665,#3666),(#3667,#3668,#3669)),.UNSPECIFIED.,.F.,.F.,.F.)
B_SPLINE_SURFACE_WITH_KNOTS((4,1,4),(3,3),(0.0203285324751813,0.0227886329536483,
0.0252487334321152),(0.,1.),.UNSPECIFIED.)
GEOMETRIC_REPRESENTATION_ITEM()
RATIONAL_B_SPLINE_SURFACE(((1.,0.804778161589687,1.),(1.,0.812317525076215,
1.),(1.,0.825890232013452,1.),(1.,0.812506697143579,1.),(1.,0.804771233831862,
1.)))
REPRESENTATION_ITEM('')
SURFACE()
);
#17=(
BOUNDED_SURFACE()
B_SPLINE_SURFACE(3,2,((#3674,#3675,#3676),(#3677,#3678,#3679),(#3680,#3681,
#3682),(#3683,#3684,#3685),(#3686,#3687,#3688)),.UNSPECIFIED.,.F.,.F.,.F.)
B_SPLINE_SURFACE_WITH_KNOTS((4,1,4),(3,3),(0.0202775131933415,0.0227378023079897,
0.0251980914226379),(0.,1.),.UNSPECIFIED.)
GEOMETRIC_REPRESENTATION_ITEM()
RATIONAL_B_SPLINE_SURFACE(((1.,0.804778143140353,1.),(1.,0.812318027027224,
1.),(1.,0.825890185590245,1.),(1.,0.81250635092621,1.),(1.,0.804771246609382,
1.)))
REPRESENTATION_ITEM('')
SURFACE()
);
#18=TOROIDAL_SURFACE('',#2370,0.00538445439793712,0.000515545602062883);
#19=CONICAL_SURFACE('',#2362,0.004,1.0471975511966);
#20=CONICAL_SURFACE('',#2363,0.004,1.0471975511966);
#21=CONICAL_SURFACE('',#2364,0.004,1.0471975511966);
#22=CONICAL_SURFACE('',#2365,0.004,1.0471975511966);
#23=CONICAL_SURFACE('',#2366,0.004,1.0471975511966);
#24=CONICAL_SURFACE('',#2367,0.004,1.0471975511966);
#25=CONICAL_SURFACE('',#2368,0.00556078137864558,1.22173047639603);
#26=CONICAL_SURFACE('',#2371,0.0025,0.785398163397448);
#27=CONICAL_SURFACE('',#2372,0.002067,0.785398163397448);
#28=CONICAL_SURFACE('',#2530,0.0025,0.523598775598299);
#29=CONICAL_SURFACE('',#2532,0.004,1.0471975511966);
#30=CONICAL_SURFACE('',#2533,0.004,1.0471975511966);
#31=CONICAL_SURFACE('',#2536,0.004,1.0471975511966);
#32=CONICAL_SURFACE('',#2537,0.004,1.0471975511966);
#33=CONICAL_SURFACE('',#2538,0.004,1.0471975511966);
#34=CONICAL_SURFACE('',#2539,0.004,1.0471975511966);
#35=CONICAL_SURFACE('',#2549,0.0025,0.523598775598299);
#36=CONICAL_SURFACE('',#2587,0.0022856406460551,0.261799387799151);
#37=CONICAL_SURFACE('',#2591,0.0025,0.26179938779915);
#38=B_SPLINE_CURVE_WITH_KNOTS('',3,(#3406,#3407,#3408,#3409,#3410),
 .UNSPECIFIED.,.F.,.F.,(4,1,4),(0.,0.00231909467195955,0.0046381893439191),
 .UNSPECIFIED.);
#39=B_SPLINE_CURVE_WITH_KNOTS('',3,(#3414,#3415,#3416,#3417),
 .UNSPECIFIED.,.F.,.F.,(4,4),(0.00412027501174685,0.00645656685864737),
 .UNSPECIFIED.);
#40=B_SPLINE_CURVE_WITH_KNOTS('',3,(#3419,#3420,#3421,#3422),
 .UNSPECIFIED.,.F.,.F.,(4,4),(0.00645656685864737,0.00879424677892588),
 .UNSPECIFIED.);
#41=B_SPLINE_CURVE_WITH_KNOTS('',3,(#3424,#3425,#3426,#3427,#3428),
 .UNSPECIFIED.,.F.,.F.,(4,1,4),(0.,0.00231905982041044,0.00463811964082088),
 .UNSPECIFIED.);
#42=B_SPLINE_CURVE_WITH_KNOTS('',3,(#3432,#3433,#3434,#3435),
 .UNSPECIFIED.,.F.,.F.,(4,4),(2.38073758158855E-7,0.00233697415164155),
 .UNSPECIFIED.);
#43=B_SPLINE_CURVE_WITH_KNOTS('',3,(#3437,#3438,#3439,#3440),
 .UNSPECIFIED.,.F.,.F.,(4,4),(0.00233697415164155,0.00466497761979134),
 .UNSPECIFIED.);
#44=B_SPLINE_CURVE_WITH_KNOTS('',3,(#3442,#3443,#3444,#3445,#3446),
 .UNSPECIFIED.,.F.,.F.,(4,1,4),(1.25419001855547E-19,0.00231905982041043,
0.00463811964082087),.UNSPECIFIED.);
#45=B_SPLINE_CURVE_WITH_KNOTS('',3,(#3450,#3451,#3452,#3453),
 .UNSPECIFIED.,.F.,.F.,(4,4),(2.38073758162091E-7,0.00233697415164155),
 .UNSPECIFIED.);
#46=B_SPLINE_CURVE_WITH_KNOTS('',3,(#3455,#3456,#3457,#3458),
 .UNSPECIFIED.,.F.,.F.,(4,4),(0.00233697415164155,0.00466497761979134),
 .UNSPECIFIED.);
#47=B_SPLINE_CURVE_WITH_KNOTS('',3,(#3460,#3461,#3462,#3463,#3464),
 .UNSPECIFIED.,.F.,.F.,(4,1,4),(0.,0.00231902502401494,0.00463805004802987),
 .UNSPECIFIED.);
#48=B_SPLINE_CURVE_WITH_KNOTS('',3,(#3468,#3469,#3470,#3471),
 .UNSPECIFIED.,.F.,.F.,(4,4),(0.00645656685864736,0.00879424677892587),
 .UNSPECIFIED.);
#49=B_SPLINE_CURVE_WITH_KNOTS('',3,(#3473,#3474,#3475,#3476),
 .UNSPECIFIED.,.F.,.F.,(4,4),(0.00412027501174684,0.00645656685864736),
 .UNSPECIFIED.);
#50=B_SPLINE_CURVE_WITH_KNOTS('',3,(#3478,#3479,#3480,#3481,#3482),
 .UNSPECIFIED.,.F.,.F.,(4,1,4),(0.,0.00231905982041044,0.00463811964082087),
 .UNSPECIFIED.);
#51=B_SPLINE_CURVE_WITH_KNOTS('',3,(#3486,#3487,#3488,#3489),
 .UNSPECIFIED.,.F.,.F.,(4,4),(2.38073758157681E-7,0.00233697415164155),
 .UNSPECIFIED.);
#52=B_SPLINE_CURVE_WITH_KNOTS('',3,(#3491,#3492,#3493,#3494),
 .UNSPECIFIED.,.F.,.F.,(4,4),(0.00233697415164155,0.00466497761979133),
 .UNSPECIFIED.);
#53=B_SPLINE_CURVE_WITH_KNOTS('',3,(#3496,#3497,#3498,#3499,#3500),
 .UNSPECIFIED.,.F.,.F.,(4,1,4),(2.1354874044604E-19,0.00231905982041044,
0.00463811964082087),.UNSPECIFIED.);
#54=B_SPLINE_CURVE_WITH_KNOTS('',3,(#3501,#3502,#3503,#3504),
 .UNSPECIFIED.,.F.,.F.,(4,4),(2.38073758162091E-7,0.00233697415164155),
 .UNSPECIFIED.);
#55=B_SPLINE_CURVE_WITH_KNOTS('',3,(#3506,#3507,#3508,#3509),
 .UNSPECIFIED.,.F.,.F.,(4,4),(0.00233697415164155,0.00466497761979134),
 .UNSPECIFIED.);
#56=B_SPLINE_CURVE_WITH_KNOTS('',3,(#3536,#3537,#3538,#3539,#3540),
 .UNSPECIFIED.,.F.,.F.,(4,1,4),(0.,0.00244009608438958,0.00488019216877915),
 .UNSPECIFIED.);
#57=B_SPLINE_CURVE_WITH_KNOTS('',3,(#3543,#3544,#3545,#3546,#3547),
 .UNSPECIFIED.,.F.,.F.,(4,1,4),(0.,0.00244007056102928,0.00488014112205856),
 .UNSPECIFIED.);
#58=B_SPLINE_CURVE_WITH_KNOTS('',3,(#3549,#3550,#3551,#3552,#3553),
 .UNSPECIFIED.,.F.,.F.,(4,1,4),(0.,0.00244009608438957,0.00488019216877915),
 .UNSPECIFIED.);
#59=B_SPLINE_CURVE_WITH_KNOTS('',3,(#3555,#3556,#3557,#3558,#3559),
 .UNSPECIFIED.,.F.,.F.,(4,1,4),(9.42392730211182E-20,0.00244009608438957,
0.00488019216877914),.UNSPECIFIED.);
#60=B_SPLINE_CURVE_WITH_KNOTS('',3,(#3561,#3562,#3563,#3564,#3565),
 .UNSPECIFIED.,.F.,.F.,(4,1,4),(0.,0.00244012161891766,0.00488024323783533),
 .UNSPECIFIED.);
#61=B_SPLINE_CURVE_WITH_KNOTS('',3,(#3567,#3568,#3569,#3570,#3571),
 .UNSPECIFIED.,.F.,.F.,(4,1,4),(0.,0.00244009608438957,0.00488019216877914),
 .UNSPECIFIED.);
#62=B_SPLINE_CURVE_WITH_KNOTS('',3,(#3590,#3591,#3592,#3593),
 .UNSPECIFIED.,.F.,.F.,(4,4),(0.,0.00041902348817094),.UNSPECIFIED.);
#63=B_SPLINE_CURVE_WITH_KNOTS('',3,(#3594,#3595,#3596,#3597),
 .UNSPECIFIED.,.F.,.F.,(4,4),(0.,0.00041902348817094),.UNSPECIFIED.);
#64=B_SPLINE_CURVE_WITH_KNOTS('',3,(#3613,#3614,#3615,#3616),
 .UNSPECIFIED.,.F.,.F.,(4,4),(0.,0.000419023488170938),.UNSPECIFIED.);
#65=B_SPLINE_CURVE_WITH_KNOTS('',3,(#3632,#3633,#3634,#3635),
 .UNSPECIFIED.,.F.,.F.,(4,4),(0.,0.000419023488170938),.UNSPECIFIED.);
#66=B_SPLINE_CURVE_WITH_KNOTS('',3,(#3651,#3652,#3653,#3654),
 .UNSPECIFIED.,.F.,.F.,(4,4),(0.,0.000419023488170943),.UNSPECIFIED.);
#67=B_SPLINE_CURVE_WITH_KNOTS('',3,(#3670,#3671,#3672,#3673),
 .UNSPECIFIED.,.F.,.F.,(4,4),(0.,0.000419023488170942),.UNSPECIFIED.);
#68=B_SPLINE_CURVE_WITH_KNOTS('',3,(#3926,#3927,#3928,#3929),
 .UNSPECIFIED.,.F.,.F.,(4,4),(2.38073758160449E-7,0.00233697415164155),
 .UNSPECIFIED.);
#69=B_SPLINE_CURVE_WITH_KNOTS('',3,(#3931,#3932,#3933,#3934),
 .UNSPECIFIED.,.F.,.F.,(4,4),(0.00233697415164155,0.00466497761979134),
 .UNSPECIFIED.);
#70=B_SPLINE_CURVE_WITH_KNOTS('',3,(#3936,#3937,#3938,#3939),
 .UNSPECIFIED.,.F.,.F.,(4,4),(0.00412027501174684,0.00645656685864736),
 .UNSPECIFIED.);
#71=B_SPLINE_CURVE_WITH_KNOTS('',3,(#3941,#3942,#3943,#3944),
 .UNSPECIFIED.,.F.,.F.,(4,4),(2.38073758160919E-7,0.00233697415164155),
 .UNSPECIFIED.);
#72=B_SPLINE_CURVE_WITH_KNOTS('',3,(#3949,#3950,#3951,#3952),
 .UNSPECIFIED.,.F.,.F.,(4,4),(0.00233697415164155,0.00466497761979134),
 .UNSPECIFIED.);
#73=B_SPLINE_CURVE_WITH_KNOTS('',3,(#3954,#3955,#3956,#3957),
 .UNSPECIFIED.,.F.,.F.,(4,4),(0.00645656685864736,0.00879424677892587),
 .UNSPECIFIED.);
#74=B_SPLINE_CURVE_WITH_KNOTS('',3,(#3959,#3960,#3961,#3962),
 .UNSPECIFIED.,.F.,.F.,(4,4),(0.00233697415164155,0.00466497761979134),
 .UNSPECIFIED.);
#75=B_SPLINE_CURVE_WITH_KNOTS('',3,(#3964,#3965,#3966,#3967),
 .UNSPECIFIED.,.F.,.F.,(4,4),(2.38073758164397E-7,0.00233697415164155),
 .UNSPECIFIED.);
#76=B_SPLINE_CURVE_WITH_KNOTS('',3,(#3969,#3970,#3971,#3972),
 .UNSPECIFIED.,.F.,.F.,(4,4),(0.00645656685864737,0.00879424677892588),
 .UNSPECIFIED.);
#77=B_SPLINE_CURVE_WITH_KNOTS('',3,(#3974,#3975,#3976,#3977),
 .UNSPECIFIED.,.F.,.F.,(4,4),(2.38073758160919E-7,0.00233697415164155),
 .UNSPECIFIED.);
#78=B_SPLINE_CURVE_WITH_KNOTS('',3,(#3979,#3980,#3981,#3982),
 .UNSPECIFIED.,.F.,.F.,(4,4),(0.00233697415164155,0.00466497761979134),
 .UNSPECIFIED.);
#79=B_SPLINE_CURVE_WITH_KNOTS('',3,(#3984,#3985,#3986,#3987),
 .UNSPECIFIED.,.F.,.F.,(4,4),(0.00412027501174684,0.00645656685864737),
 .UNSPECIFIED.);
#80=CONTEXT_DEPENDENT_SHAPE_REPRESENTATION(#162,#4119);
#81=CONTEXT_DEPENDENT_SHAPE_REPRESENTATION(#163,#4121);
#82=CONTEXT_DEPENDENT_SHAPE_REPRESENTATION(#164,#4122);
#83=CONTEXT_DEPENDENT_SHAPE_REPRESENTATION(#165,#4123);
#84=CONTEXT_DEPENDENT_SHAPE_REPRESENTATION(#166,#4124);
#85=CONTEXT_DEPENDENT_SHAPE_REPRESENTATION(#167,#4125);
#86=CONTEXT_DEPENDENT_SHAPE_REPRESENTATION(#168,#4127);
#87=CONTEXT_DEPENDENT_SHAPE_REPRESENTATION(#169,#4128);
#88=CONTEXT_DEPENDENT_SHAPE_REPRESENTATION(#170,#4129);
#89=CONTEXT_DEPENDENT_SHAPE_REPRESENTATION(#171,#4130);
#90=CONTEXT_DEPENDENT_SHAPE_REPRESENTATION(#172,#4132);
#91=CONTEXT_DEPENDENT_SHAPE_REPRESENTATION(#173,#4134);
#92=CONTEXT_DEPENDENT_SHAPE_REPRESENTATION(#174,#4135);
#93=CONTEXT_DEPENDENT_SHAPE_REPRESENTATION(#175,#4136);
#94=CONTEXT_DEPENDENT_SHAPE_REPRESENTATION(#176,#4137);
#95=CONTEXT_DEPENDENT_SHAPE_REPRESENTATION(#177,#4138);
#96=CONTEXT_DEPENDENT_SHAPE_REPRESENTATION(#178,#4139);
#97=CONTEXT_DEPENDENT_SHAPE_REPRESENTATION(#179,#4140);
#98=CONTEXT_DEPENDENT_SHAPE_REPRESENTATION(#180,#4141);
#99=CONTEXT_DEPENDENT_SHAPE_REPRESENTATION(#181,#4142);
#100=CONTEXT_DEPENDENT_SHAPE_REPRESENTATION(#182,#4145);
#101=CONTEXT_DEPENDENT_SHAPE_REPRESENTATION(#183,#4146);
#102=CONTEXT_DEPENDENT_SHAPE_REPRESENTATION(#184,#4148);
#103=CONTEXT_DEPENDENT_SHAPE_REPRESENTATION(#185,#4149);
#104=CONTEXT_DEPENDENT_SHAPE_REPRESENTATION(#186,#4150);
#105=CONTEXT_DEPENDENT_SHAPE_REPRESENTATION(#187,#4151);
#106=CONTEXT_DEPENDENT_SHAPE_REPRESENTATION(#188,#4152);
#107=CONTEXT_DEPENDENT_SHAPE_REPRESENTATION(#189,#4153);
#108=CONTEXT_DEPENDENT_SHAPE_REPRESENTATION(#190,#4154);
#109=CONTEXT_DEPENDENT_SHAPE_REPRESENTATION(#191,#4156);
#110=CONTEXT_DEPENDENT_SHAPE_REPRESENTATION(#192,#4157);
#111=CONTEXT_DEPENDENT_SHAPE_REPRESENTATION(#193,#4158);
#112=CONTEXT_DEPENDENT_SHAPE_REPRESENTATION(#194,#4160);
#113=CONTEXT_DEPENDENT_SHAPE_REPRESENTATION(#195,#4161);
#114=CONTEXT_DEPENDENT_SHAPE_REPRESENTATION(#196,#4162);
#115=CONTEXT_DEPENDENT_SHAPE_REPRESENTATION(#197,#4163);
#116=CONTEXT_DEPENDENT_SHAPE_REPRESENTATION(#198,#4164);
#117=CONTEXT_DEPENDENT_SHAPE_REPRESENTATION(#199,#4166);
#118=CONTEXT_DEPENDENT_SHAPE_REPRESENTATION(#200,#4168);
#119=CONTEXT_DEPENDENT_SHAPE_REPRESENTATION(#201,#4169);
#120=CONTEXT_DEPENDENT_SHAPE_REPRESENTATION(#202,#4170);
#121=NEXT_ASSEMBLY_USAGE_OCCURRENCE('NAUO1','17_Display_Stand',
'17_Display_Stand',#4171,#4172,'');
#122=NEXT_ASSEMBLY_USAGE_OCCURRENCE('NAUO2','Hex flange nut M5x0.80',
'Hex flange nut M5x0.80',#4171,#4173,'');
#123=NEXT_ASSEMBLY_USAGE_OCCURRENCE('NAUO3','Hex flange nut M5x0.80',
'Hex flange nut M5x0.80',#4171,#4173,'');
#124=NEXT_ASSEMBLY_USAGE_OCCURRENCE('NAUO4','Hex flange nut M5x0.80',
'Hex flange nut M5x0.80',#4171,#4173,'');
#125=NEXT_ASSEMBLY_USAGE_OCCURRENCE('NAUO5','Hex flange nut M5x0.80',
'Hex flange nut M5x0.80',#4171,#4173,'');
#126=NEXT_ASSEMBLY_USAGE_OCCURRENCE('NAUO6','Hex flange nut M5x0.80',
'Hex flange nut M5x0.80',#4171,#4173,'');
#127=NEXT_ASSEMBLY_USAGE_OCCURRENCE('NAUO7',
'04_outer_chamber_connection','04_outer_chamber_connection',#4171,#4174,
'');
#128=NEXT_ASSEMBLY_USAGE_OCCURRENCE('NAUO8','Hex flange nut M5x0.80',
'Hex flange nut M5x0.80',#4171,#4173,'');
#129=NEXT_ASSEMBLY_USAGE_OCCURRENCE('NAUO9',
'04_outer_chamber_connection','04_outer_chamber_connection',#4171,#4174,
'');
#130=NEXT_ASSEMBLY_USAGE_OCCURRENCE('NAUO10','Hex flange nut M5x0.80',
'Hex flange nut M5x0.80',#4171,#4173,'');
#131=NEXT_ASSEMBLY_USAGE_OCCURRENCE('NAUO11','03_Bottom_Cap',
'03_Bottom_Cap',#4171,#4175,'');
#132=NEXT_ASSEMBLY_USAGE_OCCURRENCE('NAUO12','02_Top_Cap','02_Top_Cap',
#4171,#4176,'');
#133=NEXT_ASSEMBLY_USAGE_OCCURRENCE('NAUO13','Hex flange nut M5x0.80',
'Hex flange nut M5x0.80',#4171,#4173,'');
#134=NEXT_ASSEMBLY_USAGE_OCCURRENCE('NAUO14','Hex flange nut M5x0.80',
'Hex flange nut M5x0.80',#4171,#4173,'');
#135=NEXT_ASSEMBLY_USAGE_OCCURRENCE('NAUO15',
'04_outer_chamber_connection','04_outer_chamber_connection',#4171,#4174,
'');
#136=NEXT_ASSEMBLY_USAGE_OCCURRENCE('NAUO16','Hex flange nut M5x0.80',
'Hex flange nut M5x0.80',#4171,#4173,'');
#137=NEXT_ASSEMBLY_USAGE_OCCURRENCE('NAUO17',
'04_outer_chamber_connection','04_outer_chamber_connection',#4171,#4174,
'');
#138=NEXT_ASSEMBLY_USAGE_OCCURRENCE('NAUO18',
'04_outer_chamber_connection','04_outer_chamber_connection',#4171,#4174,
'');
#139=NEXT_ASSEMBLY_USAGE_OCCURRENCE('NAUO19',
'04_outer_chamber_connection','04_outer_chamber_connection',#4171,#4174,
'');
#140=NEXT_ASSEMBLY_USAGE_OCCURRENCE('NAUO20','Hex flange nut M5x0.80',
'Hex flange nut M5x0.80',#4171,#4173,'');
#141=NEXT_ASSEMBLY_USAGE_OCCURRENCE('NAUO21','08_Internal_Rod_Negative',
'08_Internal_Rod_Negative',#4177,#4178,'');
#142=NEXT_ASSEMBLY_USAGE_OCCURRENCE('NAUO22','Hex flange nut M5x0.80',
'Hex flange nut M5x0.80',#4177,#4173,'');
#143=NEXT_ASSEMBLY_USAGE_OCCURRENCE('NAUO23','06_Electrode_Disk',
'06_Electrode_Disk',#4177,#4179,'');
#144=NEXT_ASSEMBLY_USAGE_OCCURRENCE('NAUO24','06_Electrode_Disk',
'06_Electrode_Disk',#4177,#4179,'');
#145=NEXT_ASSEMBLY_USAGE_OCCURRENCE('NAUO25','06_Electrode_Disk',
'06_Electrode_Disk',#4177,#4179,'');
#146=NEXT_ASSEMBLY_USAGE_OCCURRENCE('NAUO26','06_Electrode_Disk',
'06_Electrode_Disk',#4177,#4179,'');
#147=NEXT_ASSEMBLY_USAGE_OCCURRENCE('NAUO27','06_Electrode_Disk',
'06_Electrode_Disk',#4177,#4179,'');
#148=NEXT_ASSEMBLY_USAGE_OCCURRENCE('NAUO28','06_Electrode_Disk',
'06_Electrode_Disk',#4177,#4179,'');
#149=NEXT_ASSEMBLY_USAGE_OCCURRENCE('NAUO29','06_Electrode_Disk',
'06_Electrode_Disk',#4177,#4179,'');
#150=NEXT_ASSEMBLY_USAGE_OCCURRENCE('NAUO30',
'Hex nut style 1 grade A & B M5x0.8',
'Hex nut style 1 grade A & B M5x0.8',#4177,#4180,'');
#151=NEXT_ASSEMBLY_USAGE_OCCURRENCE('NAUO31','Hex flange nut M5x0.80',
'Hex flange nut M5x0.80',#4177,#4173,'');
#152=NEXT_ASSEMBLY_USAGE_OCCURRENCE('NAUO32',
'Hex nut style 1 grade A & B M5x0.8',
'Hex nut style 1 grade A & B M5x0.8',#4177,#4180,'');
#153=NEXT_ASSEMBLY_USAGE_OCCURRENCE('NAUO33','07_Internal_Rod_Positive',
'07_Internal_Rod_Positive',#4177,#4181,'');
#154=NEXT_ASSEMBLY_USAGE_OCCURRENCE('NAUO34','06_Electrode_Disk',
'06_Electrode_Disk',#4177,#4179,'');
#155=NEXT_ASSEMBLY_USAGE_OCCURRENCE('NAUO35','06_Electrode_Disk',
'06_Electrode_Disk',#4177,#4179,'');
#156=NEXT_ASSEMBLY_USAGE_OCCURRENCE('NAUO36','06_Electrode_Disk',
'06_Electrode_Disk',#4177,#4179,'');
#157=NEXT_ASSEMBLY_USAGE_OCCURRENCE('NAUO37',
'SA01_Electrode_Cartridge <1>','SA01_Electrode_Cartridge <1>',#4171,#4177,
'');
#158=NEXT_ASSEMBLY_USAGE_OCCURRENCE('NAUO38','01_Acrylic_Tube',
'01_Acrylic_Tube',#4171,#4182,'');
#159=NEXT_ASSEMBLY_USAGE_OCCURRENCE('NAUO39','Parallel pin 5 x 12',
'Parallel pin 5 x 12',#4171,#4183,'');
#160=NEXT_ASSEMBLY_USAGE_OCCURRENCE('NAUO40','Parallel pin 5 x 12',
'Parallel pin 5 x 12',#4171,#4183,'');
#161=NEXT_ASSEMBLY_USAGE_OCCURRENCE('NAUO41','Hex flange nut M5x0.80',
'Hex flange nut M5x0.80',#4171,#4173,'');
#162=(
REPRESENTATION_RELATIONSHIP(' ',' ',#2289,#2288)
REPRESENTATION_RELATIONSHIP_WITH_TRANSFORMATION(#203)
SHAPE_REPRESENTATION_RELATIONSHIP()
);
#163=(
REPRESENTATION_RELATIONSHIP(' ',' ',#2290,#2288)
REPRESENTATION_RELATIONSHIP_WITH_TRANSFORMATION(#204)
SHAPE_REPRESENTATION_RELATIONSHIP()
);
#164=(
REPRESENTATION_RELATIONSHIP(' ',' ',#2290,#2288)
REPRESENTATION_RELATIONSHIP_WITH_TRANSFORMATION(#205)
SHAPE_REPRESENTATION_RELATIONSHIP()
);
#165=(
REPRESENTATION_RELATIONSHIP(' ',' ',#2290,#2288)
REPRESENTATION_RELATIONSHIP_WITH_TRANSFORMATION(#206)
SHAPE_REPRESENTATION_RELATIONSHIP()
);
#166=(
REPRESENTATION_RELATIONSHIP(' ',' ',#2290,#2288)
REPRESENTATION_RELATIONSHIP_WITH_TRANSFORMATION(#207)
SHAPE_REPRESENTATION_RELATIONSHIP()
);
#167=(
REPRESENTATION_RELATIONSHIP(' ',' ',#2290,#2288)
REPRESENTATION_RELATIONSHIP_WITH_TRANSFORMATION(#208)
SHAPE_REPRESENTATION_RELATIONSHIP()
);
#168=(
REPRESENTATION_RELATIONSHIP(' ',' ',#2291,#2288)
REPRESENTATION_RELATIONSHIP_WITH_TRANSFORMATION(#209)
SHAPE_REPRESENTATION_RELATIONSHIP()
);
#169=(
REPRESENTATION_RELATIONSHIP(' ',' ',#2290,#2288)
REPRESENTATION_RELATIONSHIP_WITH_TRANSFORMATION(#210)
SHAPE_REPRESENTATION_RELATIONSHIP()
);
#170=(
REPRESENTATION_RELATIONSHIP(' ',' ',#2291,#2288)
REPRESENTATION_RELATIONSHIP_WITH_TRANSFORMATION(#211)
SHAPE_REPRESENTATION_RELATIONSHIP()
);
#171=(
REPRESENTATION_RELATIONSHIP(' ',' ',#2290,#2288)
REPRESENTATION_RELATIONSHIP_WITH_TRANSFORMATION(#212)
SHAPE_REPRESENTATION_RELATIONSHIP()
);
#172=(
REPRESENTATION_RELATIONSHIP(' ',' ',#2292,#2288)
REPRESENTATION_RELATIONSHIP_WITH_TRANSFORMATION(#213)
SHAPE_REPRESENTATION_RELATIONSHIP()
);
#173=(
REPRESENTATION_RELATIONSHIP(' ',' ',#2293,#2288)
REPRESENTATION_RELATIONSHIP_WITH_TRANSFORMATION(#214)
SHAPE_REPRESENTATION_RELATIONSHIP()
);
#174=(
REPRESENTATION_RELATIONSHIP(' ',' ',#2290,#2288)
REPRESENTATION_RELATIONSHIP_WITH_TRANSFORMATION(#215)
SHAPE_REPRESENTATION_RELATIONSHIP()
);
#175=(
REPRESENTATION_RELATIONSHIP(' ',' ',#2290,#2288)
REPRESENTATION_RELATIONSHIP_WITH_TRANSFORMATION(#216)
SHAPE_REPRESENTATION_RELATIONSHIP()
);
#176=(
REPRESENTATION_RELATIONSHIP(' ',' ',#2291,#2288)
REPRESENTATION_RELATIONSHIP_WITH_TRANSFORMATION(#217)
SHAPE_REPRESENTATION_RELATIONSHIP()
);
#177=(
REPRESENTATION_RELATIONSHIP(' ',' ',#2290,#2288)
REPRESENTATION_RELATIONSHIP_WITH_TRANSFORMATION(#218)
SHAPE_REPRESENTATION_RELATIONSHIP()
);
#178=(
REPRESENTATION_RELATIONSHIP(' ',' ',#2291,#2288)
REPRESENTATION_RELATIONSHIP_WITH_TRANSFORMATION(#219)
SHAPE_REPRESENTATION_RELATIONSHIP()
);
#179=(
REPRESENTATION_RELATIONSHIP(' ',' ',#2291,#2288)
REPRESENTATION_RELATIONSHIP_WITH_TRANSFORMATION(#220)
SHAPE_REPRESENTATION_RELATIONSHIP()
);
#180=(
REPRESENTATION_RELATIONSHIP(' ',' ',#2291,#2288)
REPRESENTATION_RELATIONSHIP_WITH_TRANSFORMATION(#221)
SHAPE_REPRESENTATION_RELATIONSHIP()
);
#181=(
REPRESENTATION_RELATIONSHIP(' ',' ',#2290,#2288)
REPRESENTATION_RELATIONSHIP_WITH_TRANSFORMATION(#222)
SHAPE_REPRESENTATION_RELATIONSHIP()
);
#182=(
REPRESENTATION_RELATIONSHIP(' ',' ',#2295,#2294)
REPRESENTATION_RELATIONSHIP_WITH_TRANSFORMATION(#223)
SHAPE_REPRESENTATION_RELATIONSHIP()
);
#183=(
REPRESENTATION_RELATIONSHIP(' ',' ',#2290,#2294)
REPRESENTATION_RELATIONSHIP_WITH_TRANSFORMATION(#224)
SHAPE_REPRESENTATION_RELATIONSHIP()
);
#184=(
REPRESENTATION_RELATIONSHIP(' ',' ',#2296,#2294)
REPRESENTATION_RELATIONSHIP_WITH_TRANSFORMATION(#225)
SHAPE_REPRESENTATION_RELATIONSHIP()
);
#185=(
REPRESENTATION_RELATIONSHIP(' ',' ',#2296,#2294)
REPRESENTATION_RELATIONSHIP_WITH_TRANSFORMATION(#226)
SHAPE_REPRESENTATION_RELATIONSHIP()
);
#186=(
REPRESENTATION_RELATIONSHIP(' ',' ',#2296,#2294)
REPRESENTATION_RELATIONSHIP_WITH_TRANSFORMATION(#227)
SHAPE_REPRESENTATION_RELATIONSHIP()
);
#187=(
REPRESENTATION_RELATIONSHIP(' ',' ',#2296,#2294)
REPRESENTATION_RELATIONSHIP_WITH_TRANSFORMATION(#228)
SHAPE_REPRESENTATION_RELATIONSHIP()
);
#188=(
REPRESENTATION_RELATIONSHIP(' ',' ',#2296,#2294)
REPRESENTATION_RELATIONSHIP_WITH_TRANSFORMATION(#229)
SHAPE_REPRESENTATION_RELATIONSHIP()
);
#189=(
REPRESENTATION_RELATIONSHIP(' ',' ',#2296,#2294)
REPRESENTATION_RELATIONSHIP_WITH_TRANSFORMATION(#230)
SHAPE_REPRESENTATION_RELATIONSHIP()
);
#190=(
REPRESENTATION_RELATIONSHIP(' ',' ',#2296,#2294)
REPRESENTATION_RELATIONSHIP_WITH_TRANSFORMATION(#231)
SHAPE_REPRESENTATION_RELATIONSHIP()
);
#191=(
REPRESENTATION_RELATIONSHIP(' ',' ',#2297,#2294)
REPRESENTATION_RELATIONSHIP_WITH_TRANSFORMATION(#232)
SHAPE_REPRESENTATION_RELATIONSHIP()
);
#192=(
REPRESENTATION_RELATIONSHIP(' ',' ',#2290,#2294)
REPRESENTATION_RELATIONSHIP_WITH_TRANSFORMATION(#233)
SHAPE_REPRESENTATION_RELATIONSHIP()
);
#193=(
REPRESENTATION_RELATIONSHIP(' ',' ',#2297,#2294)
REPRESENTATION_RELATIONSHIP_WITH_TRANSFORMATION(#234)
SHAPE_REPRESENTATION_RELATIONSHIP()
);
#194=(
REPRESENTATION_RELATIONSHIP(' ',' ',#2298,#2294)
REPRESENTATION_RELATIONSHIP_WITH_TRANSFORMATION(#235)
SHAPE_REPRESENTATION_RELATIONSHIP()
);
#195=(
REPRESENTATION_RELATIONSHIP(' ',' ',#2296,#2294)
REPRESENTATION_RELATIONSHIP_WITH_TRANSFORMATION(#236)
SHAPE_REPRESENTATION_RELATIONSHIP()
);
#196=(
REPRESENTATION_RELATIONSHIP(' ',' ',#2296,#2294)
REPRESENTATION_RELATIONSHIP_WITH_TRANSFORMATION(#237)
SHAPE_REPRESENTATION_RELATIONSHIP()
);
#197=(
REPRESENTATION_RELATIONSHIP(' ',' ',#2296,#2294)
REPRESENTATION_RELATIONSHIP_WITH_TRANSFORMATION(#238)
SHAPE_REPRESENTATION_RELATIONSHIP()
);
#198=(
REPRESENTATION_RELATIONSHIP(' ',' ',#2294,#2288)
REPRESENTATION_RELATIONSHIP_WITH_TRANSFORMATION(#239)
SHAPE_REPRESENTATION_RELATIONSHIP()
);
#199=(
REPRESENTATION_RELATIONSHIP(' ',' ',#2299,#2288)
REPRESENTATION_RELATIONSHIP_WITH_TRANSFORMATION(#240)
SHAPE_REPRESENTATION_RELATIONSHIP()
);
#200=(
REPRESENTATION_RELATIONSHIP(' ',' ',#2300,#2288)
REPRESENTATION_RELATIONSHIP_WITH_TRANSFORMATION(#241)
SHAPE_REPRESENTATION_RELATIONSHIP()
);
#201=(
REPRESENTATION_RELATIONSHIP(' ',' ',#2300,#2288)
REPRESENTATION_RELATIONSHIP_WITH_TRANSFORMATION(#242)
SHAPE_REPRESENTATION_RELATIONSHIP()
);
#202=(
REPRESENTATION_RELATIONSHIP(' ',' ',#2290,#2288)
REPRESENTATION_RELATIONSHIP_WITH_TRANSFORMATION(#243)
SHAPE_REPRESENTATION_RELATIONSHIP()
);
#203=ITEM_DEFINED_TRANSFORMATION(' ',' ',#2301,#2341);
#204=ITEM_DEFINED_TRANSFORMATION(' ',' ',#2301,#2373);
#205=ITEM_DEFINED_TRANSFORMATION(' ',' ',#2301,#2374);
#206=ITEM_DEFINED_TRANSFORMATION(' ',' ',#2301,#2375);
#207=ITEM_DEFINED_TRANSFORMATION(' ',' ',#2301,#2376);
#208=ITEM_DEFINED_TRANSFORMATION(' ',' ',#2301,#2377);
#209=ITEM_DEFINED_TRANSFORMATION(' ',' ',#2301,#2383);
#210=ITEM_DEFINED_TRANSFORMATION(' ',' ',#2301,#2384);
#211=ITEM_DEFINED_TRANSFORMATION(' ',' ',#2301,#2385);
#212=ITEM_DEFINED_TRANSFORMATION(' ',' ',#2301,#2386);
#213=ITEM_DEFINED_TRANSFORMATION(' ',' ',#2301,#2440);
#214=ITEM_DEFINED_TRANSFORMATION(' ',' ',#2301,#2488);
#215=ITEM_DEFINED_TRANSFORMATION(' ',' ',#2301,#2489);
#216=ITEM_DEFINED_TRANSFORMATION(' ',' ',#2301,#2490);
#217=ITEM_DEFINED_TRANSFORMATION(' ',' ',#2301,#2491);
#218=ITEM_DEFINED_TRANSFORMATION(' ',' ',#2301,#2492);
#219=ITEM_DEFINED_TRANSFORMATION(' ',' ',#2301,#2493);
#220=ITEM_DEFINED_TRANSFORMATION(' ',' ',#2301,#2494);
#221=ITEM_DEFINED_TRANSFORMATION(' ',' ',#2301,#2495);
#222=ITEM_DEFINED_TRANSFORMATION(' ',' ',#2301,#2496);
#223=ITEM_DEFINED_TRANSFORMATION(' ',' ',#2301,#2502);
#224=ITEM_DEFINED_TRANSFORMATION(' ',' ',#2301,#2503);
#225=ITEM_DEFINED_TRANSFORMATION(' ',' ',#2301,#2515);
#226=ITEM_DEFINED_TRANSFORMATION(' ',' ',#2301,#2516);
#227=ITEM_DEFINED_TRANSFORMATION(' ',' ',#2301,#2517);
#228=ITEM_DEFINED_TRANSFORMATION(' ',' ',#2301,#2518);
#229=ITEM_DEFINED_TRANSFORMATION(' ',' ',#2301,#2519);
#230=ITEM_DEFINED_TRANSFORMATION(' ',' ',#2301,#2520);
#231=ITEM_DEFINED_TRANSFORMATION(' ',' ',#2301,#2521);
#232=ITEM_DEFINED_TRANSFORMATION(' ',' ',#2301,#2563);
#233=ITEM_DEFINED_TRANSFORMATION(' ',' ',#2301,#2564);
#234=ITEM_DEFINED_TRANSFORMATION(' ',' ',#2301,#2565);
#235=ITEM_DEFINED_TRANSFORMATION(' ',' ',#2301,#2571);
#236=ITEM_DEFINED_TRANSFORMATION(' ',' ',#2301,#2572);
#237=ITEM_DEFINED_TRANSFORMATION(' ',' ',#2301,#2573);
#238=ITEM_DEFINED_TRANSFORMATION(' ',' ',#2301,#2574);
#239=ITEM_DEFINED_TRANSFORMATION(' ',' ',#2301,#2575);
#240=ITEM_DEFINED_TRANSFORMATION(' ',' ',#2301,#2584);
#241=ITEM_DEFINED_TRANSFORMATION(' ',' ',#2301,#2594);
#242=ITEM_DEFINED_TRANSFORMATION(' ',' ',#2301,#2595);
#243=ITEM_DEFINED_TRANSFORMATION(' ',' ',#2301,#2596);
#244=SHAPE_REPRESENTATION_RELATIONSHIP('','',#2289,#255);
#245=SHAPE_REPRESENTATION_RELATIONSHIP('','',#2290,#256);
#246=SHAPE_REPRESENTATION_RELATIONSHIP('','',#2291,#257);
#247=SHAPE_REPRESENTATION_RELATIONSHIP('','',#2292,#258);
#248=SHAPE_REPRESENTATION_RELATIONSHIP('','',#2293,#259);
#249=SHAPE_REPRESENTATION_RELATIONSHIP('','',#2295,#260);
#250=SHAPE_REPRESENTATION_RELATIONSHIP('','',#2296,#261);
#251=SHAPE_REPRESENTATION_RELATIONSHIP('','',#2297,#262);
#252=SHAPE_REPRESENTATION_RELATIONSHIP('','',#2298,#263);
#253=SHAPE_REPRESENTATION_RELATIONSHIP('','',#2299,#264);
#254=SHAPE_REPRESENTATION_RELATIONSHIP('','',#2300,#265);
#255=ADVANCED_BREP_SHAPE_REPRESENTATION('',(#2264),#4089);
#256=ADVANCED_BREP_SHAPE_REPRESENTATION('',(#2265),#4090);
#257=ADVANCED_BREP_SHAPE_REPRESENTATION('',(#2266),#4091);
#258=ADVANCED_BREP_SHAPE_REPRESENTATION('',(#2267),#4092);
#259=ADVANCED_BREP_SHAPE_REPRESENTATION('',(#2268),#4093);
#260=ADVANCED_BREP_SHAPE_REPRESENTATION('',(#2269),#4095);
#261=ADVANCED_BREP_SHAPE_REPRESENTATION('',(#2270),#4096);
#262=ADVANCED_BREP_SHAPE_REPRESENTATION('',(#2271),#4097);
#263=ADVANCED_BREP_SHAPE_REPRESENTATION('',(#2272),#4098);
#264=ADVANCED_BREP_SHAPE_REPRESENTATION('',(#2273),#4099);
#265=ADVANCED_BREP_SHAPE_REPRESENTATION('',(#2274),#4100);
#266=CIRCLE('',#2309,0.053);
#267=CIRCLE('',#2310,0.053);
#268=CIRCLE('',#2312,0.046);
#269=CIRCLE('',#2313,0.046);
#270=CIRCLE('',#2316,0.053);
#271=CIRCLE('',#2317,0.053);
#272=CIRCLE('',#2320,0.004);
#273=CIRCLE('',#2321,0.004);
#274=CIRCLE('',#2323,0.004);
#275=CIRCLE('',#2324,0.004);
#276=CIRCLE('',#2326,0.004);
#277=CIRCLE('',#2329,0.004);
#278=CIRCLE('',#2332,0.004);
#279=CIRCLE('',#2334,0.004);
#280=CIRCLE('',#2349,0.0025);
#281=CIRCLE('',#2350,0.004);
#282=CIRCLE('',#2351,0.004);
#283=CIRCLE('',#2352,0.004);
#284=CIRCLE('',#2353,0.004);
#285=CIRCLE('',#2354,0.004);
#286=CIRCLE('',#2355,0.004);
#287=CIRCLE('',#2357,0.002067);
#288=CIRCLE('',#2358,0.002067);
#289=CIRCLE('',#2360,0.0025);
#290=CIRCLE('',#2361,0.00538445439793712);
#291=CIRCLE('',#2369,0.00556078137864558);
#292=CIRCLE('',#2379,0.002);
#293=CIRCLE('',#2380,0.002);
#294=CIRCLE('',#2388,0.045);
#295=CIRCLE('',#2389,0.045);
#296=CIRCLE('',#2391,0.005);
#297=CIRCLE('',#2392,0.005);
#298=CIRCLE('',#2393,0.00225);
#299=CIRCLE('',#2394,0.00225);
#300=CIRCLE('',#2395,0.00225);
#301=CIRCLE('',#2396,0.00225);
#302=CIRCLE('',#2397,0.00225);
#303=CIRCLE('',#2398,0.00225);
#304=CIRCLE('',#2400,0.00225);
#305=CIRCLE('',#2401,0.00225);
#306=CIRCLE('',#2402,0.00225);
#307=CIRCLE('',#2403,0.00225);
#308=CIRCLE('',#2404,0.00225);
#309=CIRCLE('',#2405,0.00225);
#310=CIRCLE('',#2406,0.035);
#311=CIRCLE('',#2408,0.033);
#312=CIRCLE('',#2409,0.033);
#313=CIRCLE('',#2411,0.035);
#314=CIRCLE('',#2414,0.003);
#315=CIRCLE('',#2415,0.003);
#316=CIRCLE('',#2423,0.003);
#317=CIRCLE('',#2425,0.003);
#318=CIRCLE('',#2427,0.0029);
#319=CIRCLE('',#2428,0.0029);
#320=CIRCLE('',#2430,0.005);
#321=CIRCLE('',#2434,0.0029);
#322=CIRCLE('',#2436,0.0029);
#323=CIRCLE('',#2438,0.005);
#324=CIRCLE('',#2442,0.006);
#325=CIRCLE('',#2443,0.006);
#326=CIRCLE('',#2445,0.045);
#327=CIRCLE('',#2446,0.045);
#328=CIRCLE('',#2448,0.005);
#329=CIRCLE('',#2449,0.00225);
#330=CIRCLE('',#2450,0.00225);
#331=CIRCLE('',#2451,0.00225);
#332=CIRCLE('',#2452,0.00225);
#333=CIRCLE('',#2453,0.00225);
#334=CIRCLE('',#2454,0.00225);
#335=CIRCLE('',#2456,0.00225);
#336=CIRCLE('',#2457,0.00225);
#337=CIRCLE('',#2458,0.00225);
#338=CIRCLE('',#2459,0.00225);
#339=CIRCLE('',#2460,0.00225);
#340=CIRCLE('',#2461,0.00225);
#341=CIRCLE('',#2462,0.035);
#342=CIRCLE('',#2464,0.033);
#343=CIRCLE('',#2465,0.033);
#344=CIRCLE('',#2467,0.035);
#345=CIRCLE('',#2470,0.005);
#346=CIRCLE('',#2471,0.003);
#347=CIRCLE('',#2479,0.003);
#348=CIRCLE('',#2481,0.005);
#349=CIRCLE('',#2483,0.005);
#350=CIRCLE('',#2486,0.006);
#351=CIRCLE('',#2498,0.0025);
#352=CIRCLE('',#2499,0.0025);
#353=CIRCLE('',#2505,0.0275);
#354=CIRCLE('',#2506,0.0275);
#355=CIRCLE('',#2508,0.003);
#356=CIRCLE('',#2509,0.003);
#357=CIRCLE('',#2511,0.003);
#358=CIRCLE('',#2512,0.003);
#359=CIRCLE('',#2523,0.0025);
#360=CIRCLE('',#2524,0.004);
#361=CIRCLE('',#2525,0.004);
#362=CIRCLE('',#2526,0.004);
#363=CIRCLE('',#2527,0.004);
#364=CIRCLE('',#2528,0.004);
#365=CIRCLE('',#2529,0.004);
#366=CIRCLE('',#2531,0.002067);
#367=CIRCLE('',#2535,0.002067);
#368=CIRCLE('',#2541,0.004);
#369=CIRCLE('',#2542,0.0025);
#370=CIRCLE('',#2551,0.004);
#371=CIRCLE('',#2553,0.004);
#372=CIRCLE('',#2554,0.004);
#373=CIRCLE('',#2555,0.004);
#374=CIRCLE('',#2556,0.004);
#375=CIRCLE('',#2557,0.004);
#376=CIRCLE('',#2567,0.0025);
#377=CIRCLE('',#2568,0.0025);
#378=CIRCLE('',#2577,0.033);
#379=CIRCLE('',#2578,0.033);
#380=CIRCLE('',#2580,0.035);
#381=CIRCLE('',#2581,0.035);
#382=CIRCLE('',#2586,0.0022856406460551);
#383=CIRCLE('',#2588,0.0025);
#384=CIRCLE('',#2590,0.0025);
#385=CIRCLE('',#2592,0.0022856406460551);
#386=CYLINDRICAL_SURFACE('',#2308,0.053);
#387=CYLINDRICAL_SURFACE('',#2311,0.046);
#388=CYLINDRICAL_SURFACE('',#2315,0.053);
#389=CYLINDRICAL_SURFACE('',#2337,0.004);
#390=CYLINDRICAL_SURFACE('',#2338,0.004);
#391=CYLINDRICAL_SURFACE('',#2339,0.004);
#392=CYLINDRICAL_SURFACE('',#2340,0.004);
#393=CYLINDRICAL_SURFACE('',#2356,0.002067);
#394=CYLINDRICAL_SURFACE('',#2378,0.002);
#395=CYLINDRICAL_SURFACE('',#2387,0.045);
#396=CYLINDRICAL_SURFACE('',#2407,0.033);
#397=CYLINDRICAL_SURFACE('',#2410,0.035);
#398=CYLINDRICAL_SURFACE('',#2416,0.00225);
#399=CYLINDRICAL_SURFACE('',#2417,0.00225);
#400=CYLINDRICAL_SURFACE('',#2418,0.00225);
#401=CYLINDRICAL_SURFACE('',#2419,0.00225);
#402=CYLINDRICAL_SURFACE('',#2420,0.00225);
#403=CYLINDRICAL_SURFACE('',#2421,0.00225);
#404=CYLINDRICAL_SURFACE('',#2422,0.003);
#405=CYLINDRICAL_SURFACE('',#2424,0.003);
#406=CYLINDRICAL_SURFACE('',#2426,0.0029);
#407=CYLINDRICAL_SURFACE('',#2429,0.005);
#408=CYLINDRICAL_SURFACE('',#2435,0.0029);
#409=CYLINDRICAL_SURFACE('',#2437,0.005);
#410=CYLINDRICAL_SURFACE('',#2441,0.006);
#411=CYLINDRICAL_SURFACE('',#2444,0.045);
#412=CYLINDRICAL_SURFACE('',#2463,0.033);
#413=CYLINDRICAL_SURFACE('',#2466,0.035);
#414=CYLINDRICAL_SURFACE('',#2472,0.00225);
#415=CYLINDRICAL_SURFACE('',#2473,0.00225);
#416=CYLINDRICAL_SURFACE('',#2474,0.00225);
#417=CYLINDRICAL_SURFACE('',#2475,0.00225);
#418=CYLINDRICAL_SURFACE('',#2476,0.00225);
#419=CYLINDRICAL_SURFACE('',#2477,0.00225);
#420=CYLINDRICAL_SURFACE('',#2478,0.003);
#421=CYLINDRICAL_SURFACE('',#2480,0.005);
#422=CYLINDRICAL_SURFACE('',#2482,0.005);
#423=CYLINDRICAL_SURFACE('',#2485,0.006);
#424=CYLINDRICAL_SURFACE('',#2497,0.0025);
#425=CYLINDRICAL_SURFACE('',#2504,0.0275);
#426=CYLINDRICAL_SURFACE('',#2513,0.003);
#427=CYLINDRICAL_SURFACE('',#2514,0.003);
#428=CYLINDRICAL_SURFACE('',#2534,0.002067);
#429=CYLINDRICAL_SURFACE('',#2552,0.004);
#430=CYLINDRICAL_SURFACE('',#2566,0.0025);
#431=CYLINDRICAL_SURFACE('',#2576,0.033);
#432=CYLINDRICAL_SURFACE('',#2579,0.035);
#433=CYLINDRICAL_SURFACE('',#2589,0.0025);
#434=ORIENTED_EDGE('',*,*,#910,.F.);
#435=ORIENTED_EDGE('',*,*,#911,.T.);
#436=ORIENTED_EDGE('',*,*,#912,.T.);
#437=ORIENTED_EDGE('',*,*,#913,.T.);
#438=ORIENTED_EDGE('',*,*,#914,.F.);
#439=ORIENTED_EDGE('',*,*,#915,.T.);
#440=ORIENTED_EDGE('',*,*,#916,.T.);
#441=ORIENTED_EDGE('',*,*,#917,.F.);
#442=ORIENTED_EDGE('',*,*,#918,.F.);
#443=ORIENTED_EDGE('',*,*,#919,.F.);
#444=ORIENTED_EDGE('',*,*,#920,.T.);
#445=ORIENTED_EDGE('',*,*,#921,.T.);
#446=ORIENTED_EDGE('',*,*,#922,.F.);
#447=ORIENTED_EDGE('',*,*,#923,.F.);
#448=ORIENTED_EDGE('',*,*,#924,.T.);
#449=ORIENTED_EDGE('',*,*,#925,.T.);
#450=ORIENTED_EDGE('',*,*,#926,.F.);
#451=ORIENTED_EDGE('',*,*,#927,.F.);
#452=ORIENTED_EDGE('',*,*,#919,.T.);
#453=ORIENTED_EDGE('',*,*,#928,.T.);
#454=ORIENTED_EDGE('',*,*,#929,.T.);
#455=ORIENTED_EDGE('',*,*,#930,.F.);
#456=ORIENTED_EDGE('',*,*,#924,.F.);
#457=ORIENTED_EDGE('',*,*,#931,.F.);
#458=ORIENTED_EDGE('',*,*,#932,.F.);
#459=ORIENTED_EDGE('',*,*,#933,.T.);
#460=ORIENTED_EDGE('',*,*,#920,.F.);
#461=ORIENTED_EDGE('',*,*,#927,.T.);
#462=ORIENTED_EDGE('',*,*,#934,.T.);
#463=ORIENTED_EDGE('',*,*,#935,.F.);
#464=ORIENTED_EDGE('',*,*,#925,.F.);
#465=ORIENTED_EDGE('',*,*,#930,.T.);
#466=ORIENTED_EDGE('',*,*,#936,.F.);
#467=ORIENTED_EDGE('',*,*,#928,.F.);
#468=ORIENTED_EDGE('',*,*,#918,.T.);
#469=ORIENTED_EDGE('',*,*,#937,.F.);
#470=ORIENTED_EDGE('',*,*,#938,.T.);
#471=ORIENTED_EDGE('',*,*,#939,.T.);
#472=ORIENTED_EDGE('',*,*,#914,.T.);
#473=ORIENTED_EDGE('',*,*,#935,.T.);
#474=ORIENTED_EDGE('',*,*,#926,.T.);
#475=ORIENTED_EDGE('',*,*,#936,.T.);
#476=ORIENTED_EDGE('',*,*,#934,.F.);
#477=ORIENTED_EDGE('',*,*,#929,.F.);
#478=ORIENTED_EDGE('',*,*,#940,.F.);
#479=ORIENTED_EDGE('',*,*,#941,.T.);
#480=ORIENTED_EDGE('',*,*,#942,.T.);
#481=ORIENTED_EDGE('',*,*,#911,.F.);
#482=ORIENTED_EDGE('',*,*,#943,.F.);
#483=ORIENTED_EDGE('',*,*,#944,.F.);
#484=ORIENTED_EDGE('',*,*,#945,.T.);
#485=ORIENTED_EDGE('',*,*,#946,.T.);
#486=ORIENTED_EDGE('',*,*,#947,.F.);
#487=ORIENTED_EDGE('',*,*,#948,.T.);
#488=ORIENTED_EDGE('',*,*,#949,.T.);
#489=ORIENTED_EDGE('',*,*,#944,.T.);
#490=ORIENTED_EDGE('',*,*,#950,.T.);
#491=ORIENTED_EDGE('',*,*,#951,.T.);
#492=ORIENTED_EDGE('',*,*,#952,.F.);
#493=ORIENTED_EDGE('',*,*,#913,.F.);
#494=ORIENTED_EDGE('',*,*,#953,.T.);
#495=ORIENTED_EDGE('',*,*,#954,.T.);
#496=ORIENTED_EDGE('',*,*,#955,.F.);
#497=ORIENTED_EDGE('',*,*,#946,.F.);
#498=ORIENTED_EDGE('',*,*,#952,.T.);
#499=ORIENTED_EDGE('',*,*,#956,.T.);
#500=ORIENTED_EDGE('',*,*,#953,.F.);
#501=ORIENTED_EDGE('',*,*,#945,.F.);
#502=ORIENTED_EDGE('',*,*,#949,.F.);
#503=ORIENTED_EDGE('',*,*,#957,.T.);
#504=ORIENTED_EDGE('',*,*,#940,.T.);
#505=ORIENTED_EDGE('',*,*,#910,.T.);
#506=ORIENTED_EDGE('',*,*,#955,.T.);
#507=ORIENTED_EDGE('',*,*,#958,.T.);
#508=ORIENTED_EDGE('',*,*,#950,.F.);
#509=ORIENTED_EDGE('',*,*,#912,.F.);
#510=ORIENTED_EDGE('',*,*,#942,.F.);
#511=ORIENTED_EDGE('',*,*,#959,.T.);
#512=ORIENTED_EDGE('',*,*,#947,.T.);
#513=ORIENTED_EDGE('',*,*,#943,.T.);
#514=ORIENTED_EDGE('',*,*,#960,.F.);
#515=ORIENTED_EDGE('',*,*,#961,.T.);
#516=ORIENTED_EDGE('',*,*,#962,.F.);
#517=ORIENTED_EDGE('',*,*,#931,.T.);
#518=ORIENTED_EDGE('',*,*,#923,.T.);
#519=ORIENTED_EDGE('',*,*,#963,.F.);
#520=ORIENTED_EDGE('',*,*,#964,.T.);
#521=ORIENTED_EDGE('',*,*,#960,.T.);
#522=ORIENTED_EDGE('',*,*,#922,.T.);
#523=ORIENTED_EDGE('',*,*,#965,.T.);
#524=ORIENTED_EDGE('',*,*,#966,.T.);
#525=ORIENTED_EDGE('',*,*,#963,.T.);
#526=ORIENTED_EDGE('',*,*,#921,.F.);
#527=ORIENTED_EDGE('',*,*,#933,.F.);
#528=ORIENTED_EDGE('',*,*,#962,.T.);
#529=ORIENTED_EDGE('',*,*,#967,.T.);
#530=ORIENTED_EDGE('',*,*,#965,.F.);
#531=ORIENTED_EDGE('',*,*,#932,.T.);
#532=ORIENTED_EDGE('',*,*,#968,.T.);
#533=ORIENTED_EDGE('',*,*,#969,.T.);
#534=ORIENTED_EDGE('',*,*,#970,.T.);
#535=ORIENTED_EDGE('',*,*,#915,.F.);
#536=ORIENTED_EDGE('',*,*,#939,.F.);
#537=ORIENTED_EDGE('',*,*,#971,.F.);
#538=ORIENTED_EDGE('',*,*,#972,.T.);
#539=ORIENTED_EDGE('',*,*,#973,.F.);
#540=ORIENTED_EDGE('',*,*,#937,.T.);
#541=ORIENTED_EDGE('',*,*,#917,.T.);
#542=ORIENTED_EDGE('',*,*,#970,.F.);
#543=ORIENTED_EDGE('',*,*,#974,.T.);
#544=ORIENTED_EDGE('',*,*,#971,.T.);
#545=ORIENTED_EDGE('',*,*,#916,.F.);
#546=ORIENTED_EDGE('',*,*,#973,.T.);
#547=ORIENTED_EDGE('',*,*,#975,.T.);
#548=ORIENTED_EDGE('',*,*,#968,.F.);
#549=ORIENTED_EDGE('',*,*,#938,.F.);
#550=ORIENTED_EDGE('',*,*,#956,.F.);
#551=ORIENTED_EDGE('',*,*,#951,.F.);
#552=ORIENTED_EDGE('',*,*,#958,.F.);
#553=ORIENTED_EDGE('',*,*,#954,.F.);
#554=ORIENTED_EDGE('',*,*,#961,.F.);
#555=ORIENTED_EDGE('',*,*,#964,.F.);
#556=ORIENTED_EDGE('',*,*,#966,.F.);
#557=ORIENTED_EDGE('',*,*,#967,.F.);
#558=ORIENTED_EDGE('',*,*,#957,.F.);
#559=ORIENTED_EDGE('',*,*,#948,.F.);
#560=ORIENTED_EDGE('',*,*,#959,.F.);
#561=ORIENTED_EDGE('',*,*,#941,.F.);
#562=ORIENTED_EDGE('',*,*,#969,.F.);
#563=ORIENTED_EDGE('',*,*,#975,.F.);
#564=ORIENTED_EDGE('',*,*,#972,.F.);
#565=ORIENTED_EDGE('',*,*,#974,.F.);
#566=ORIENTED_EDGE('',*,*,#976,.T.);
#567=ORIENTED_EDGE('',*,*,#977,.T.);
#568=ORIENTED_EDGE('',*,*,#978,.F.);
#569=ORIENTED_EDGE('',*,*,#979,.T.);
#570=ORIENTED_EDGE('',*,*,#980,.T.);
#571=ORIENTED_EDGE('',*,*,#978,.T.);
#572=ORIENTED_EDGE('',*,*,#981,.T.);
#573=ORIENTED_EDGE('',*,*,#982,.F.);
#574=ORIENTED_EDGE('',*,*,#983,.T.);
#575=ORIENTED_EDGE('',*,*,#984,.T.);
#576=ORIENTED_EDGE('',*,*,#982,.T.);
#577=ORIENTED_EDGE('',*,*,#985,.T.);
#578=ORIENTED_EDGE('',*,*,#986,.F.);
#579=ORIENTED_EDGE('',*,*,#987,.T.);
#580=ORIENTED_EDGE('',*,*,#988,.T.);
#581=ORIENTED_EDGE('',*,*,#986,.T.);
#582=ORIENTED_EDGE('',*,*,#989,.T.);
#583=ORIENTED_EDGE('',*,*,#990,.F.);
#584=ORIENTED_EDGE('',*,*,#991,.T.);
#585=ORIENTED_EDGE('',*,*,#992,.T.);
#586=ORIENTED_EDGE('',*,*,#990,.T.);
#587=ORIENTED_EDGE('',*,*,#993,.T.);
#588=ORIENTED_EDGE('',*,*,#994,.F.);
#589=ORIENTED_EDGE('',*,*,#995,.T.);
#590=ORIENTED_EDGE('',*,*,#996,.T.);
#591=ORIENTED_EDGE('',*,*,#994,.T.);
#592=ORIENTED_EDGE('',*,*,#997,.T.);
#593=ORIENTED_EDGE('',*,*,#976,.F.);
#594=ORIENTED_EDGE('',*,*,#998,.T.);
#595=ORIENTED_EDGE('',*,*,#999,.T.);
#596=ORIENTED_EDGE('',*,*,#1000,.T.);
#597=ORIENTED_EDGE('',*,*,#1001,.T.);
#598=ORIENTED_EDGE('',*,*,#1002,.T.);
#599=ORIENTED_EDGE('',*,*,#1003,.T.);
#600=ORIENTED_EDGE('',*,*,#1004,.T.);
#601=ORIENTED_EDGE('',*,*,#1005,.T.);
#602=ORIENTED_EDGE('',*,*,#1006,.T.);
#603=ORIENTED_EDGE('',*,*,#1007,.T.);
#604=ORIENTED_EDGE('',*,*,#1008,.T.);
#605=ORIENTED_EDGE('',*,*,#1009,.T.);
#606=ORIENTED_EDGE('',*,*,#1010,.F.);
#607=ORIENTED_EDGE('',*,*,#999,.F.);
#608=ORIENTED_EDGE('',*,*,#1001,.F.);
#609=ORIENTED_EDGE('',*,*,#995,.F.);
#610=ORIENTED_EDGE('',*,*,#1002,.F.);
#611=ORIENTED_EDGE('',*,*,#998,.F.);
#612=ORIENTED_EDGE('',*,*,#980,.F.);
#613=ORIENTED_EDGE('',*,*,#996,.F.);
#614=ORIENTED_EDGE('',*,*,#1006,.F.);
#615=ORIENTED_EDGE('',*,*,#991,.F.);
#616=ORIENTED_EDGE('',*,*,#992,.F.);
#617=ORIENTED_EDGE('',*,*,#1005,.F.);
#618=ORIENTED_EDGE('',*,*,#987,.F.);
#619=ORIENTED_EDGE('',*,*,#1004,.F.);
#620=ORIENTED_EDGE('',*,*,#983,.F.);
#621=ORIENTED_EDGE('',*,*,#988,.F.);
#622=ORIENTED_EDGE('',*,*,#1003,.F.);
#623=ORIENTED_EDGE('',*,*,#979,.F.);
#624=ORIENTED_EDGE('',*,*,#984,.F.);
#625=ORIENTED_EDGE('',*,*,#1011,.T.);
#626=ORIENTED_EDGE('',*,*,#1012,.T.);
#627=ORIENTED_EDGE('',*,*,#1013,.T.);
#628=ORIENTED_EDGE('',*,*,#1014,.T.);
#629=ORIENTED_EDGE('',*,*,#1015,.T.);
#630=ORIENTED_EDGE('',*,*,#1016,.T.);
#631=ORIENTED_EDGE('',*,*,#1017,.T.);
#632=ORIENTED_EDGE('',*,*,#1017,.F.);
#633=ORIENTED_EDGE('',*,*,#1010,.T.);
#634=ORIENTED_EDGE('',*,*,#1018,.F.);
#635=ORIENTED_EDGE('',*,*,#1015,.F.);
#636=ORIENTED_EDGE('',*,*,#1019,.F.);
#637=ORIENTED_EDGE('',*,*,#989,.F.);
#638=ORIENTED_EDGE('',*,*,#1019,.T.);
#639=ORIENTED_EDGE('',*,*,#1014,.F.);
#640=ORIENTED_EDGE('',*,*,#1020,.F.);
#641=ORIENTED_EDGE('',*,*,#993,.F.);
#642=ORIENTED_EDGE('',*,*,#1018,.T.);
#643=ORIENTED_EDGE('',*,*,#985,.F.);
#644=ORIENTED_EDGE('',*,*,#1021,.F.);
#645=ORIENTED_EDGE('',*,*,#1016,.F.);
#646=ORIENTED_EDGE('',*,*,#1020,.T.);
#647=ORIENTED_EDGE('',*,*,#1013,.F.);
#648=ORIENTED_EDGE('',*,*,#1022,.F.);
#649=ORIENTED_EDGE('',*,*,#997,.F.);
#650=ORIENTED_EDGE('',*,*,#1021,.T.);
#651=ORIENTED_EDGE('',*,*,#981,.F.);
#652=ORIENTED_EDGE('',*,*,#1023,.F.);
#653=ORIENTED_EDGE('',*,*,#1011,.F.);
#654=ORIENTED_EDGE('',*,*,#1022,.T.);
#655=ORIENTED_EDGE('',*,*,#1012,.F.);
#656=ORIENTED_EDGE('',*,*,#1023,.T.);
#657=ORIENTED_EDGE('',*,*,#977,.F.);
#658=ORIENTED_EDGE('',*,*,#1007,.F.);
#659=ORIENTED_EDGE('',*,*,#1009,.F.);
#660=ORIENTED_EDGE('',*,*,#1000,.F.);
#661=ORIENTED_EDGE('',*,*,#1008,.F.);
#662=ORIENTED_EDGE('',*,*,#1024,.T.);
#663=ORIENTED_EDGE('',*,*,#1025,.F.);
#664=ORIENTED_EDGE('',*,*,#1024,.F.);
#665=ORIENTED_EDGE('',*,*,#1025,.T.);
#666=ORIENTED_EDGE('',*,*,#1026,.T.);
#667=ORIENTED_EDGE('',*,*,#1027,.F.);
#668=ORIENTED_EDGE('',*,*,#1028,.F.);
#669=ORIENTED_EDGE('',*,*,#1029,.F.);
#670=ORIENTED_EDGE('',*,*,#1030,.F.);
#671=ORIENTED_EDGE('',*,*,#1031,.F.);
#672=ORIENTED_EDGE('',*,*,#1032,.F.);
#673=ORIENTED_EDGE('',*,*,#1033,.F.);
#674=ORIENTED_EDGE('',*,*,#1034,.F.);
#675=ORIENTED_EDGE('',*,*,#1035,.F.);
#676=ORIENTED_EDGE('',*,*,#1026,.F.);
#677=ORIENTED_EDGE('',*,*,#1036,.F.);
#678=ORIENTED_EDGE('',*,*,#1037,.F.);
#679=ORIENTED_EDGE('',*,*,#1038,.F.);
#680=ORIENTED_EDGE('',*,*,#1039,.F.);
#681=ORIENTED_EDGE('',*,*,#1040,.F.);
#682=ORIENTED_EDGE('',*,*,#1041,.F.);
#683=ORIENTED_EDGE('',*,*,#1042,.F.);
#684=ORIENTED_EDGE('',*,*,#1027,.T.);
#685=ORIENTED_EDGE('',*,*,#1043,.T.);
#686=ORIENTED_EDGE('',*,*,#1044,.F.);
#687=ORIENTED_EDGE('',*,*,#1045,.F.);
#688=ORIENTED_EDGE('',*,*,#1042,.T.);
#689=ORIENTED_EDGE('',*,*,#1043,.F.);
#690=ORIENTED_EDGE('',*,*,#1045,.T.);
#691=ORIENTED_EDGE('',*,*,#1046,.F.);
#692=ORIENTED_EDGE('',*,*,#1047,.F.);
#693=ORIENTED_EDGE('',*,*,#1044,.T.);
#694=ORIENTED_EDGE('',*,*,#1041,.T.);
#695=ORIENTED_EDGE('',*,*,#1035,.T.);
#696=ORIENTED_EDGE('',*,*,#1040,.T.);
#697=ORIENTED_EDGE('',*,*,#1034,.T.);
#698=ORIENTED_EDGE('',*,*,#1039,.T.);
#699=ORIENTED_EDGE('',*,*,#1033,.T.);
#700=ORIENTED_EDGE('',*,*,#1038,.T.);
#701=ORIENTED_EDGE('',*,*,#1032,.T.);
#702=ORIENTED_EDGE('',*,*,#1037,.T.);
#703=ORIENTED_EDGE('',*,*,#1031,.T.);
#704=ORIENTED_EDGE('',*,*,#1036,.T.);
#705=ORIENTED_EDGE('',*,*,#1030,.T.);
#706=ORIENTED_EDGE('',*,*,#1047,.T.);
#707=ORIENTED_EDGE('',*,*,#1048,.F.);
#708=ORIENTED_EDGE('',*,*,#1046,.T.);
#709=ORIENTED_EDGE('',*,*,#1049,.T.);
#710=ORIENTED_EDGE('',*,*,#1050,.T.);
#711=ORIENTED_EDGE('',*,*,#1051,.F.);
#712=ORIENTED_EDGE('',*,*,#1052,.F.);
#713=ORIENTED_EDGE('',*,*,#1029,.T.);
#714=ORIENTED_EDGE('',*,*,#1050,.F.);
#715=ORIENTED_EDGE('',*,*,#1052,.T.);
#716=ORIENTED_EDGE('',*,*,#1049,.F.);
#717=ORIENTED_EDGE('',*,*,#1051,.T.);
#718=ORIENTED_EDGE('',*,*,#1053,.T.);
#719=ORIENTED_EDGE('',*,*,#1048,.T.);
#720=ORIENTED_EDGE('',*,*,#1054,.T.);
#721=ORIENTED_EDGE('',*,*,#1053,.F.);
#722=ORIENTED_EDGE('',*,*,#1055,.F.);
#723=ORIENTED_EDGE('',*,*,#1028,.T.);
#724=ORIENTED_EDGE('',*,*,#1054,.F.);
#725=ORIENTED_EDGE('',*,*,#1055,.T.);
#726=ORIENTED_EDGE('',*,*,#1056,.T.);
#727=ORIENTED_EDGE('',*,*,#1057,.F.);
#728=ORIENTED_EDGE('',*,*,#1058,.T.);
#729=ORIENTED_EDGE('',*,*,#1059,.F.);
#730=ORIENTED_EDGE('',*,*,#1056,.F.);
#731=ORIENTED_EDGE('',*,*,#1060,.F.);
#732=ORIENTED_EDGE('',*,*,#1061,.F.);
#733=ORIENTED_EDGE('',*,*,#1062,.F.);
#734=ORIENTED_EDGE('',*,*,#1063,.F.);
#735=ORIENTED_EDGE('',*,*,#1064,.F.);
#736=ORIENTED_EDGE('',*,*,#1065,.F.);
#737=ORIENTED_EDGE('',*,*,#1066,.F.);
#738=ORIENTED_EDGE('',*,*,#1058,.F.);
#739=ORIENTED_EDGE('',*,*,#1067,.F.);
#740=ORIENTED_EDGE('',*,*,#1068,.F.);
#741=ORIENTED_EDGE('',*,*,#1069,.F.);
#742=ORIENTED_EDGE('',*,*,#1070,.F.);
#743=ORIENTED_EDGE('',*,*,#1071,.F.);
#744=ORIENTED_EDGE('',*,*,#1072,.F.);
#745=ORIENTED_EDGE('',*,*,#1073,.F.);
#746=ORIENTED_EDGE('',*,*,#1059,.T.);
#747=ORIENTED_EDGE('',*,*,#1074,.T.);
#748=ORIENTED_EDGE('',*,*,#1075,.F.);
#749=ORIENTED_EDGE('',*,*,#1076,.F.);
#750=ORIENTED_EDGE('',*,*,#1073,.T.);
#751=ORIENTED_EDGE('',*,*,#1074,.F.);
#752=ORIENTED_EDGE('',*,*,#1076,.T.);
#753=ORIENTED_EDGE('',*,*,#1077,.F.);
#754=ORIENTED_EDGE('',*,*,#1078,.F.);
#755=ORIENTED_EDGE('',*,*,#1075,.T.);
#756=ORIENTED_EDGE('',*,*,#1072,.T.);
#757=ORIENTED_EDGE('',*,*,#1066,.T.);
#758=ORIENTED_EDGE('',*,*,#1071,.T.);
#759=ORIENTED_EDGE('',*,*,#1065,.T.);
#760=ORIENTED_EDGE('',*,*,#1070,.T.);
#761=ORIENTED_EDGE('',*,*,#1064,.T.);
#762=ORIENTED_EDGE('',*,*,#1069,.T.);
#763=ORIENTED_EDGE('',*,*,#1063,.T.);
#764=ORIENTED_EDGE('',*,*,#1068,.T.);
#765=ORIENTED_EDGE('',*,*,#1062,.T.);
#766=ORIENTED_EDGE('',*,*,#1067,.T.);
#767=ORIENTED_EDGE('',*,*,#1061,.T.);
#768=ORIENTED_EDGE('',*,*,#1078,.T.);
#769=ORIENTED_EDGE('',*,*,#1079,.T.);
#770=ORIENTED_EDGE('',*,*,#1077,.T.);
#771=ORIENTED_EDGE('',*,*,#1080,.T.);
#772=ORIENTED_EDGE('',*,*,#1081,.F.);
#773=ORIENTED_EDGE('',*,*,#1060,.T.);
#774=ORIENTED_EDGE('',*,*,#1079,.F.);
#775=ORIENTED_EDGE('',*,*,#1081,.T.);
#776=ORIENTED_EDGE('',*,*,#1057,.T.);
#777=ORIENTED_EDGE('',*,*,#1082,.F.);
#778=ORIENTED_EDGE('',*,*,#1080,.F.);
#779=ORIENTED_EDGE('',*,*,#1082,.T.);
#780=ORIENTED_EDGE('',*,*,#1083,.F.);
#781=ORIENTED_EDGE('',*,*,#1084,.T.);
#782=ORIENTED_EDGE('',*,*,#1083,.T.);
#783=ORIENTED_EDGE('',*,*,#1084,.F.);
#784=ORIENTED_EDGE('',*,*,#1085,.F.);
#785=ORIENTED_EDGE('',*,*,#1086,.T.);
#786=ORIENTED_EDGE('',*,*,#1087,.F.);
#787=ORIENTED_EDGE('',*,*,#1088,.F.);
#788=ORIENTED_EDGE('',*,*,#1085,.T.);
#789=ORIENTED_EDGE('',*,*,#1089,.T.);
#790=ORIENTED_EDGE('',*,*,#1090,.T.);
#791=ORIENTED_EDGE('',*,*,#1086,.F.);
#792=ORIENTED_EDGE('',*,*,#1088,.T.);
#793=ORIENTED_EDGE('',*,*,#1090,.F.);
#794=ORIENTED_EDGE('',*,*,#1087,.T.);
#795=ORIENTED_EDGE('',*,*,#1089,.F.);
#796=ORIENTED_EDGE('',*,*,#1091,.F.);
#797=ORIENTED_EDGE('',*,*,#1092,.T.);
#798=ORIENTED_EDGE('',*,*,#1093,.T.);
#799=ORIENTED_EDGE('',*,*,#1094,.T.);
#800=ORIENTED_EDGE('',*,*,#1095,.T.);
#801=ORIENTED_EDGE('',*,*,#1096,.T.);
#802=ORIENTED_EDGE('',*,*,#1097,.T.);
#803=ORIENTED_EDGE('',*,*,#1098,.F.);
#804=ORIENTED_EDGE('',*,*,#1091,.T.);
#805=ORIENTED_EDGE('',*,*,#1099,.T.);
#806=ORIENTED_EDGE('',*,*,#1095,.F.);
#807=ORIENTED_EDGE('',*,*,#1100,.T.);
#808=ORIENTED_EDGE('',*,*,#1101,.T.);
#809=ORIENTED_EDGE('',*,*,#1102,.T.);
#810=ORIENTED_EDGE('',*,*,#1094,.F.);
#811=ORIENTED_EDGE('',*,*,#1098,.T.);
#812=ORIENTED_EDGE('',*,*,#1103,.F.);
#813=ORIENTED_EDGE('',*,*,#1104,.T.);
#814=ORIENTED_EDGE('',*,*,#1105,.T.);
#815=ORIENTED_EDGE('',*,*,#1093,.F.);
#816=ORIENTED_EDGE('',*,*,#1106,.T.);
#817=ORIENTED_EDGE('',*,*,#1107,.T.);
#818=ORIENTED_EDGE('',*,*,#1092,.F.);
#819=ORIENTED_EDGE('',*,*,#1108,.T.);
#820=ORIENTED_EDGE('',*,*,#1109,.T.);
#821=ORIENTED_EDGE('',*,*,#1097,.F.);
#822=ORIENTED_EDGE('',*,*,#1110,.T.);
#823=ORIENTED_EDGE('',*,*,#1111,.T.);
#824=ORIENTED_EDGE('',*,*,#1096,.F.);
#825=ORIENTED_EDGE('',*,*,#1112,.F.);
#826=ORIENTED_EDGE('',*,*,#1113,.T.);
#827=ORIENTED_EDGE('',*,*,#1114,.T.);
#828=ORIENTED_EDGE('',*,*,#1115,.T.);
#829=ORIENTED_EDGE('',*,*,#1116,.T.);
#830=ORIENTED_EDGE('',*,*,#1117,.F.);
#831=ORIENTED_EDGE('',*,*,#1100,.F.);
#832=ORIENTED_EDGE('',*,*,#1102,.F.);
#833=ORIENTED_EDGE('',*,*,#1118,.T.);
#834=ORIENTED_EDGE('',*,*,#1119,.T.);
#835=ORIENTED_EDGE('',*,*,#1114,.F.);
#836=ORIENTED_EDGE('',*,*,#1101,.F.);
#837=ORIENTED_EDGE('',*,*,#1105,.F.);
#838=ORIENTED_EDGE('',*,*,#1120,.T.);
#839=ORIENTED_EDGE('',*,*,#1121,.T.);
#840=ORIENTED_EDGE('',*,*,#1122,.T.);
#841=ORIENTED_EDGE('',*,*,#1123,.T.);
#842=ORIENTED_EDGE('',*,*,#1120,.F.);
#843=ORIENTED_EDGE('',*,*,#1104,.F.);
#844=ORIENTED_EDGE('',*,*,#1107,.F.);
#845=ORIENTED_EDGE('',*,*,#1124,.T.);
#846=ORIENTED_EDGE('',*,*,#1125,.T.);
#847=ORIENTED_EDGE('',*,*,#1121,.F.);
#848=ORIENTED_EDGE('',*,*,#1106,.F.);
#849=ORIENTED_EDGE('',*,*,#1109,.F.);
#850=ORIENTED_EDGE('',*,*,#1126,.T.);
#851=ORIENTED_EDGE('',*,*,#1127,.T.);
#852=ORIENTED_EDGE('',*,*,#1128,.T.);
#853=ORIENTED_EDGE('',*,*,#1129,.T.);
#854=ORIENTED_EDGE('',*,*,#1126,.F.);
#855=ORIENTED_EDGE('',*,*,#1108,.F.);
#856=ORIENTED_EDGE('',*,*,#1111,.F.);
#857=ORIENTED_EDGE('',*,*,#1130,.T.);
#858=ORIENTED_EDGE('',*,*,#1131,.T.);
#859=ORIENTED_EDGE('',*,*,#1127,.F.);
#860=ORIENTED_EDGE('',*,*,#1110,.F.);
#861=ORIENTED_EDGE('',*,*,#1099,.F.);
#862=ORIENTED_EDGE('',*,*,#1117,.T.);
#863=ORIENTED_EDGE('',*,*,#1103,.T.);
#864=ORIENTED_EDGE('',*,*,#1113,.F.);
#865=ORIENTED_EDGE('',*,*,#1116,.F.);
#866=ORIENTED_EDGE('',*,*,#1132,.T.);
#867=ORIENTED_EDGE('',*,*,#1130,.F.);
#868=ORIENTED_EDGE('',*,*,#1112,.T.);
#869=ORIENTED_EDGE('',*,*,#1133,.F.);
#870=ORIENTED_EDGE('',*,*,#1134,.F.);
#871=ORIENTED_EDGE('',*,*,#1132,.F.);
#872=ORIENTED_EDGE('',*,*,#1135,.F.);
#873=ORIENTED_EDGE('',*,*,#1136,.F.);
#874=ORIENTED_EDGE('',*,*,#1137,.F.);
#875=ORIENTED_EDGE('',*,*,#1129,.F.);
#876=ORIENTED_EDGE('',*,*,#1133,.T.);
#877=ORIENTED_EDGE('',*,*,#1124,.F.);
#878=ORIENTED_EDGE('',*,*,#1123,.F.);
#879=ORIENTED_EDGE('',*,*,#1136,.T.);
#880=ORIENTED_EDGE('',*,*,#1118,.F.);
#881=ORIENTED_EDGE('',*,*,#1125,.F.);
#882=ORIENTED_EDGE('',*,*,#1137,.T.);
#883=ORIENTED_EDGE('',*,*,#1122,.F.);
#884=ORIENTED_EDGE('',*,*,#1119,.F.);
#885=ORIENTED_EDGE('',*,*,#1135,.T.);
#886=ORIENTED_EDGE('',*,*,#1115,.F.);
#887=ORIENTED_EDGE('',*,*,#1131,.F.);
#888=ORIENTED_EDGE('',*,*,#1134,.T.);
#889=ORIENTED_EDGE('',*,*,#1128,.F.);
#890=ORIENTED_EDGE('',*,*,#1138,.F.);
#891=ORIENTED_EDGE('',*,*,#1139,.T.);
#892=ORIENTED_EDGE('',*,*,#1138,.T.);
#893=ORIENTED_EDGE('',*,*,#1139,.F.);
#894=ORIENTED_EDGE('',*,*,#1140,.T.);
#895=ORIENTED_EDGE('',*,*,#1141,.F.);
#896=ORIENTED_EDGE('',*,*,#1142,.F.);
#897=ORIENTED_EDGE('',*,*,#1143,.T.);
#898=ORIENTED_EDGE('',*,*,#1140,.F.);
#899=ORIENTED_EDGE('',*,*,#1142,.T.);
#900=ORIENTED_EDGE('',*,*,#1141,.T.);
#901=ORIENTED_EDGE('',*,*,#1143,.F.);
#902=ORIENTED_EDGE('',*,*,#1144,.F.);
#903=ORIENTED_EDGE('',*,*,#1145,.F.);
#904=ORIENTED_EDGE('',*,*,#1144,.T.);
#905=ORIENTED_EDGE('',*,*,#1146,.F.);
#906=ORIENTED_EDGE('',*,*,#1145,.T.);
#907=ORIENTED_EDGE('',*,*,#1147,.F.);
#908=ORIENTED_EDGE('',*,*,#1146,.T.);
#909=ORIENTED_EDGE('',*,*,#1147,.T.);
#910=EDGE_CURVE('',#1148,#1149,#1328,.T.);
#911=EDGE_CURVE('',#1148,#1150,#1329,.T.);
#912=EDGE_CURVE('',#1150,#1151,#1330,.T.);
#913=EDGE_CURVE('',#1151,#1149,#1331,.F.);
#914=EDGE_CURVE('',#1152,#1153,#1332,.T.);
#915=EDGE_CURVE('',#1152,#1154,#1333,.T.);
#916=EDGE_CURVE('',#1154,#1155,#1334,.T.);
#917=EDGE_CURVE('',#1156,#1155,#1335,.T.);
#918=EDGE_CURVE('',#1157,#1156,#1336,.T.);
#919=EDGE_CURVE('',#1158,#1157,#1337,.T.);
#920=EDGE_CURVE('',#1158,#1159,#1338,.T.);
#921=EDGE_CURVE('',#1159,#1160,#1339,.T.);
#922=EDGE_CURVE('',#1161,#1160,#1340,.T.);
#923=EDGE_CURVE('',#1162,#1161,#1341,.T.);
#924=EDGE_CURVE('',#1162,#1163,#1342,.T.);
#925=EDGE_CURVE('',#1163,#1153,#1343,.T.);
#926=EDGE_CURVE('',#1164,#1165,#1344,.T.);
#927=EDGE_CURVE('',#1158,#1164,#1345,.T.);
#928=EDGE_CURVE('',#1157,#1165,#1346,.T.);
#929=EDGE_CURVE('',#1164,#1166,#1347,.T.);
#930=EDGE_CURVE('',#1163,#1166,#1348,.T.);
#931=EDGE_CURVE('',#1167,#1162,#1349,.T.);
#932=EDGE_CURVE('',#1168,#1167,#1350,.T.);
#933=EDGE_CURVE('',#1168,#1159,#1351,.T.);
#934=EDGE_CURVE('',#1166,#1169,#1352,.T.);
#935=EDGE_CURVE('',#1153,#1169,#1353,.T.);
#936=EDGE_CURVE('',#1165,#1169,#1354,.T.);
#937=EDGE_CURVE('',#1170,#1156,#1355,.T.);
#938=EDGE_CURVE('',#1170,#1171,#1356,.T.);
#939=EDGE_CURVE('',#1171,#1152,#1357,.T.);
#940=EDGE_CURVE('',#1172,#1148,#266,.T.);
#941=EDGE_CURVE('',#1172,#1173,#1358,.T.);
#942=EDGE_CURVE('',#1173,#1150,#267,.T.);
#943=EDGE_CURVE('',#1174,#1175,#268,.T.);
#944=EDGE_CURVE('',#1176,#1174,#1359,.T.);
#945=EDGE_CURVE('',#1176,#1177,#269,.T.);
#946=EDGE_CURVE('',#1177,#1175,#1360,.T.);
#947=EDGE_CURVE('',#1178,#1174,#1361,.T.);
#948=EDGE_CURVE('',#1178,#1179,#1362,.T.);
#949=EDGE_CURVE('',#1179,#1176,#1363,.T.);
#950=EDGE_CURVE('',#1151,#1180,#270,.T.);
#951=EDGE_CURVE('',#1180,#1181,#1364,.F.);
#952=EDGE_CURVE('',#1149,#1181,#271,.T.);
#953=EDGE_CURVE('',#1177,#1182,#1365,.T.);
#954=EDGE_CURVE('',#1182,#1183,#1366,.F.);
#955=EDGE_CURVE('',#1175,#1183,#1367,.T.);
#956=EDGE_CURVE('',#1181,#1182,#272,.T.);
#957=EDGE_CURVE('',#1179,#1172,#273,.T.);
#958=EDGE_CURVE('',#1183,#1180,#274,.F.);
#959=EDGE_CURVE('',#1173,#1178,#275,.F.);
#960=EDGE_CURVE('',#1184,#1161,#1368,.T.);
#961=EDGE_CURVE('',#1184,#1185,#276,.F.);
#962=EDGE_CURVE('',#1167,#1185,#1369,.T.);
#963=EDGE_CURVE('',#1186,#1160,#1370,.T.);
#964=EDGE_CURVE('',#1186,#1184,#1371,.F.);
#965=EDGE_CURVE('',#1168,#1187,#1372,.T.);
#966=EDGE_CURVE('',#1187,#1186,#277,.T.);
#967=EDGE_CURVE('',#1185,#1187,#1373,.T.);
#968=EDGE_CURVE('',#1171,#1188,#1374,.T.);
#969=EDGE_CURVE('',#1188,#1189,#278,.T.);
#970=EDGE_CURVE('',#1189,#1154,#1375,.T.);
#971=EDGE_CURVE('',#1190,#1155,#1376,.T.);
#972=EDGE_CURVE('',#1190,#1191,#279,.F.);
#973=EDGE_CURVE('',#1170,#1191,#1377,.T.);
#974=EDGE_CURVE('',#1189,#1190,#1378,.T.);
#975=EDGE_CURVE('',#1191,#1188,#1379,.F.);
#976=EDGE_CURVE('',#1192,#1193,#1380,.T.);
#977=EDGE_CURVE('',#1193,#1194,#38,.T.);
#978=EDGE_CURVE('',#1195,#1194,#1381,.T.);
#979=EDGE_CURVE('',#1195,#1196,#39,.T.);
#980=EDGE_CURVE('',#1196,#1192,#40,.T.);
#981=EDGE_CURVE('',#1194,#1197,#41,.T.);
#982=EDGE_CURVE('',#1198,#1197,#1382,.T.);
#983=EDGE_CURVE('',#1198,#1199,#42,.T.);
#984=EDGE_CURVE('',#1199,#1195,#43,.T.);
#985=EDGE_CURVE('',#1197,#1200,#44,.T.);
#986=EDGE_CURVE('',#1201,#1200,#1383,.T.);
#987=EDGE_CURVE('',#1201,#1202,#45,.T.);
#988=EDGE_CURVE('',#1202,#1198,#46,.T.);
#989=EDGE_CURVE('',#1200,#1203,#47,.T.);
#990=EDGE_CURVE('',#1204,#1203,#1384,.T.);
#991=EDGE_CURVE('',#1204,#1205,#48,.F.);
#992=EDGE_CURVE('',#1205,#1201,#49,.F.);
#993=EDGE_CURVE('',#1203,#1206,#50,.T.);
#994=EDGE_CURVE('',#1207,#1206,#1385,.T.);
#995=EDGE_CURVE('',#1207,#1208,#51,.T.);
#996=EDGE_CURVE('',#1208,#1204,#52,.T.);
#997=EDGE_CURVE('',#1206,#1193,#53,.T.);
#998=EDGE_CURVE('',#1192,#1209,#54,.T.);
#999=EDGE_CURVE('',#1209,#1207,#55,.T.);
#1000=EDGE_CURVE('',#1210,#1210,#280,.F.);
#1001=EDGE_CURVE('',#1208,#1209,#281,.T.);
#1002=EDGE_CURVE('',#1209,#1196,#282,.T.);
#1003=EDGE_CURVE('',#1196,#1199,#283,.T.);
#1004=EDGE_CURVE('',#1199,#1202,#284,.T.);
#1005=EDGE_CURVE('',#1202,#1205,#285,.T.);
#1006=EDGE_CURVE('',#1205,#1208,#286,.T.);
#1007=EDGE_CURVE('',#1211,#1211,#287,.F.);
#1008=EDGE_CURVE('',#1212,#1212,#288,.T.);
#1009=EDGE_CURVE('',#1213,#1213,#289,.T.);
#1010=EDGE_CURVE('',#1214,#1214,#290,.T.);
#1011=EDGE_CURVE('',#1215,#1216,#56,.T.);
#1012=EDGE_CURVE('',#1216,#1217,#57,.T.);
#1013=EDGE_CURVE('',#1217,#1218,#58,.T.);
#1014=EDGE_CURVE('',#1218,#1219,#59,.T.);
#1015=EDGE_CURVE('',#1219,#1220,#60,.T.);
#1016=EDGE_CURVE('',#1220,#1215,#61,.T.);
#1017=EDGE_CURVE('',#1221,#1221,#291,.T.);
#1018=EDGE_CURVE('',#1220,#1200,#62,.F.);
#1019=EDGE_CURVE('',#1203,#1219,#63,.T.);
#1020=EDGE_CURVE('',#1206,#1218,#64,.T.);
#1021=EDGE_CURVE('',#1215,#1197,#65,.F.);
#1022=EDGE_CURVE('',#1193,#1217,#66,.T.);
#1023=EDGE_CURVE('',#1216,#1194,#67,.F.);
#1024=EDGE_CURVE('',#1222,#1222,#292,.T.);
#1025=EDGE_CURVE('',#1223,#1223,#293,.T.);
#1026=EDGE_CURVE('',#1224,#1224,#294,.T.);
#1027=EDGE_CURVE('',#1225,#1225,#295,.T.);
#1028=EDGE_CURVE('',#1226,#1226,#296,.F.);
#1029=EDGE_CURVE('',#1227,#1227,#297,.T.);
#1030=EDGE_CURVE('',#1228,#1228,#298,.T.);
#1031=EDGE_CURVE('',#1229,#1229,#299,.T.);
#1032=EDGE_CURVE('',#1230,#1230,#300,.T.);
#1033=EDGE_CURVE('',#1231,#1231,#301,.T.);
#1034=EDGE_CURVE('',#1232,#1232,#302,.T.);
#1035=EDGE_CURVE('',#1233,#1233,#303,.T.);
#1036=EDGE_CURVE('',#1234,#1234,#304,.T.);
#1037=EDGE_CURVE('',#1235,#1235,#305,.T.);
#1038=EDGE_CURVE('',#1236,#1236,#306,.T.);
#1039=EDGE_CURVE('',#1237,#1237,#307,.T.);
#1040=EDGE_CURVE('',#1238,#1238,#308,.T.);
#1041=EDGE_CURVE('',#1239,#1239,#309,.T.);
#1042=EDGE_CURVE('',#1240,#1240,#310,.T.);
#1043=EDGE_CURVE('',#1241,#1241,#311,.T.);
#1044=EDGE_CURVE('',#1242,#1242,#312,.T.);
#1045=EDGE_CURVE('',#1243,#1243,#313,.T.);
#1046=EDGE_CURVE('',#1244,#1244,#314,.T.);
#1047=EDGE_CURVE('',#1245,#1245,#315,.T.);
#1048=EDGE_CURVE('',#1246,#1246,#316,.F.);
#1049=EDGE_CURVE('',#1247,#1247,#317,.T.);
#1050=EDGE_CURVE('',#1248,#1248,#318,.T.);
#1051=EDGE_CURVE('',#1249,#1249,#319,.T.);
#1052=EDGE_CURVE('',#1250,#1250,#320,.T.);
#1053=EDGE_CURVE('',#1251,#1251,#321,.T.);
#1054=EDGE_CURVE('',#1252,#1252,#322,.T.);
#1055=EDGE_CURVE('',#1253,#1253,#323,.T.);
#1056=EDGE_CURVE('',#1254,#1254,#324,.F.);
#1057=EDGE_CURVE('',#1255,#1255,#325,.T.);
#1058=EDGE_CURVE('',#1256,#1256,#326,.T.);
#1059=EDGE_CURVE('',#1257,#1257,#327,.T.);
#1060=EDGE_CURVE('',#1258,#1258,#328,.T.);
#1061=EDGE_CURVE('',#1259,#1259,#329,.T.);
#1062=EDGE_CURVE('',#1260,#1260,#330,.T.);
#1063=EDGE_CURVE('',#1261,#1261,#331,.T.);
#1064=EDGE_CURVE('',#1262,#1262,#332,.T.);
#1065=EDGE_CURVE('',#1263,#1263,#333,.T.);
#1066=EDGE_CURVE('',#1264,#1264,#334,.T.);
#1067=EDGE_CURVE('',#1265,#1265,#335,.T.);
#1068=EDGE_CURVE('',#1266,#1266,#336,.T.);
#1069=EDGE_CURVE('',#1267,#1267,#337,.T.);
#1070=EDGE_CURVE('',#1268,#1268,#338,.T.);
#1071=EDGE_CURVE('',#1269,#1269,#339,.T.);
#1072=EDGE_CURVE('',#1270,#1270,#340,.T.);
#1073=EDGE_CURVE('',#1271,#1271,#341,.T.);
#1074=EDGE_CURVE('',#1272,#1272,#342,.T.);
#1075=EDGE_CURVE('',#1273,#1273,#343,.T.);
#1076=EDGE_CURVE('',#1274,#1274,#344,.T.);
#1077=EDGE_CURVE('',#1275,#1275,#345,.T.);
#1078=EDGE_CURVE('',#1276,#1276,#346,.T.);
#1079=EDGE_CURVE('',#1277,#1277,#347,.T.);
#1080=EDGE_CURVE('',#1278,#1278,#348,.T.);
#1081=EDGE_CURVE('',#1279,#1279,#349,.T.);
#1082=EDGE_CURVE('',#1280,#1280,#350,.T.);
#1083=EDGE_CURVE('',#1281,#1281,#351,.T.);
#1084=EDGE_CURVE('',#1282,#1282,#352,.T.);
#1085=EDGE_CURVE('',#1283,#1283,#353,.T.);
#1086=EDGE_CURVE('',#1284,#1284,#354,.T.);
#1087=EDGE_CURVE('',#1285,#1285,#355,.T.);
#1088=EDGE_CURVE('',#1286,#1286,#356,.T.);
#1089=EDGE_CURVE('',#1287,#1287,#357,.T.);
#1090=EDGE_CURVE('',#1288,#1288,#358,.T.);
#1091=EDGE_CURVE('',#1289,#1289,#359,.T.);
#1092=EDGE_CURVE('',#1290,#1291,#360,.T.);
#1093=EDGE_CURVE('',#1291,#1292,#361,.T.);
#1094=EDGE_CURVE('',#1292,#1293,#362,.T.);
#1095=EDGE_CURVE('',#1293,#1294,#363,.T.);
#1096=EDGE_CURVE('',#1294,#1295,#364,.T.);
#1097=EDGE_CURVE('',#1295,#1290,#365,.T.);
#1098=EDGE_CURVE('',#1296,#1296,#366,.T.);
#1099=EDGE_CURVE('',#1297,#1294,#68,.T.);
#1100=EDGE_CURVE('',#1293,#1297,#69,.T.);
#1101=EDGE_CURVE('',#1292,#1298,#70,.F.);
#1102=EDGE_CURVE('',#1298,#1293,#71,.T.);
#1103=EDGE_CURVE('',#1299,#1299,#367,.T.);
#1104=EDGE_CURVE('',#1291,#1300,#72,.T.);
#1105=EDGE_CURVE('',#1300,#1292,#73,.F.);
#1106=EDGE_CURVE('',#1290,#1301,#74,.T.);
#1107=EDGE_CURVE('',#1301,#1291,#75,.T.);
#1108=EDGE_CURVE('',#1295,#1302,#76,.T.);
#1109=EDGE_CURVE('',#1302,#1290,#77,.T.);
#1110=EDGE_CURVE('',#1294,#1303,#78,.T.);
#1111=EDGE_CURVE('',#1303,#1295,#79,.T.);
#1112=EDGE_CURVE('',#1304,#1304,#368,.T.);
#1113=EDGE_CURVE('',#1305,#1305,#369,.T.);
#1114=EDGE_CURVE('',#1298,#1306,#1386,.T.);
#1115=EDGE_CURVE('',#1306,#1307,#1387,.T.);
#1116=EDGE_CURVE('',#1307,#1308,#1388,.T.);
#1117=EDGE_CURVE('',#1297,#1308,#1389,.T.);
#1118=EDGE_CURVE('',#1309,#1310,#1390,.T.);
#1119=EDGE_CURVE('',#1310,#1306,#1391,.T.);
#1120=EDGE_CURVE('',#1300,#1309,#1392,.T.);
#1121=EDGE_CURVE('',#1301,#1311,#1393,.T.);
#1122=EDGE_CURVE('',#1311,#1312,#1394,.T.);
#1123=EDGE_CURVE('',#1312,#1309,#1395,.T.);
#1124=EDGE_CURVE('',#1313,#1314,#1396,.T.);
#1125=EDGE_CURVE('',#1314,#1311,#1397,.T.);
#1126=EDGE_CURVE('',#1302,#1313,#1398,.T.);
#1127=EDGE_CURVE('',#1303,#1315,#1399,.T.);
#1128=EDGE_CURVE('',#1315,#1316,#1400,.T.);
#1129=EDGE_CURVE('',#1316,#1313,#1401,.T.);
#1130=EDGE_CURVE('',#1308,#1317,#1402,.T.);
#1131=EDGE_CURVE('',#1317,#1315,#1403,.T.);
#1132=EDGE_CURVE('',#1307,#1317,#370,.T.);
#1133=EDGE_CURVE('',#1316,#1314,#371,.T.);
#1134=EDGE_CURVE('',#1317,#1316,#372,.T.);
#1135=EDGE_CURVE('',#1310,#1307,#373,.T.);
#1136=EDGE_CURVE('',#1312,#1310,#374,.T.);
#1137=EDGE_CURVE('',#1314,#1312,#375,.T.);
#1138=EDGE_CURVE('',#1318,#1318,#376,.T.);
#1139=EDGE_CURVE('',#1319,#1319,#377,.T.);
#1140=EDGE_CURVE('',#1320,#1320,#378,.T.);
#1141=EDGE_CURVE('',#1321,#1321,#379,.T.);
#1142=EDGE_CURVE('',#1322,#1322,#380,.T.);
#1143=EDGE_CURVE('',#1323,#1323,#381,.T.);
#1144=EDGE_CURVE('',#1324,#1324,#382,.T.);
#1145=EDGE_CURVE('',#1325,#1325,#383,.T.);
#1146=EDGE_CURVE('',#1326,#1326,#384,.T.);
#1147=EDGE_CURVE('',#1327,#1327,#385,.T.);
#1148=VERTEX_POINT('',#3268);
#1149=VERTEX_POINT('',#3269);
#1150=VERTEX_POINT('',#3271);
#1151=VERTEX_POINT('',#3273);
#1152=VERTEX_POINT('',#3276);
#1153=VERTEX_POINT('',#3277);
#1154=VERTEX_POINT('',#3279);
#1155=VERTEX_POINT('',#3281);
#1156=VERTEX_POINT('',#3283);
#1157=VERTEX_POINT('',#3285);
#1158=VERTEX_POINT('',#3287);
#1159=VERTEX_POINT('',#3289);
#1160=VERTEX_POINT('',#3291);
#1161=VERTEX_POINT('',#3293);
#1162=VERTEX_POINT('',#3295);
#1163=VERTEX_POINT('',#3297);
#1164=VERTEX_POINT('',#3301);
#1165=VERTEX_POINT('',#3302);
#1166=VERTEX_POINT('',#3307);
#1167=VERTEX_POINT('',#3310);
#1168=VERTEX_POINT('',#3312);
#1169=VERTEX_POINT('',#3316);
#1170=VERTEX_POINT('',#3321);
#1171=VERTEX_POINT('',#3323);
#1172=VERTEX_POINT('',#3328);
#1173=VERTEX_POINT('',#3330);
#1174=VERTEX_POINT('',#3334);
#1175=VERTEX_POINT('',#3335);
#1176=VERTEX_POINT('',#3337);
#1177=VERTEX_POINT('',#3339);
#1178=VERTEX_POINT('',#3343);
#1179=VERTEX_POINT('',#3345);
#1180=VERTEX_POINT('',#3349);
#1181=VERTEX_POINT('',#3351);
#1182=VERTEX_POINT('',#3355);
#1183=VERTEX_POINT('',#3357);
#1184=VERTEX_POINT('',#3367);
#1185=VERTEX_POINT('',#3369);
#1186=VERTEX_POINT('',#3373);
#1187=VERTEX_POINT('',#3377);
#1188=VERTEX_POINT('',#3383);
#1189=VERTEX_POINT('',#3385);
#1190=VERTEX_POINT('',#3389);
#1191=VERTEX_POINT('',#3391);
#1192=VERTEX_POINT('',#3404);
#1193=VERTEX_POINT('',#3405);
#1194=VERTEX_POINT('',#3411);
#1195=VERTEX_POINT('',#3413);
#1196=VERTEX_POINT('',#3418);
#1197=VERTEX_POINT('',#3429);
#1198=VERTEX_POINT('',#3431);
#1199=VERTEX_POINT('',#3436);
#1200=VERTEX_POINT('',#3447);
#1201=VERTEX_POINT('',#3449);
#1202=VERTEX_POINT('',#3454);
#1203=VERTEX_POINT('',#3465);
#1204=VERTEX_POINT('',#3467);
#1205=VERTEX_POINT('',#3472);
#1206=VERTEX_POINT('',#3483);
#1207=VERTEX_POINT('',#3485);
#1208=VERTEX_POINT('',#3490);
#1209=VERTEX_POINT('',#3505);
#1210=VERTEX_POINT('',#3512);
#1211=VERTEX_POINT('',#3521);
#1212=VERTEX_POINT('',#3523);
#1213=VERTEX_POINT('',#3526);
#1214=VERTEX_POINT('',#3528);
#1215=VERTEX_POINT('',#3541);
#1216=VERTEX_POINT('',#3542);
#1217=VERTEX_POINT('',#3548);
#1218=VERTEX_POINT('',#3554);
#1219=VERTEX_POINT('',#3560);
#1220=VERTEX_POINT('',#3566);
#1221=VERTEX_POINT('',#3573);
#1222=VERTEX_POINT('',#3698);
#1223=VERTEX_POINT('',#3700);
#1224=VERTEX_POINT('',#3709);
#1225=VERTEX_POINT('',#3711);
#1226=VERTEX_POINT('',#3714);
#1227=VERTEX_POINT('',#3716);
#1228=VERTEX_POINT('',#3718);
#1229=VERTEX_POINT('',#3720);
#1230=VERTEX_POINT('',#3722);
#1231=VERTEX_POINT('',#3724);
#1232=VERTEX_POINT('',#3726);
#1233=VERTEX_POINT('',#3728);
#1234=VERTEX_POINT('',#3731);
#1235=VERTEX_POINT('',#3733);
#1236=VERTEX_POINT('',#3735);
#1237=VERTEX_POINT('',#3737);
#1238=VERTEX_POINT('',#3739);
#1239=VERTEX_POINT('',#3741);
#1240=VERTEX_POINT('',#3743);
#1241=VERTEX_POINT('',#3746);
#1242=VERTEX_POINT('',#3748);
#1243=VERTEX_POINT('',#3751);
#1244=VERTEX_POINT('',#3755);
#1245=VERTEX_POINT('',#3757);
#1246=VERTEX_POINT('',#3766);
#1247=VERTEX_POINT('',#3769);
#1248=VERTEX_POINT('',#3772);
#1249=VERTEX_POINT('',#3774);
#1250=VERTEX_POINT('',#3777);
#1251=VERTEX_POINT('',#3782);
#1252=VERTEX_POINT('',#3785);
#1253=VERTEX_POINT('',#3788);
#1254=VERTEX_POINT('',#3793);
#1255=VERTEX_POINT('',#3795);
#1256=VERTEX_POINT('',#3798);
#1257=VERTEX_POINT('',#3800);
#1258=VERTEX_POINT('',#3803);
#1259=VERTEX_POINT('',#3805);
#1260=VERTEX_POINT('',#3807);
#1261=VERTEX_POINT('',#3809);
#1262=VERTEX_POINT('',#3811);
#1263=VERTEX_POINT('',#3813);
#1264=VERTEX_POINT('',#3815);
#1265=VERTEX_POINT('',#3818);
#1266=VERTEX_POINT('',#3820);
#1267=VERTEX_POINT('',#3822);
#1268=VERTEX_POINT('',#3824);
#1269=VERTEX_POINT('',#3826);
#1270=VERTEX_POINT('',#3828);
#1271=VERTEX_POINT('',#3830);
#1272=VERTEX_POINT('',#3833);
#1273=VERTEX_POINT('',#3835);
#1274=VERTEX_POINT('',#3838);
#1275=VERTEX_POINT('',#3842);
#1276=VERTEX_POINT('',#3844);
#1277=VERTEX_POINT('',#3853);
#1278=VERTEX_POINT('',#3856);
#1279=VERTEX_POINT('',#3859);
#1280=VERTEX_POINT('',#3863);
#1281=VERTEX_POINT('',#3876);
#1282=VERTEX_POINT('',#3878);
#1283=VERTEX_POINT('',#3885);
#1284=VERTEX_POINT('',#3887);
#1285=VERTEX_POINT('',#3890);
#1286=VERTEX_POINT('',#3892);
#1287=VERTEX_POINT('',#3895);
#1288=VERTEX_POINT('',#3897);
#1289=VERTEX_POINT('',#3909);
#1290=VERTEX_POINT('',#3911);
#1291=VERTEX_POINT('',#3912);
#1292=VERTEX_POINT('',#3914);
#1293=VERTEX_POINT('',#3916);
#1294=VERTEX_POINT('',#3918);
#1295=VERTEX_POINT('',#3920);
#1296=VERTEX_POINT('',#3924);
#1297=VERTEX_POINT('',#3930);
#1298=VERTEX_POINT('',#3940);
#1299=VERTEX_POINT('',#3947);
#1300=VERTEX_POINT('',#3953);
#1301=VERTEX_POINT('',#3963);
#1302=VERTEX_POINT('',#3973);
#1303=VERTEX_POINT('',#3983);
#1304=VERTEX_POINT('',#3990);
#1305=VERTEX_POINT('',#3992);
#1306=VERTEX_POINT('',#3995);
#1307=VERTEX_POINT('',#3997);
#1308=VERTEX_POINT('',#3999);
#1309=VERTEX_POINT('',#4003);
#1310=VERTEX_POINT('',#4004);
#1311=VERTEX_POINT('',#4009);
#1312=VERTEX_POINT('',#4011);
#1313=VERTEX_POINT('',#4015);
#1314=VERTEX_POINT('',#4016);
#1315=VERTEX_POINT('',#4021);
#1316=VERTEX_POINT('',#4023);
#1317=VERTEX_POINT('',#4027);
#1318=VERTEX_POINT('',#4048);
#1319=VERTEX_POINT('',#4050);
#1320=VERTEX_POINT('',#4060);
#1321=VERTEX_POINT('',#4062);
#1322=VERTEX_POINT('',#4065);
#1323=VERTEX_POINT('',#4067);
#1324=VERTEX_POINT('',#4073);
#1325=VERTEX_POINT('',#4076);
#1326=VERTEX_POINT('',#4079);
#1327=VERTEX_POINT('',#4082);
#1328=LINE('',#3267,#1404);
#1329=LINE('',#3270,#1405);
#1330=LINE('',#3272,#1406);
#1331=LINE('',#3274,#1407);
#1332=LINE('',#3275,#1408);
#1333=LINE('',#3278,#1409);
#1334=LINE('',#3280,#1410);
#1335=LINE('',#3282,#1411);
#1336=LINE('',#3284,#1412);
#1337=LINE('',#3286,#1413);
#1338=LINE('',#3288,#1414);
#1339=LINE('',#3290,#1415);
#1340=LINE('',#3292,#1416);
#1341=LINE('',#3294,#1417);
#1342=LINE('',#3296,#1418);
#1343=LINE('',#3298,#1419);
#1344=LINE('',#3300,#1420);
#1345=LINE('',#3303,#1421);
#1346=LINE('',#3304,#1422);
#1347=LINE('',#3306,#1423);
#1348=LINE('',#3308,#1424);
#1349=LINE('',#3309,#1425);
#1350=LINE('',#3311,#1426);
#1351=LINE('',#3313,#1427);
#1352=LINE('',#3315,#1428);
#1353=LINE('',#3317,#1429);
#1354=LINE('',#3319,#1430);
#1355=LINE('',#3320,#1431);
#1356=LINE('',#3322,#1432);
#1357=LINE('',#3324,#1433);
#1358=LINE('',#3329,#1434);
#1359=LINE('',#3336,#1435);
#1360=LINE('',#3340,#1436);
#1361=LINE('',#3342,#1437);
#1362=LINE('',#3344,#1438);
#1363=LINE('',#3346,#1439);
#1364=LINE('',#3350,#1440);
#1365=LINE('',#3354,#1441);
#1366=LINE('',#3356,#1442);
#1367=LINE('',#3358,#1443);
#1368=LINE('',#3366,#1444);
#1369=LINE('',#3370,#1445);
#1370=LINE('',#3372,#1446);
#1371=LINE('',#3374,#1447);
#1372=LINE('',#3376,#1448);
#1373=LINE('',#3380,#1449);
#1374=LINE('',#3382,#1450);
#1375=LINE('',#3386,#1451);
#1376=LINE('',#3388,#1452);
#1377=LINE('',#3392,#1453);
#1378=LINE('',#3394,#1454);
#1379=LINE('',#3396,#1455);
#1380=LINE('',#3403,#1456);
#1381=LINE('',#3412,#1457);
#1382=LINE('',#3430,#1458);
#1383=LINE('',#3448,#1459);
#1384=LINE('',#3466,#1460);
#1385=LINE('',#3484,#1461);
#1386=LINE('',#3994,#1462);
#1387=LINE('',#3996,#1463);
#1388=LINE('',#3998,#1464);
#1389=LINE('',#4000,#1465);
#1390=LINE('',#4002,#1466);
#1391=LINE('',#4005,#1467);
#1392=LINE('',#4006,#1468);
#1393=LINE('',#4008,#1469);
#1394=LINE('',#4010,#1470);
#1395=LINE('',#4012,#1471);
#1396=LINE('',#4014,#1472);
#1397=LINE('',#4017,#1473);
#1398=LINE('',#4018,#1474);
#1399=LINE('',#4020,#1475);
#1400=LINE('',#4022,#1476);
#1401=LINE('',#4024,#1477);
#1402=LINE('',#4026,#1478);
#1403=LINE('',#4028,#1479);
#1404=VECTOR('',#2601,1.);
#1405=VECTOR('',#2602,1.);
#1406=VECTOR('',#2603,1.);
#1407=VECTOR('',#2604,1.);
#1408=VECTOR('',#2605,1.);
#1409=VECTOR('',#2606,1.);
#1410=VECTOR('',#2607,1.);
#1411=VECTOR('',#2608,1.);
#1412=VECTOR('',#2609,1.);
#1413=VECTOR('',#2610,1.);
#1414=VECTOR('',#2611,1.);
#1415=VECTOR('',#2612,1.);
#1416=VECTOR('',#2613,1.);
#1417=VECTOR('',#2614,1.);
#1418=VECTOR('',#2615,1.);
#1419=VECTOR('',#2616,1.);
#1420=VECTOR('',#2619,1.);
#1421=VECTOR('',#2620,1.);
#1422=VECTOR('',#2621,1.);
#1423=VECTOR('',#2624,1.);
#1424=VECTOR('',#2625,1.);
#1425=VECTOR('',#2626,1.);
#1426=VECTOR('',#2627,1.);
#1427=VECTOR('',#2628,1.);
#1428=VECTOR('',#2631,1.);
#1429=VECTOR('',#2632,1.);
#1430=VECTOR('',#2635,1.);
#1431=VECTOR('',#2636,1.);
#1432=VECTOR('',#2637,1.);
#1433=VECTOR('',#2638,1.);
#1434=VECTOR('',#2645,1.);
#1435=VECTOR('',#2652,1.);
#1436=VECTOR('',#2655,1.);
#1437=VECTOR('',#2658,1.);
#1438=VECTOR('',#2659,1.);
#1439=VECTOR('',#2660,1.);
#1440=VECTOR('',#2665,1.);
#1441=VECTOR('',#2670,1.);
#1442=VECTOR('',#2671,1.);
#1443=VECTOR('',#2672,1.);
#1444=VECTOR('',#2687,1.);
#1445=VECTOR('',#2690,1.);
#1446=VECTOR('',#2693,1.);
#1447=VECTOR('',#2694,1.);
#1448=VECTOR('',#2697,1.);
#1449=VECTOR('',#2702,1.);
#1450=VECTOR('',#2705,1.);
#1451=VECTOR('',#2708,1.);
#1452=VECTOR('',#2711,1.);
#1453=VECTOR('',#2714,1.);
#1454=VECTOR('',#2717,1.);
#1455=VECTOR('',#2720,1.);
#1456=VECTOR('',#2733,1.);
#1457=VECTOR('',#2734,1.);
#1458=VECTOR('',#2737,1.);
#1459=VECTOR('',#2740,1.);
#1460=VECTOR('',#2743,1.);
#1461=VECTOR('',#2746,1.);
#1462=VECTOR('',#3141,1.);
#1463=VECTOR('',#3142,1.);
#1464=VECTOR('',#3143,1.);
#1465=VECTOR('',#3144,1.);
#1466=VECTOR('',#3147,1.);
#1467=VECTOR('',#3148,1.);
#1468=VECTOR('',#3149,1.);
#1469=VECTOR('',#3152,1.);
#1470=VECTOR('',#3153,1.);
#1471=VECTOR('',#3154,1.);
#1472=VECTOR('',#3157,1.);
#1473=VECTOR('',#3158,1.);
#1474=VECTOR('',#3159,1.);
#1475=VECTOR('',#3162,1.);
#1476=VECTOR('',#3163,1.);
#1477=VECTOR('',#3164,1.);
#1478=VECTOR('',#3167,1.);
#1479=VECTOR('',#3168,1.);
#1480=EDGE_LOOP('',(#434,#435,#436,#437));
#1481=EDGE_LOOP('',(#438,#439,#440,#441,#442,#443,#444,#445,#446,#447,#448,
#449));
#1482=EDGE_LOOP('',(#450,#451,#452,#453));
#1483=EDGE_LOOP('',(#454,#455,#456,#457,#458,#459,#460,#461));
#1484=EDGE_LOOP('',(#462,#463,#464,#465));
#1485=EDGE_LOOP('',(#466,#467,#468,#469,#470,#471,#472,#473));
#1486=EDGE_LOOP('',(#474,#475,#476,#477));
#1487=EDGE_LOOP('',(#478,#479,#480,#481));
#1488=EDGE_LOOP('',(#482,#483,#484,#485));
#1489=EDGE_LOOP('',(#486,#487,#488,#489));
#1490=EDGE_LOOP('',(#490,#491,#492,#493));
#1491=EDGE_LOOP('',(#494,#495,#496,#497));
#1492=EDGE_LOOP('',(#498,#499,#500,#501,#502,#503,#504,#505));
#1493=EDGE_LOOP('',(#506,#507,#508,#509,#510,#511,#512,#513));
#1494=EDGE_LOOP('',(#514,#515,#516,#517,#518));
#1495=EDGE_LOOP('',(#519,#520,#521,#522));
#1496=EDGE_LOOP('',(#523,#524,#525,#526,#527));
#1497=EDGE_LOOP('',(#528,#529,#530,#531));
#1498=EDGE_LOOP('',(#532,#533,#534,#535,#536));
#1499=EDGE_LOOP('',(#537,#538,#539,#540,#541));
#1500=EDGE_LOOP('',(#542,#543,#544,#545));
#1501=EDGE_LOOP('',(#546,#547,#548,#549));
#1502=EDGE_LOOP('',(#550,#551,#552,#553));
#1503=EDGE_LOOP('',(#554,#555,#556,#557));
#1504=EDGE_LOOP('',(#558,#559,#560,#561));
#1505=EDGE_LOOP('',(#562,#563,#564,#565));
#1506=EDGE_LOOP('',(#566,#567,#568,#569,#570));
#1507=EDGE_LOOP('',(#571,#572,#573,#574,#575));
#1508=EDGE_LOOP('',(#576,#577,#578,#579,#580));
#1509=EDGE_LOOP('',(#581,#582,#583,#584,#585));
#1510=EDGE_LOOP('',(#586,#587,#588,#589,#590));
#1511=EDGE_LOOP('',(#591,#592,#593,#594,#595));
#1512=EDGE_LOOP('',(#596));
#1513=EDGE_LOOP('',(#597,#598,#599,#600,#601,#602));
#1514=EDGE_LOOP('',(#603));
#1515=EDGE_LOOP('',(#604));
#1516=EDGE_LOOP('',(#605));
#1517=EDGE_LOOP('',(#606));
#1518=EDGE_LOOP('',(#607,#608,#609));
#1519=EDGE_LOOP('',(#610,#611,#612));
#1520=EDGE_LOOP('',(#613,#614,#615));
#1521=EDGE_LOOP('',(#616,#617,#618));
#1522=EDGE_LOOP('',(#619,#620,#621));
#1523=EDGE_LOOP('',(#622,#623,#624));
#1524=EDGE_LOOP('',(#625,#626,#627,#628,#629,#630));
#1525=EDGE_LOOP('',(#631));
#1526=EDGE_LOOP('',(#632));
#1527=EDGE_LOOP('',(#633));
#1528=EDGE_LOOP('',(#634,#635,#636,#637));
#1529=EDGE_LOOP('',(#638,#639,#640,#641));
#1530=EDGE_LOOP('',(#642,#643,#644,#645));
#1531=EDGE_LOOP('',(#646,#647,#648,#649));
#1532=EDGE_LOOP('',(#650,#651,#652,#653));
#1533=EDGE_LOOP('',(#654,#655,#656,#657));
#1534=EDGE_LOOP('',(#658));
#1535=EDGE_LOOP('',(#659));
#1536=EDGE_LOOP('',(#660));
#1537=EDGE_LOOP('',(#661));
#1538=EDGE_LOOP('',(#662));
#1539=EDGE_LOOP('',(#663));
#1540=EDGE_LOOP('',(#664));
#1541=EDGE_LOOP('',(#665));
#1542=EDGE_LOOP('',(#666));
#1543=EDGE_LOOP('',(#667));
#1544=EDGE_LOOP('',(#668));
#1545=EDGE_LOOP('',(#669));
#1546=EDGE_LOOP('',(#670));
#1547=EDGE_LOOP('',(#671));
#1548=EDGE_LOOP('',(#672));
#1549=EDGE_LOOP('',(#673));
#1550=EDGE_LOOP('',(#674));
#1551=EDGE_LOOP('',(#675));
#1552=EDGE_LOOP('',(#676));
#1553=EDGE_LOOP('',(#677));
#1554=EDGE_LOOP('',(#678));
#1555=EDGE_LOOP('',(#679));
#1556=EDGE_LOOP('',(#680));
#1557=EDGE_LOOP('',(#681));
#1558=EDGE_LOOP('',(#682));
#1559=EDGE_LOOP('',(#683));
#1560=EDGE_LOOP('',(#684));
#1561=EDGE_LOOP('',(#685));
#1562=EDGE_LOOP('',(#686));
#1563=EDGE_LOOP('',(#687));
#1564=EDGE_LOOP('',(#688));
#1565=EDGE_LOOP('',(#689));
#1566=EDGE_LOOP('',(#690));
#1567=EDGE_LOOP('',(#691));
#1568=EDGE_LOOP('',(#692));
#1569=EDGE_LOOP('',(#693));
#1570=EDGE_LOOP('',(#694));
#1571=EDGE_LOOP('',(#695));
#1572=EDGE_LOOP('',(#696));
#1573=EDGE_LOOP('',(#697));
#1574=EDGE_LOOP('',(#698));
#1575=EDGE_LOOP('',(#699));
#1576=EDGE_LOOP('',(#700));
#1577=EDGE_LOOP('',(#701));
#1578=EDGE_LOOP('',(#702));
#1579=EDGE_LOOP('',(#703));
#1580=EDGE_LOOP('',(#704));
#1581=EDGE_LOOP('',(#705));
#1582=EDGE_LOOP('',(#706));
#1583=EDGE_LOOP('',(#707));
#1584=EDGE_LOOP('',(#708));
#1585=EDGE_LOOP('',(#709));
#1586=EDGE_LOOP('',(#710));
#1587=EDGE_LOOP('',(#711));
#1588=EDGE_LOOP('',(#712));
#1589=EDGE_LOOP('',(#713));
#1590=EDGE_LOOP('',(#714));
#1591=EDGE_LOOP('',(#715));
#1592=EDGE_LOOP('',(#716));
#1593=EDGE_LOOP('',(#717));
#1594=EDGE_LOOP('',(#718));
#1595=EDGE_LOOP('',(#719));
#1596=EDGE_LOOP('',(#720));
#1597=EDGE_LOOP('',(#721));
#1598=EDGE_LOOP('',(#722));
#1599=EDGE_LOOP('',(#723));
#1600=EDGE_LOOP('',(#724));
#1601=EDGE_LOOP('',(#725));
#1602=EDGE_LOOP('',(#726));
#1603=EDGE_LOOP('',(#727));
#1604=EDGE_LOOP('',(#728));
#1605=EDGE_LOOP('',(#729));
#1606=EDGE_LOOP('',(#730));
#1607=EDGE_LOOP('',(#731));
#1608=EDGE_LOOP('',(#732));
#1609=EDGE_LOOP('',(#733));
#1610=EDGE_LOOP('',(#734));
#1611=EDGE_LOOP('',(#735));
#1612=EDGE_LOOP('',(#736));
#1613=EDGE_LOOP('',(#737));
#1614=EDGE_LOOP('',(#738));
#1615=EDGE_LOOP('',(#739));
#1616=EDGE_LOOP('',(#740));
#1617=EDGE_LOOP('',(#741));
#1618=EDGE_LOOP('',(#742));
#1619=EDGE_LOOP('',(#743));
#1620=EDGE_LOOP('',(#744));
#1621=EDGE_LOOP('',(#745));
#1622=EDGE_LOOP('',(#746));
#1623=EDGE_LOOP('',(#747));
#1624=EDGE_LOOP('',(#748));
#1625=EDGE_LOOP('',(#749));
#1626=EDGE_LOOP('',(#750));
#1627=EDGE_LOOP('',(#751));
#1628=EDGE_LOOP('',(#752));
#1629=EDGE_LOOP('',(#753));
#1630=EDGE_LOOP('',(#754));
#1631=EDGE_LOOP('',(#755));
#1632=EDGE_LOOP('',(#756));
#1633=EDGE_LOOP('',(#757));
#1634=EDGE_LOOP('',(#758));
#1635=EDGE_LOOP('',(#759));
#1636=EDGE_LOOP('',(#760));
#1637=EDGE_LOOP('',(#761));
#1638=EDGE_LOOP('',(#762));
#1639=EDGE_LOOP('',(#763));
#1640=EDGE_LOOP('',(#764));
#1641=EDGE_LOOP('',(#765));
#1642=EDGE_LOOP('',(#766));
#1643=EDGE_LOOP('',(#767));
#1644=EDGE_LOOP('',(#768));
#1645=EDGE_LOOP('',(#769));
#1646=EDGE_LOOP('',(#770));
#1647=EDGE_LOOP('',(#771));
#1648=EDGE_LOOP('',(#772));
#1649=EDGE_LOOP('',(#773));
#1650=EDGE_LOOP('',(#774));
#1651=EDGE_LOOP('',(#775));
#1652=EDGE_LOOP('',(#776));
#1653=EDGE_LOOP('',(#777));
#1654=EDGE_LOOP('',(#778));
#1655=EDGE_LOOP('',(#779));
#1656=EDGE_LOOP('',(#780));
#1657=EDGE_LOOP('',(#781));
#1658=EDGE_LOOP('',(#782));
#1659=EDGE_LOOP('',(#783));
#1660=EDGE_LOOP('',(#784));
#1661=EDGE_LOOP('',(#785));
#1662=EDGE_LOOP('',(#786));
#1663=EDGE_LOOP('',(#787));
#1664=EDGE_LOOP('',(#788));
#1665=EDGE_LOOP('',(#789));
#1666=EDGE_LOOP('',(#790));
#1667=EDGE_LOOP('',(#791));
#1668=EDGE_LOOP('',(#792));
#1669=EDGE_LOOP('',(#793));
#1670=EDGE_LOOP('',(#794));
#1671=EDGE_LOOP('',(#795));
#1672=EDGE_LOOP('',(#796));
#1673=EDGE_LOOP('',(#797,#798,#799,#800,#801,#802));
#1674=EDGE_LOOP('',(#803));
#1675=EDGE_LOOP('',(#804));
#1676=EDGE_LOOP('',(#805,#806,#807));
#1677=EDGE_LOOP('',(#808,#809,#810));
#1678=EDGE_LOOP('',(#811));
#1679=EDGE_LOOP('',(#812));
#1680=EDGE_LOOP('',(#813,#814,#815));
#1681=EDGE_LOOP('',(#816,#817,#818));
#1682=EDGE_LOOP('',(#819,#820,#821));
#1683=EDGE_LOOP('',(#822,#823,#824));
#1684=EDGE_LOOP('',(#825));
#1685=EDGE_LOOP('',(#826));
#1686=EDGE_LOOP('',(#827,#828,#829,#830,#831,#832));
#1687=EDGE_LOOP('',(#833,#834,#835,#836,#837,#838));
#1688=EDGE_LOOP('',(#839,#840,#841,#842,#843,#844));
#1689=EDGE_LOOP('',(#845,#846,#847,#848,#849,#850));
#1690=EDGE_LOOP('',(#851,#852,#853,#854,#855,#856));
#1691=EDGE_LOOP('',(#857,#858,#859,#860,#861,#862));
#1692=EDGE_LOOP('',(#863));
#1693=EDGE_LOOP('',(#864));
#1694=EDGE_LOOP('',(#865,#866,#867));
#1695=EDGE_LOOP('',(#868));
#1696=EDGE_LOOP('',(#869,#870,#871,#872,#873,#874));
#1697=EDGE_LOOP('',(#875,#876,#877));
#1698=EDGE_LOOP('',(#878,#879,#880));
#1699=EDGE_LOOP('',(#881,#882,#883));
#1700=EDGE_LOOP('',(#884,#885,#886));
#1701=EDGE_LOOP('',(#887,#888,#889));
#1702=EDGE_LOOP('',(#890));
#1703=EDGE_LOOP('',(#891));
#1704=EDGE_LOOP('',(#892));
#1705=EDGE_LOOP('',(#893));
#1706=EDGE_LOOP('',(#894));
#1707=EDGE_LOOP('',(#895));
#1708=EDGE_LOOP('',(#896));
#1709=EDGE_LOOP('',(#897));
#1710=EDGE_LOOP('',(#898));
#1711=EDGE_LOOP('',(#899));
#1712=EDGE_LOOP('',(#900));
#1713=EDGE_LOOP('',(#901));
#1714=EDGE_LOOP('',(#902));
#1715=EDGE_LOOP('',(#903));
#1716=EDGE_LOOP('',(#904));
#1717=EDGE_LOOP('',(#905));
#1718=EDGE_LOOP('',(#906));
#1719=EDGE_LOOP('',(#907));
#1720=EDGE_LOOP('',(#908));
#1721=EDGE_LOOP('',(#909));
#1722=FACE_BOUND('',#1480,.T.);
#1723=FACE_BOUND('',#1481,.T.);
#1724=FACE_BOUND('',#1482,.T.);
#1725=FACE_BOUND('',#1483,.T.);
#1726=FACE_BOUND('',#1484,.T.);
#1727=FACE_BOUND('',#1485,.T.);
#1728=FACE_BOUND('',#1486,.T.);
#1729=FACE_BOUND('',#1487,.T.);
#1730=FACE_BOUND('',#1488,.T.);
#1731=FACE_BOUND('',#1489,.T.);
#1732=FACE_BOUND('',#1490,.T.);
#1733=FACE_BOUND('',#1491,.T.);
#1734=FACE_BOUND('',#1492,.T.);
#1735=FACE_BOUND('',#1493,.T.);
#1736=FACE_BOUND('',#1494,.T.);
#1737=FACE_BOUND('',#1495,.T.);
#1738=FACE_BOUND('',#1496,.T.);
#1739=FACE_BOUND('',#1497,.T.);
#1740=FACE_BOUND('',#1498,.T.);
#1741=FACE_BOUND('',#1499,.T.);
#1742=FACE_BOUND('',#1500,.T.);
#1743=FACE_BOUND('',#1501,.T.);
#1744=FACE_BOUND('',#1502,.T.);
#1745=FACE_BOUND('',#1503,.T.);
#1746=FACE_BOUND('',#1504,.T.);
#1747=FACE_BOUND('',#1505,.T.);
#1748=FACE_BOUND('',#1506,.T.);
#1749=FACE_BOUND('',#1507,.T.);
#1750=FACE_BOUND('',#1508,.T.);
#1751=FACE_BOUND('',#1509,.T.);
#1752=FACE_BOUND('',#1510,.T.);
#1753=FACE_BOUND('',#1511,.T.);
#1754=FACE_BOUND('',#1512,.T.);
#1755=FACE_BOUND('',#1513,.T.);
#1756=FACE_BOUND('',#1514,.T.);
#1757=FACE_BOUND('',#1515,.T.);
#1758=FACE_BOUND('',#1516,.T.);
#1759=FACE_BOUND('',#1517,.T.);
#1760=FACE_BOUND('',#1518,.T.);
#1761=FACE_BOUND('',#1519,.T.);
#1762=FACE_BOUND('',#1520,.T.);
#1763=FACE_BOUND('',#1521,.T.);
#1764=FACE_BOUND('',#1522,.T.);
#1765=FACE_BOUND('',#1523,.T.);
#1766=FACE_BOUND('',#1524,.T.);
#1767=FACE_BOUND('',#1525,.T.);
#1768=FACE_BOUND('',#1526,.T.);
#1769=FACE_BOUND('',#1527,.T.);
#1770=FACE_BOUND('',#1528,.T.);
#1771=FACE_BOUND('',#1529,.T.);
#1772=FACE_BOUND('',#1530,.T.);
#1773=FACE_BOUND('',#1531,.T.);
#1774=FACE_BOUND('',#1532,.T.);
#1775=FACE_BOUND('',#1533,.T.);
#1776=FACE_BOUND('',#1534,.T.);
#1777=FACE_BOUND('',#1535,.T.);
#1778=FACE_BOUND('',#1536,.T.);
#1779=FACE_BOUND('',#1537,.T.);
#1780=FACE_BOUND('',#1538,.T.);
#1781=FACE_BOUND('',#1539,.T.);
#1782=FACE_BOUND('',#1540,.T.);
#1783=FACE_BOUND('',#1541,.T.);
#1784=FACE_BOUND('',#1542,.T.);
#1785=FACE_BOUND('',#1543,.T.);
#1786=FACE_BOUND('',#1544,.T.);
#1787=FACE_BOUND('',#1545,.T.);
#1788=FACE_BOUND('',#1546,.T.);
#1789=FACE_BOUND('',#1547,.T.);
#1790=FACE_BOUND('',#1548,.T.);
#1791=FACE_BOUND('',#1549,.T.);
#1792=FACE_BOUND('',#1550,.T.);
#1793=FACE_BOUND('',#1551,.T.);
#1794=FACE_BOUND('',#1552,.T.);
#1795=FACE_BOUND('',#1553,.T.);
#1796=FACE_BOUND('',#1554,.T.);
#1797=FACE_BOUND('',#1555,.T.);
#1798=FACE_BOUND('',#1556,.T.);
#1799=FACE_BOUND('',#1557,.T.);
#1800=FACE_BOUND('',#1558,.T.);
#1801=FACE_BOUND('',#1559,.T.);
#1802=FACE_BOUND('',#1560,.T.);
#1803=FACE_BOUND('',#1561,.T.);
#1804=FACE_BOUND('',#1562,.T.);
#1805=FACE_BOUND('',#1563,.T.);
#1806=FACE_BOUND('',#1564,.T.);
#1807=FACE_BOUND('',#1565,.T.);
#1808=FACE_BOUND('',#1566,.T.);
#1809=FACE_BOUND('',#1567,.T.);
#1810=FACE_BOUND('',#1568,.T.);
#1811=FACE_BOUND('',#1569,.T.);
#1812=FACE_BOUND('',#1570,.T.);
#1813=FACE_BOUND('',#1571,.T.);
#1814=FACE_BOUND('',#1572,.T.);
#1815=FACE_BOUND('',#1573,.T.);
#1816=FACE_BOUND('',#1574,.T.);
#1817=FACE_BOUND('',#1575,.T.);
#1818=FACE_BOUND('',#1576,.T.);
#1819=FACE_BOUND('',#1577,.T.);
#1820=FACE_BOUND('',#1578,.T.);
#1821=FACE_BOUND('',#1579,.T.);
#1822=FACE_BOUND('',#1580,.T.);
#1823=FACE_BOUND('',#1581,.T.);
#1824=FACE_BOUND('',#1582,.T.);
#1825=FACE_BOUND('',#1583,.T.);
#1826=FACE_BOUND('',#1584,.T.);
#1827=FACE_BOUND('',#1585,.T.);
#1828=FACE_BOUND('',#1586,.T.);
#1829=FACE_BOUND('',#1587,.T.);
#1830=FACE_BOUND('',#1588,.T.);
#1831=FACE_BOUND('',#1589,.T.);
#1832=FACE_BOUND('',#1590,.T.);
#1833=FACE_BOUND('',#1591,.T.);
#1834=FACE_BOUND('',#1592,.T.);
#1835=FACE_BOUND('',#1593,.T.);
#1836=FACE_BOUND('',#1594,.T.);
#1837=FACE_BOUND('',#1595,.T.);
#1838=FACE_BOUND('',#1596,.T.);
#1839=FACE_BOUND('',#1597,.T.);
#1840=FACE_BOUND('',#1598,.T.);
#1841=FACE_BOUND('',#1599,.T.);
#1842=FACE_BOUND('',#1600,.T.);
#1843=FACE_BOUND('',#1601,.T.);
#1844=FACE_BOUND('',#1602,.T.);
#1845=FACE_BOUND('',#1603,.T.);
#1846=FACE_BOUND('',#1604,.T.);
#1847=FACE_BOUND('',#1605,.T.);
#1848=FACE_BOUND('',#1606,.T.);
#1849=FACE_BOUND('',#1607,.T.);
#1850=FACE_BOUND('',#1608,.T.);
#1851=FACE_BOUND('',#1609,.T.);
#1852=FACE_BOUND('',#1610,.T.);
#1853=FACE_BOUND('',#1611,.T.);
#1854=FACE_BOUND('',#1612,.T.);
#1855=FACE_BOUND('',#1613,.T.);
#1856=FACE_BOUND('',#1614,.T.);
#1857=FACE_BOUND('',#1615,.T.);
#1858=FACE_BOUND('',#1616,.T.);
#1859=FACE_BOUND('',#1617,.T.);
#1860=FACE_BOUND('',#1618,.T.);
#1861=FACE_BOUND('',#1619,.T.);
#1862=FACE_BOUND('',#1620,.T.);
#1863=FACE_BOUND('',#1621,.T.);
#1864=FACE_BOUND('',#1622,.T.);
#1865=FACE_BOUND('',#1623,.T.);
#1866=FACE_BOUND('',#1624,.T.);
#1867=FACE_BOUND('',#1625,.T.);
#1868=FACE_BOUND('',#1626,.T.);
#1869=FACE_BOUND('',#1627,.T.);
#1870=FACE_BOUND('',#1628,.T.);
#1871=FACE_BOUND('',#1629,.T.);
#1872=FACE_BOUND('',#1630,.T.);
#1873=FACE_BOUND('',#1631,.T.);
#1874=FACE_BOUND('',#1632,.T.);
#1875=FACE_BOUND('',#1633,.T.);
#1876=FACE_BOUND('',#1634,.T.);
#1877=FACE_BOUND('',#1635,.T.);
#1878=FACE_BOUND('',#1636,.T.);
#1879=FACE_BOUND('',#1637,.T.);
#1880=FACE_BOUND('',#1638,.T.);
#1881=FACE_BOUND('',#1639,.T.);
#1882=FACE_BOUND('',#1640,.T.);
#1883=FACE_BOUND('',#1641,.T.);
#1884=FACE_BOUND('',#1642,.T.);
#1885=FACE_BOUND('',#1643,.T.);
#1886=FACE_BOUND('',#1644,.T.);
#1887=FACE_BOUND('',#1645,.T.);
#1888=FACE_BOUND('',#1646,.T.);
#1889=FACE_BOUND('',#1647,.T.);
#1890=FACE_BOUND('',#1648,.T.);
#1891=FACE_BOUND('',#1649,.T.);
#1892=FACE_BOUND('',#1650,.T.);
#1893=FACE_BOUND('',#1651,.T.);
#1894=FACE_BOUND('',#1652,.T.);
#1895=FACE_BOUND('',#1653,.T.);
#1896=FACE_BOUND('',#1654,.T.);
#1897=FACE_BOUND('',#1655,.T.);
#1898=FACE_BOUND('',#1656,.T.);
#1899=FACE_BOUND('',#1657,.T.);
#1900=FACE_BOUND('',#1658,.T.);
#1901=FACE_BOUND('',#1659,.T.);
#1902=FACE_BOUND('',#1660,.T.);
#1903=FACE_BOUND('',#1661,.T.);
#1904=FACE_BOUND('',#1662,.T.);
#1905=FACE_BOUND('',#1663,.T.);
#1906=FACE_BOUND('',#1664,.T.);
#1907=FACE_BOUND('',#1665,.T.);
#1908=FACE_BOUND('',#1666,.T.);
#1909=FACE_BOUND('',#1667,.T.);
#1910=FACE_BOUND('',#1668,.T.);
#1911=FACE_BOUND('',#1669,.T.);
#1912=FACE_BOUND('',#1670,.T.);
#1913=FACE_BOUND('',#1671,.T.);
#1914=FACE_BOUND('',#1672,.T.);
#1915=FACE_BOUND('',#1673,.T.);
#1916=FACE_BOUND('',#1674,.T.);
#1917=FACE_BOUND('',#1675,.T.);
#1918=FACE_BOUND('',#1676,.T.);
#1919=FACE_BOUND('',#1677,.T.);
#1920=FACE_BOUND('',#1678,.T.);
#1921=FACE_BOUND('',#1679,.T.);
#1922=FACE_BOUND('',#1680,.T.);
#1923=FACE_BOUND('',#1681,.T.);
#1924=FACE_BOUND('',#1682,.T.);
#1925=FACE_BOUND('',#1683,.T.);
#1926=FACE_BOUND('',#1684,.T.);
#1927=FACE_BOUND('',#1685,.T.);
#1928=FACE_BOUND('',#1686,.T.);
#1929=FACE_BOUND('',#1687,.T.);
#1930=FACE_BOUND('',#1688,.T.);
#1931=FACE_BOUND('',#1689,.T.);
#1932=FACE_BOUND('',#1690,.T.);
#1933=FACE_BOUND('',#1691,.T.);
#1934=FACE_BOUND('',#1692,.T.);
#1935=FACE_BOUND('',#1693,.T.);
#1936=FACE_BOUND('',#1694,.T.);
#1937=FACE_BOUND('',#1695,.T.);
#1938=FACE_BOUND('',#1696,.T.);
#1939=FACE_BOUND('',#1697,.T.);
#1940=FACE_BOUND('',#1698,.T.);
#1941=FACE_BOUND('',#1699,.T.);
#1942=FACE_BOUND('',#1700,.T.);
#1943=FACE_BOUND('',#1701,.T.);
#1944=FACE_BOUND('',#1702,.T.);
#1945=FACE_BOUND('',#1703,.T.);
#1946=FACE_BOUND('',#1704,.T.);
#1947=FACE_BOUND('',#1705,.T.);
#1948=FACE_BOUND('',#1706,.T.);
#1949=FACE_BOUND('',#1707,.T.);
#1950=FACE_BOUND('',#1708,.T.);
#1951=FACE_BOUND('',#1709,.T.);
#1952=FACE_BOUND('',#1710,.T.);
#1953=FACE_BOUND('',#1711,.T.);
#1954=FACE_BOUND('',#1712,.T.);
#1955=FACE_BOUND('',#1713,.T.);
#1956=FACE_BOUND('',#1714,.T.);
#1957=FACE_BOUND('',#1715,.T.);
#1958=FACE_BOUND('',#1716,.T.);
#1959=FACE_BOUND('',#1717,.T.);
#1960=FACE_BOUND('',#1718,.T.);
#1961=FACE_BOUND('',#1719,.T.);
#1962=FACE_BOUND('',#1720,.T.);
#1963=FACE_BOUND('',#1721,.T.);
#1964=PLANE('',#2302);
#1965=PLANE('',#2303);
#1966=PLANE('',#2304);
#1967=PLANE('',#2305);
#1968=PLANE('',#2306);
#1969=PLANE('',#2307);
#1970=PLANE('',#2314);
#1971=PLANE('',#2318);
#1972=PLANE('',#2319);
#1973=PLANE('',#2322);
#1974=PLANE('',#2325);
#1975=PLANE('',#2327);
#1976=PLANE('',#2328);
#1977=PLANE('',#2330);
#1978=PLANE('',#2331);
#1979=PLANE('',#2333);
#1980=PLANE('',#2335);
#1981=PLANE('',#2336);
#1982=PLANE('',#2342);
#1983=PLANE('',#2343);
#1984=PLANE('',#2344);
#1985=PLANE('',#2345);
#1986=PLANE('',#2346);
#1987=PLANE('',#2347);
#1988=PLANE('',#2348);
#1989=PLANE('',#2359);
#1990=PLANE('',#2381);
#1991=PLANE('',#2382);
#1992=PLANE('',#2390);
#1993=PLANE('',#2399);
#1994=PLANE('',#2412);
#1995=PLANE('',#2413);
#1996=PLANE('',#2431);
#1997=PLANE('',#2432);
#1998=PLANE('',#2433);
#1999=PLANE('',#2439);
#2000=PLANE('',#2447);
#2001=PLANE('',#2455);
#2002=PLANE('',#2468);
#2003=PLANE('',#2469);
#2004=PLANE('',#2484);
#2005=PLANE('',#2487);
#2006=PLANE('',#2500);
#2007=PLANE('',#2501);
#2008=PLANE('',#2507);
#2009=PLANE('',#2510);
#2010=PLANE('',#2522);
#2011=PLANE('',#2540);
#2012=PLANE('',#2543);
#2013=PLANE('',#2544);
#2014=PLANE('',#2545);
#2015=PLANE('',#2546);
#2016=PLANE('',#2547);
#2017=PLANE('',#2548);
#2018=PLANE('',#2550);
#2019=PLANE('',#2558);
#2020=PLANE('',#2559);
#2021=PLANE('',#2560);
#2022=PLANE('',#2561);
#2023=PLANE('',#2562);
#2024=PLANE('',#2569);
#2025=PLANE('',#2570);
#2026=PLANE('',#2582);
#2027=PLANE('',#2583);
#2028=PLANE('',#2585);
#2029=PLANE('',#2593);
#2030=ADVANCED_FACE('',(#1722,#1723),#1964,.T.);
#2031=ADVANCED_FACE('',(#1724),#1965,.T.);
#2032=ADVANCED_FACE('',(#1725),#1966,.F.);
#2033=ADVANCED_FACE('',(#1726),#1967,.F.);
#2034=ADVANCED_FACE('',(#1727),#1968,.T.);
#2035=ADVANCED_FACE('',(#1728),#1969,.F.);
#2036=ADVANCED_FACE('',(#1729),#386,.T.);
#2037=ADVANCED_FACE('',(#1730),#387,.F.);
#2038=ADVANCED_FACE('',(#1731),#1970,.T.);
#2039=ADVANCED_FACE('',(#1732),#388,.T.);
#2040=ADVANCED_FACE('',(#1733),#1971,.T.);
#2041=ADVANCED_FACE('',(#1734),#1972,.T.);
#2042=ADVANCED_FACE('',(#1735),#1973,.F.);
#2043=ADVANCED_FACE('',(#1736),#1974,.F.);
#2044=ADVANCED_FACE('',(#1737),#1975,.F.);
#2045=ADVANCED_FACE('',(#1738),#1976,.T.);
#2046=ADVANCED_FACE('',(#1739),#1977,.T.);
#2047=ADVANCED_FACE('',(#1740),#1978,.T.);
#2048=ADVANCED_FACE('',(#1741),#1979,.F.);
#2049=ADVANCED_FACE('',(#1742),#1980,.T.);
#2050=ADVANCED_FACE('',(#1743),#1981,.T.);
#2051=ADVANCED_FACE('',(#1744),#389,.T.);
#2052=ADVANCED_FACE('',(#1745),#390,.T.);
#2053=ADVANCED_FACE('',(#1746),#391,.T.);
#2054=ADVANCED_FACE('',(#1747),#392,.T.);
#2055=ADVANCED_FACE('',(#1748),#1982,.T.);
#2056=ADVANCED_FACE('',(#1749),#1983,.T.);
#2057=ADVANCED_FACE('',(#1750),#1984,.T.);
#2058=ADVANCED_FACE('',(#1751),#1985,.T.);
#2059=ADVANCED_FACE('',(#1752),#1986,.T.);
#2060=ADVANCED_FACE('',(#1753),#1987,.T.);
#2061=ADVANCED_FACE('',(#1754,#1755),#1988,.T.);
#2062=ADVANCED_FACE('',(#1756,#1757),#393,.F.);
#2063=ADVANCED_FACE('',(#1758,#1759),#1989,.F.);
#2064=ADVANCED_FACE('',(#1760),#19,.T.);
#2065=ADVANCED_FACE('',(#1761),#20,.T.);
#2066=ADVANCED_FACE('',(#1762),#21,.T.);
#2067=ADVANCED_FACE('',(#1763),#22,.T.);
#2068=ADVANCED_FACE('',(#1764),#23,.T.);
#2069=ADVANCED_FACE('',(#1765),#24,.T.);
#2070=ADVANCED_FACE('',(#1766,#1767),#25,.T.);
#2071=ADVANCED_FACE('',(#1768,#1769),#18,.T.);
#2072=ADVANCED_FACE('',(#1770),#12,.F.);
#2073=ADVANCED_FACE('',(#1771),#13,.F.);
#2074=ADVANCED_FACE('',(#1772),#14,.F.);
#2075=ADVANCED_FACE('',(#1773),#15,.F.);
#2076=ADVANCED_FACE('',(#1774),#16,.F.);
#2077=ADVANCED_FACE('',(#1775),#17,.F.);
#2078=ADVANCED_FACE('',(#1776,#1777),#26,.F.);
#2079=ADVANCED_FACE('',(#1778,#1779),#27,.F.);
#2080=ADVANCED_FACE('',(#1780,#1781),#394,.T.);
#2081=ADVANCED_FACE('',(#1782),#1990,.F.);
#2082=ADVANCED_FACE('',(#1783),#1991,.T.);
#2083=ADVANCED_FACE('',(#1784,#1785),#395,.T.);
#2084=ADVANCED_FACE('',(#1786,#1787,#1788,#1789,#1790,#1791,#1792,#1793,
#1794),#1992,.F.);
#2085=ADVANCED_FACE('',(#1795,#1796,#1797,#1798,#1799,#1800,#1801,#1802),
#1993,.T.);
#2086=ADVANCED_FACE('',(#1803,#1804),#396,.T.);
#2087=ADVANCED_FACE('',(#1805,#1806),#397,.F.);
#2088=ADVANCED_FACE('',(#1807,#1808),#1994,.T.);
#2089=ADVANCED_FACE('',(#1809,#1810,#1811),#1995,.T.);
#2090=ADVANCED_FACE('',(#1812,#1813),#398,.F.);
#2091=ADVANCED_FACE('',(#1814,#1815),#399,.F.);
#2092=ADVANCED_FACE('',(#1816,#1817),#400,.F.);
#2093=ADVANCED_FACE('',(#1818,#1819),#401,.F.);
#2094=ADVANCED_FACE('',(#1820,#1821),#402,.F.);
#2095=ADVANCED_FACE('',(#1822,#1823),#403,.F.);
#2096=ADVANCED_FACE('',(#1824,#1825),#404,.F.);
#2097=ADVANCED_FACE('',(#1826,#1827),#405,.F.);
#2098=ADVANCED_FACE('',(#1828,#1829),#406,.F.);
#2099=ADVANCED_FACE('',(#1830,#1831),#407,.T.);
#2100=ADVANCED_FACE('',(#1832,#1833),#1996,.T.);
#2101=ADVANCED_FACE('',(#1834,#1835),#1997,.F.);
#2102=ADVANCED_FACE('',(#1836,#1837),#1998,.F.);
#2103=ADVANCED_FACE('',(#1838,#1839),#408,.F.);
#2104=ADVANCED_FACE('',(#1840,#1841),#409,.T.);
#2105=ADVANCED_FACE('',(#1842,#1843),#1999,.T.);
#2106=ADVANCED_FACE('',(#1844,#1845),#410,.T.);
#2107=ADVANCED_FACE('',(#1846,#1847),#411,.T.);
#2108=ADVANCED_FACE('',(#1848,#1849,#1850,#1851,#1852,#1853,#1854,#1855,
#1856),#2000,.F.);
#2109=ADVANCED_FACE('',(#1857,#1858,#1859,#1860,#1861,#1862,#1863,#1864),
#2001,.T.);
#2110=ADVANCED_FACE('',(#1865,#1866),#412,.T.);
#2111=ADVANCED_FACE('',(#1867,#1868),#413,.F.);
#2112=ADVANCED_FACE('',(#1869,#1870),#2002,.T.);
#2113=ADVANCED_FACE('',(#1871,#1872,#1873),#2003,.T.);
#2114=ADVANCED_FACE('',(#1874,#1875),#414,.F.);
#2115=ADVANCED_FACE('',(#1876,#1877),#415,.F.);
#2116=ADVANCED_FACE('',(#1878,#1879),#416,.F.);
#2117=ADVANCED_FACE('',(#1880,#1881),#417,.F.);
#2118=ADVANCED_FACE('',(#1882,#1883),#418,.F.);
#2119=ADVANCED_FACE('',(#1884,#1885),#419,.F.);
#2120=ADVANCED_FACE('',(#1886,#1887),#420,.F.);
#2121=ADVANCED_FACE('',(#1888,#1889),#421,.F.);
#2122=ADVANCED_FACE('',(#1890,#1891),#422,.T.);
#2123=ADVANCED_FACE('',(#1892,#1893),#2004,.T.);
#2124=ADVANCED_FACE('',(#1894,#1895),#423,.T.);
#2125=ADVANCED_FACE('',(#1896,#1897),#2005,.T.);
#2126=ADVANCED_FACE('',(#1898,#1899),#424,.T.);
#2127=ADVANCED_FACE('',(#1900),#2006,.T.);
#2128=ADVANCED_FACE('',(#1901),#2007,.F.);
#2129=ADVANCED_FACE('',(#1902,#1903),#425,.T.);
#2130=ADVANCED_FACE('',(#1904,#1905,#1906),#2008,.T.);
#2131=ADVANCED_FACE('',(#1907,#1908,#1909),#2009,.F.);
#2132=ADVANCED_FACE('',(#1910,#1911),#426,.F.);
#2133=ADVANCED_FACE('',(#1912,#1913),#427,.F.);
#2134=ADVANCED_FACE('',(#1914,#1915),#2010,.T.);
#2135=ADVANCED_FACE('',(#1916,#1917),#28,.F.);
#2136=ADVANCED_FACE('',(#1918),#29,.T.);
#2137=ADVANCED_FACE('',(#1919),#30,.T.);
#2138=ADVANCED_FACE('',(#1920,#1921),#428,.F.);
#2139=ADVANCED_FACE('',(#1922),#31,.T.);
#2140=ADVANCED_FACE('',(#1923),#32,.T.);
#2141=ADVANCED_FACE('',(#1924),#33,.T.);
#2142=ADVANCED_FACE('',(#1925),#34,.T.);
#2143=ADVANCED_FACE('',(#1926,#1927),#2011,.F.);
#2144=ADVANCED_FACE('',(#1928),#2012,.F.);
#2145=ADVANCED_FACE('',(#1929),#2013,.F.);
#2146=ADVANCED_FACE('',(#1930),#2014,.F.);
#2147=ADVANCED_FACE('',(#1931),#2015,.F.);
#2148=ADVANCED_FACE('',(#1932),#2016,.F.);
#2149=ADVANCED_FACE('',(#1933),#2017,.F.);
#2150=ADVANCED_FACE('',(#1934,#1935),#35,.F.);
#2151=ADVANCED_FACE('',(#1936),#2018,.T.);
#2152=ADVANCED_FACE('',(#1937,#1938),#429,.T.);
#2153=ADVANCED_FACE('',(#1939),#2019,.T.);
#2154=ADVANCED_FACE('',(#1940),#2020,.T.);
#2155=ADVANCED_FACE('',(#1941),#2021,.T.);
#2156=ADVANCED_FACE('',(#1942),#2022,.T.);
#2157=ADVANCED_FACE('',(#1943),#2023,.T.);
#2158=ADVANCED_FACE('',(#1944,#1945),#430,.T.);
#2159=ADVANCED_FACE('',(#1946),#2024,.T.);
#2160=ADVANCED_FACE('',(#1947),#2025,.F.);
#2161=ADVANCED_FACE('',(#1948,#1949),#431,.F.);
#2162=ADVANCED_FACE('',(#1950,#1951),#432,.T.);
#2163=ADVANCED_FACE('',(#1952,#1953),#2026,.T.);
#2164=ADVANCED_FACE('',(#1954,#1955),#2027,.F.);
#2165=ADVANCED_FACE('',(#1956),#2028,.F.);
#2166=ADVANCED_FACE('',(#1957,#1958),#36,.T.);
#2167=ADVANCED_FACE('',(#1959,#1960),#433,.T.);
#2168=ADVANCED_FACE('',(#1961,#1962),#37,.T.);
#2169=ADVANCED_FACE('',(#1963),#2029,.F.);
#2170=CLOSED_SHELL('',(#2030,#2031,#2032,#2033,#2034,#2035,#2036,#2037,
#2038,#2039,#2040,#2041,#2042,#2043,#2044,#2045,#2046,#2047,#2048,#2049,
#2050,#2051,#2052,#2053,#2054));
#2171=CLOSED_SHELL('',(#2055,#2056,#2057,#2058,#2059,#2060,#2061,#2062,
#2063,#2064,#2065,#2066,#2067,#2068,#2069,#2070,#2071,#2072,#2073,#2074,
#2075,#2076,#2077,#2078,#2079));
#2172=CLOSED_SHELL('',(#2080,#2081,#2082));
#2173=CLOSED_SHELL('',(#2083,#2084,#2085,#2086,#2087,#2088,#2089,#2090,
#2091,#2092,#2093,#2094,#2095,#2096,#2097,#2098,#2099,#2100,#2101,#2102,
#2103,#2104,#2105));
#2174=CLOSED_SHELL('',(#2106,#2107,#2108,#2109,#2110,#2111,#2112,#2113,
#2114,#2115,#2116,#2117,#2118,#2119,#2120,#2121,#2122,#2123,#2124,#2125));
#2175=CLOSED_SHELL('',(#2126,#2127,#2128));
#2176=CLOSED_SHELL('',(#2129,#2130,#2131,#2132,#2133));
#2177=CLOSED_SHELL('',(#2134,#2135,#2136,#2137,#2138,#2139,#2140,#2141,
#2142,#2143,#2144,#2145,#2146,#2147,#2148,#2149,#2150,#2151,#2152,#2153,
#2154,#2155,#2156,#2157));
#2178=CLOSED_SHELL('',(#2158,#2159,#2160));
#2179=CLOSED_SHELL('',(#2161,#2162,#2163,#2164));
#2180=CLOSED_SHELL('',(#2165,#2166,#2167,#2168,#2169));
#2181=STYLED_ITEM('',(#2192),#2264);
#2182=STYLED_ITEM('',(#2193),#2265);
#2183=STYLED_ITEM('',(#2194),#2266);
#2184=STYLED_ITEM('',(#2195),#2267);
#2185=STYLED_ITEM('',(#2196),#2268);
#2186=STYLED_ITEM('',(#2197),#2269);
#2187=STYLED_ITEM('',(#2198),#2270);
#2188=STYLED_ITEM('',(#2199),#2271);
#2189=STYLED_ITEM('',(#2200),#2272);
#2190=STYLED_ITEM('',(#2201),#2273);
#2191=STYLED_ITEM('',(#2202),#2274);
#2192=PRESENTATION_STYLE_ASSIGNMENT((#2203));
#2193=PRESENTATION_STYLE_ASSIGNMENT((#2204));
#2194=PRESENTATION_STYLE_ASSIGNMENT((#2205));
#2195=PRESENTATION_STYLE_ASSIGNMENT((#2206));
#2196=PRESENTATION_STYLE_ASSIGNMENT((#2207));
#2197=PRESENTATION_STYLE_ASSIGNMENT((#2208));
#2198=PRESENTATION_STYLE_ASSIGNMENT((#2209));
#2199=PRESENTATION_STYLE_ASSIGNMENT((#2210));
#2200=PRESENTATION_STYLE_ASSIGNMENT((#2211));
#2201=PRESENTATION_STYLE_ASSIGNMENT((#2212));
#2202=PRESENTATION_STYLE_ASSIGNMENT((#2213));
#2203=SURFACE_STYLE_USAGE(.BOTH.,#2214);
#2204=SURFACE_STYLE_USAGE(.BOTH.,#2215);
#2205=SURFACE_STYLE_USAGE(.BOTH.,#2216);
#2206=SURFACE_STYLE_USAGE(.BOTH.,#2217);
#2207=SURFACE_STYLE_USAGE(.BOTH.,#2218);
#2208=SURFACE_STYLE_USAGE(.BOTH.,#2219);
#2209=SURFACE_STYLE_USAGE(.BOTH.,#2220);
#2210=SURFACE_STYLE_USAGE(.BOTH.,#2221);
#2211=SURFACE_STYLE_USAGE(.BOTH.,#2222);
#2212=SURFACE_STYLE_USAGE(.BOTH.,#2223);
#2213=SURFACE_STYLE_USAGE(.BOTH.,#2224);
#2214=SURFACE_SIDE_STYLE('',(#2225));
#2215=SURFACE_SIDE_STYLE('',(#2226));
#2216=SURFACE_SIDE_STYLE('',(#2227));
#2217=SURFACE_SIDE_STYLE('',(#2228));
#2218=SURFACE_SIDE_STYLE('',(#2229));
#2219=SURFACE_SIDE_STYLE('',(#2230));
#2220=SURFACE_SIDE_STYLE('',(#2231));
#2221=SURFACE_SIDE_STYLE('',(#2232));
#2222=SURFACE_SIDE_STYLE('',(#2233));
#2223=SURFACE_SIDE_STYLE('',(#2234));
#2224=SURFACE_SIDE_STYLE('',(#2235));
#2225=SURFACE_STYLE_FILL_AREA(#2236);
#2226=SURFACE_STYLE_FILL_AREA(#2237);
#2227=SURFACE_STYLE_FILL_AREA(#2238);
#2228=SURFACE_STYLE_FILL_AREA(#2239);
#2229=SURFACE_STYLE_FILL_AREA(#2240);
#2230=SURFACE_STYLE_FILL_AREA(#2241);
#2231=SURFACE_STYLE_FILL_AREA(#2242);
#2232=SURFACE_STYLE_FILL_AREA(#2243);
#2233=SURFACE_STYLE_FILL_AREA(#2244);
#2234=SURFACE_STYLE_FILL_AREA(#2245);
#2235=SURFACE_STYLE_FILL_AREA(#2246);
#2236=FILL_AREA_STYLE('',(#2247));
#2237=FILL_AREA_STYLE('',(#2248));
#2238=FILL_AREA_STYLE('',(#2249));
#2239=FILL_AREA_STYLE('',(#2250));
#2240=FILL_AREA_STYLE('',(#2251));
#2241=FILL_AREA_STYLE('',(#2252));
#2242=FILL_AREA_STYLE('',(#2253));
#2243=FILL_AREA_STYLE('',(#2254));
#2244=FILL_AREA_STYLE('',(#2255));
#2245=FILL_AREA_STYLE('',(#2256));
#2246=FILL_AREA_STYLE('',(#2257));
#2247=FILL_AREA_STYLE_COLOUR('',#2258);
#2248=FILL_AREA_STYLE_COLOUR('',#2259);
#2249=FILL_AREA_STYLE_COLOUR('',#2260);
#2250=FILL_AREA_STYLE_COLOUR('',#2261);
#2251=FILL_AREA_STYLE_COLOUR('',#2261);
#2252=FILL_AREA_STYLE_COLOUR('',#10);
#2253=FILL_AREA_STYLE_COLOUR('',#2262);
#2254=FILL_AREA_STYLE_COLOUR('',#2259);
#2255=FILL_AREA_STYLE_COLOUR('',#11);
#2256=FILL_AREA_STYLE_COLOUR('',#2263);
#2257=FILL_AREA_STYLE_COLOUR('',#2259);
#2258=COLOUR_RGB('',0.231372549019608,0.380392156862745,0.705882352941177);
#2259=COLOUR_RGB('',0.603921568627451,0.647058823529412,0.686274509803922);
#2260=COLOUR_RGB('',0.501960784313726,0.501960784313726,0.501960784313726);
#2261=COLOUR_RGB('',0.301960784313725,0.290196078431373,0.262745098039216);
#2262=COLOUR_RGB('',0.105882352941176,0.333333333333334,0.);
#2263=COLOUR_RGB('',0.76078431372549,0.83921568627451,0.925490196078431);
#2264=MANIFOLD_SOLID_BREP('17_Display_Stand',#2170);
#2265=MANIFOLD_SOLID_BREP('Hex flange nut M5x0.80',#2171);
#2266=MANIFOLD_SOLID_BREP('04_outer_chamber_connection',#2172);
#2267=MANIFOLD_SOLID_BREP('03_Bottom_Cap',#2173);
#2268=MANIFOLD_SOLID_BREP('02_Top_Cap',#2174);
#2269=MANIFOLD_SOLID_BREP('08_Internal_Rod_Negative',#2175);
#2270=MANIFOLD_SOLID_BREP('06_Electrode_Disk',#2176);
#2271=MANIFOLD_SOLID_BREP('Hex nut style 1 grade A & B M5x0.8',#2177);
#2272=MANIFOLD_SOLID_BREP('07_Internal_Rod_Positive',#2178);
#2273=MANIFOLD_SOLID_BREP('01_Acrylic_Tube',#2179);
#2274=MANIFOLD_SOLID_BREP('Parallel pin 5 x 12',#2180);
#2275=SHAPE_DEFINITION_REPRESENTATION(#4117,#2288);
#2276=SHAPE_DEFINITION_REPRESENTATION(#4118,#2289);
#2277=SHAPE_DEFINITION_REPRESENTATION(#4120,#2290);
#2278=SHAPE_DEFINITION_REPRESENTATION(#4126,#2291);
#2279=SHAPE_DEFINITION_REPRESENTATION(#4131,#2292);
#2280=SHAPE_DEFINITION_REPRESENTATION(#4133,#2293);
#2281=SHAPE_DEFINITION_REPRESENTATION(#4143,#2294);
#2282=SHAPE_DEFINITION_REPRESENTATION(#4144,#2295);
#2283=SHAPE_DEFINITION_REPRESENTATION(#4147,#2296);
#2284=SHAPE_DEFINITION_REPRESENTATION(#4155,#2297);
#2285=SHAPE_DEFINITION_REPRESENTATION(#4159,#2298);
#2286=SHAPE_DEFINITION_REPRESENTATION(#4165,#2299);
#2287=SHAPE_DEFINITION_REPRESENTATION(#4167,#2300);
#2288=SHAPE_REPRESENTATION('00_Main_Assembly',(#2301,#2341,#2373,#2374,
#2375,#2376,#2377,#2383,#2384,#2385,#2386,#2440,#2488,#2489,#2490,#2491,
#2492,#2493,#2494,#2495,#2496,#2575,#2584,#2594,#2595,#2596),#4088);
#2289=SHAPE_REPRESENTATION('17_Display_Stand',(#2301),#4089);
#2290=SHAPE_REPRESENTATION('Hex flange nut M5x0.80',(#2301),#4090);
#2291=SHAPE_REPRESENTATION('04_outer_chamber_connection',(#2301),#4091);
#2292=SHAPE_REPRESENTATION('03_Bottom_Cap',(#2301),#4092);
#2293=SHAPE_REPRESENTATION('02_Top_Cap',(#2301),#4093);
#2294=SHAPE_REPRESENTATION('SA01_Electrode_Cartridge <1>',(#2301,#2502,
#2503,#2515,#2516,#2517,#2518,#2519,#2520,#2521,#2563,#2564,#2565,#2571,
#2572,#2573,#2574),#4094);
#2295=SHAPE_REPRESENTATION('08_Internal_Rod_Negative',(#2301),#4095);
#2296=SHAPE_REPRESENTATION('06_Electrode_Disk',(#2301),#4096);
#2297=SHAPE_REPRESENTATION('Hex nut style 1 grade A & B M5x0.8',(#2301),
#4097);
#2298=SHAPE_REPRESENTATION('07_Internal_Rod_Positive',(#2301),#4098);
#2299=SHAPE_REPRESENTATION('01_Acrylic_Tube',(#2301),#4099);
#2300=SHAPE_REPRESENTATION('Parallel pin 5 x 12',(#2301),#4100);
#2301=AXIS2_PLACEMENT_3D('',#3265,#2597,#2598);
#2302=AXIS2_PLACEMENT_3D('',#3266,#2599,#2600);
#2303=AXIS2_PLACEMENT_3D('',#3299,#2617,#2618);
#2304=AXIS2_PLACEMENT_3D('',#3305,#2622,#2623);
#2305=AXIS2_PLACEMENT_3D('',#3314,#2629,#2630);
#2306=AXIS2_PLACEMENT_3D('',#3318,#2633,#2634);
#2307=AXIS2_PLACEMENT_3D('',#3325,#2639,#2640);
#2308=AXIS2_PLACEMENT_3D('',#3326,#2641,#2642);
#2309=AXIS2_PLACEMENT_3D('',#3327,#2643,#2644);
#2310=AXIS2_PLACEMENT_3D('',#3331,#2646,#2647);
#2311=AXIS2_PLACEMENT_3D('',#3332,#2648,#2649);
#2312=AXIS2_PLACEMENT_3D('',#3333,#2650,#2651);
#2313=AXIS2_PLACEMENT_3D('',#3338,#2653,#2654);
#2314=AXIS2_PLACEMENT_3D('',#3341,#2656,#2657);
#2315=AXIS2_PLACEMENT_3D('',#3347,#2661,#2662);
#2316=AXIS2_PLACEMENT_3D('',#3348,#2663,#2664);
#2317=AXIS2_PLACEMENT_3D('',#3352,#2666,#2667);
#2318=AXIS2_PLACEMENT_3D('',#3353,#2668,#2669);
#2319=AXIS2_PLACEMENT_3D('',#3359,#2673,#2674);
#2320=AXIS2_PLACEMENT_3D('',#3360,#2675,#2676);
#2321=AXIS2_PLACEMENT_3D('',#3361,#2677,#2678);
#2322=AXIS2_PLACEMENT_3D('',#3362,#2679,#2680);
#2323=AXIS2_PLACEMENT_3D('',#3363,#2681,#2682);
#2324=AXIS2_PLACEMENT_3D('',#3364,#2683,#2684);
#2325=AXIS2_PLACEMENT_3D('',#3365,#2685,#2686);
#2326=AXIS2_PLACEMENT_3D('',#3368,#2688,#2689);
#2327=AXIS2_PLACEMENT_3D('',#3371,#2691,#2692);
#2328=AXIS2_PLACEMENT_3D('',#3375,#2695,#2696);
#2329=AXIS2_PLACEMENT_3D('',#3378,#2698,#2699);
#2330=AXIS2_PLACEMENT_3D('',#3379,#2700,#2701);
#2331=AXIS2_PLACEMENT_3D('',#3381,#2703,#2704);
#2332=AXIS2_PLACEMENT_3D('',#3384,#2706,#2707);
#2333=AXIS2_PLACEMENT_3D('',#3387,#2709,#2710);
#2334=AXIS2_PLACEMENT_3D('',#3390,#2712,#2713);
#2335=AXIS2_PLACEMENT_3D('',#3393,#2715,#2716);
#2336=AXIS2_PLACEMENT_3D('',#3395,#2718,#2719);
#2337=AXIS2_PLACEMENT_3D('',#3397,#2721,#2722);
#2338=AXIS2_PLACEMENT_3D('',#3398,#2723,#2724);
#2339=AXIS2_PLACEMENT_3D('',#3399,#2725,#2726);
#2340=AXIS2_PLACEMENT_3D('',#3400,#2727,#2728);
#2341=AXIS2_PLACEMENT_3D('',#3401,#2729,#2730);
#2342=AXIS2_PLACEMENT_3D('',#3402,#2731,#2732);
#2343=AXIS2_PLACEMENT_3D('',#3423,#2735,#2736);
#2344=AXIS2_PLACEMENT_3D('',#3441,#2738,#2739);
#2345=AXIS2_PLACEMENT_3D('',#3459,#2741,#2742);
#2346=AXIS2_PLACEMENT_3D('',#3477,#2744,#2745);
#2347=AXIS2_PLACEMENT_3D('',#3495,#2747,#2748);
#2348=AXIS2_PLACEMENT_3D('',#3510,#2749,#2750);
#2349=AXIS2_PLACEMENT_3D('',#3511,#2751,#2752);
#2350=AXIS2_PLACEMENT_3D('',#3513,#2753,#2754);
#2351=AXIS2_PLACEMENT_3D('',#3514,#2755,#2756);
#2352=AXIS2_PLACEMENT_3D('',#3515,#2757,#2758);
#2353=AXIS2_PLACEMENT_3D('',#3516,#2759,#2760);
#2354=AXIS2_PLACEMENT_3D('',#3517,#2761,#2762);
#2355=AXIS2_PLACEMENT_3D('',#3518,#2763,#2764);
#2356=AXIS2_PLACEMENT_3D('',#3519,#2765,#2766);
#2357=AXIS2_PLACEMENT_3D('',#3520,#2767,#2768);
#2358=AXIS2_PLACEMENT_3D('',#3522,#2769,#2770);
#2359=AXIS2_PLACEMENT_3D('',#3524,#2771,#2772);
#2360=AXIS2_PLACEMENT_3D('',#3525,#2773,#2774);
#2361=AXIS2_PLACEMENT_3D('',#3527,#2775,#2776);
#2362=AXIS2_PLACEMENT_3D('',#3529,#2777,#2778);
#2363=AXIS2_PLACEMENT_3D('',#3530,#2779,#2780);
#2364=AXIS2_PLACEMENT_3D('',#3531,#2781,#2782);
#2365=AXIS2_PLACEMENT_3D('',#3532,#2783,#2784);
#2366=AXIS2_PLACEMENT_3D('',#3533,#2785,#2786);
#2367=AXIS2_PLACEMENT_3D('',#3534,#2787,#2788);
#2368=AXIS2_PLACEMENT_3D('',#3535,#2789,#2790);
#2369=AXIS2_PLACEMENT_3D('',#3572,#2791,#2792);
#2370=AXIS2_PLACEMENT_3D('',#3574,#2793,#2794);
#2371=AXIS2_PLACEMENT_3D('',#3689,#2795,#2796);
#2372=AXIS2_PLACEMENT_3D('',#3690,#2797,#2798);
#2373=AXIS2_PLACEMENT_3D('',#3691,#2799,#2800);
#2374=AXIS2_PLACEMENT_3D('',#3692,#2801,#2802);
#2375=AXIS2_PLACEMENT_3D('',#3693,#2803,#2804);
#2376=AXIS2_PLACEMENT_3D('',#3694,#2805,#2806);
#2377=AXIS2_PLACEMENT_3D('',#3695,#2807,#2808);
#2378=AXIS2_PLACEMENT_3D('',#3696,#2809,#2810);
#2379=AXIS2_PLACEMENT_3D('',#3697,#2811,#2812);
#2380=AXIS2_PLACEMENT_3D('',#3699,#2813,#2814);
#2381=AXIS2_PLACEMENT_3D('',#3701,#2815,#2816);
#2382=AXIS2_PLACEMENT_3D('',#3702,#2817,#2818);
#2383=AXIS2_PLACEMENT_3D('',#3703,#2819,#2820);
#2384=AXIS2_PLACEMENT_3D('',#3704,#2821,#2822);
#2385=AXIS2_PLACEMENT_3D('',#3705,#2823,#2824);
#2386=AXIS2_PLACEMENT_3D('',#3706,#2825,#2826);
#2387=AXIS2_PLACEMENT_3D('',#3707,#2827,#2828);
#2388=AXIS2_PLACEMENT_3D('',#3708,#2829,#2830);
#2389=AXIS2_PLACEMENT_3D('',#3710,#2831,#2832);
#2390=AXIS2_PLACEMENT_3D('',#3712,#2833,#2834);
#2391=AXIS2_PLACEMENT_3D('',#3713,#2835,#2836);
#2392=AXIS2_PLACEMENT_3D('',#3715,#2837,#2838);
#2393=AXIS2_PLACEMENT_3D('',#3717,#2839,#2840);
#2394=AXIS2_PLACEMENT_3D('',#3719,#2841,#2842);
#2395=AXIS2_PLACEMENT_3D('',#3721,#2843,#2844);
#2396=AXIS2_PLACEMENT_3D('',#3723,#2845,#2846);
#2397=AXIS2_PLACEMENT_3D('',#3725,#2847,#2848);
#2398=AXIS2_PLACEMENT_3D('',#3727,#2849,#2850);
#2399=AXIS2_PLACEMENT_3D('',#3729,#2851,#2852);
#2400=AXIS2_PLACEMENT_3D('',#3730,#2853,#2854);
#2401=AXIS2_PLACEMENT_3D('',#3732,#2855,#2856);
#2402=AXIS2_PLACEMENT_3D('',#3734,#2857,#2858);
#2403=AXIS2_PLACEMENT_3D('',#3736,#2859,#2860);
#2404=AXIS2_PLACEMENT_3D('',#3738,#2861,#2862);
#2405=AXIS2_PLACEMENT_3D('',#3740,#2863,#2864);
#2406=AXIS2_PLACEMENT_3D('',#3742,#2865,#2866);
#2407=AXIS2_PLACEMENT_3D('',#3744,#2867,#2868);
#2408=AXIS2_PLACEMENT_3D('',#3745,#2869,#2870);
#2409=AXIS2_PLACEMENT_3D('',#3747,#2871,#2872);
#2410=AXIS2_PLACEMENT_3D('',#3749,#2873,#2874);
#2411=AXIS2_PLACEMENT_3D('',#3750,#2875,#2876);
#2412=AXIS2_PLACEMENT_3D('',#3752,#2877,#2878);
#2413=AXIS2_PLACEMENT_3D('',#3753,#2879,#2880);
#2414=AXIS2_PLACEMENT_3D('',#3754,#2881,#2882);
#2415=AXIS2_PLACEMENT_3D('',#3756,#2883,#2884);
#2416=AXIS2_PLACEMENT_3D('',#3758,#2885,#2886);
#2417=AXIS2_PLACEMENT_3D('',#3759,#2887,#2888);
#2418=AXIS2_PLACEMENT_3D('',#3760,#2889,#2890);
#2419=AXIS2_PLACEMENT_3D('',#3761,#2891,#2892);
#2420=AXIS2_PLACEMENT_3D('',#3762,#2893,#2894);
#2421=AXIS2_PLACEMENT_3D('',#3763,#2895,#2896);
#2422=AXIS2_PLACEMENT_3D('',#3764,#2897,#2898);
#2423=AXIS2_PLACEMENT_3D('',#3765,#2899,#2900);
#2424=AXIS2_PLACEMENT_3D('',#3767,#2901,#2902);
#2425=AXIS2_PLACEMENT_3D('',#3768,#2903,#2904);
#2426=AXIS2_PLACEMENT_3D('',#3770,#2905,#2906);
#2427=AXIS2_PLACEMENT_3D('',#3771,#2907,#2908);
#2428=AXIS2_PLACEMENT_3D('',#3773,#2909,#2910);
#2429=AXIS2_PLACEMENT_3D('',#3775,#2911,#2912);
#2430=AXIS2_PLACEMENT_3D('',#3776,#2913,#2914);
#2431=AXIS2_PLACEMENT_3D('',#3778,#2915,#2916);
#2432=AXIS2_PLACEMENT_3D('',#3779,#2917,#2918);
#2433=AXIS2_PLACEMENT_3D('',#3780,#2919,#2920);
#2434=AXIS2_PLACEMENT_3D('',#3781,#2921,#2922);
#2435=AXIS2_PLACEMENT_3D('',#3783,#2923,#2924);
#2436=AXIS2_PLACEMENT_3D('',#3784,#2925,#2926);
#2437=AXIS2_PLACEMENT_3D('',#3786,#2927,#2928);
#2438=AXIS2_PLACEMENT_3D('',#3787,#2929,#2930);
#2439=AXIS2_PLACEMENT_3D('',#3789,#2931,#2932);
#2440=AXIS2_PLACEMENT_3D('',#3790,#2933,#2934);
#2441=AXIS2_PLACEMENT_3D('',#3791,#2935,#2936);
#2442=AXIS2_PLACEMENT_3D('',#3792,#2937,#2938);
#2443=AXIS2_PLACEMENT_3D('',#3794,#2939,#2940);
#2444=AXIS2_PLACEMENT_3D('',#3796,#2941,#2942);
#2445=AXIS2_PLACEMENT_3D('',#3797,#2943,#2944);
#2446=AXIS2_PLACEMENT_3D('',#3799,#2945,#2946);
#2447=AXIS2_PLACEMENT_3D('',#3801,#2947,#2948);
#2448=AXIS2_PLACEMENT_3D('',#3802,#2949,#2950);
#2449=AXIS2_PLACEMENT_3D('',#3804,#2951,#2952);
#2450=AXIS2_PLACEMENT_3D('',#3806,#2953,#2954);
#2451=AXIS2_PLACEMENT_3D('',#3808,#2955,#2956);
#2452=AXIS2_PLACEMENT_3D('',#3810,#2957,#2958);
#2453=AXIS2_PLACEMENT_3D('',#3812,#2959,#2960);
#2454=AXIS2_PLACEMENT_3D('',#3814,#2961,#2962);
#2455=AXIS2_PLACEMENT_3D('',#3816,#2963,#2964);
#2456=AXIS2_PLACEMENT_3D('',#3817,#2965,#2966);
#2457=AXIS2_PLACEMENT_3D('',#3819,#2967,#2968);
#2458=AXIS2_PLACEMENT_3D('',#3821,#2969,#2970);
#2459=AXIS2_PLACEMENT_3D('',#3823,#2971,#2972);
#2460=AXIS2_PLACEMENT_3D('',#3825,#2973,#2974);
#2461=AXIS2_PLACEMENT_3D('',#3827,#2975,#2976);
#2462=AXIS2_PLACEMENT_3D('',#3829,#2977,#2978);
#2463=AXIS2_PLACEMENT_3D('',#3831,#2979,#2980);
#2464=AXIS2_PLACEMENT_3D('',#3832,#2981,#2982);
#2465=AXIS2_PLACEMENT_3D('',#3834,#2983,#2984);
#2466=AXIS2_PLACEMENT_3D('',#3836,#2985,#2986);
#2467=AXIS2_PLACEMENT_3D('',#3837,#2987,#2988);
#2468=AXIS2_PLACEMENT_3D('',#3839,#2989,#2990);
#2469=AXIS2_PLACEMENT_3D('',#3840,#2991,#2992);
#2470=AXIS2_PLACEMENT_3D('',#3841,#2993,#2994);
#2471=AXIS2_PLACEMENT_3D('',#3843,#2995,#2996);
#2472=AXIS2_PLACEMENT_3D('',#3845,#2997,#2998);
#2473=AXIS2_PLACEMENT_3D('',#3846,#2999,#3000);
#2474=AXIS2_PLACEMENT_3D('',#3847,#3001,#3002);
#2475=AXIS2_PLACEMENT_3D('',#3848,#3003,#3004);
#2476=AXIS2_PLACEMENT_3D('',#3849,#3005,#3006);
#2477=AXIS2_PLACEMENT_3D('',#3850,#3007,#3008);
#2478=AXIS2_PLACEMENT_3D('',#3851,#3009,#3010);
#2479=AXIS2_PLACEMENT_3D('',#3852,#3011,#3012);
#2480=AXIS2_PLACEMENT_3D('',#3854,#3013,#3014);
#2481=AXIS2_PLACEMENT_3D('',#3855,#3015,#3016);
#2482=AXIS2_PLACEMENT_3D('',#3857,#3017,#3018);
#2483=AXIS2_PLACEMENT_3D('',#3858,#3019,#3020);
#2484=AXIS2_PLACEMENT_3D('',#3860,#3021,#3022);
#2485=AXIS2_PLACEMENT_3D('',#3861,#3023,#3024);
#2486=AXIS2_PLACEMENT_3D('',#3862,#3025,#3026);
#2487=AXIS2_PLACEMENT_3D('',#3864,#3027,#3028);
#2488=AXIS2_PLACEMENT_3D('',#3865,#3029,#3030);
#2489=AXIS2_PLACEMENT_3D('',#3866,#3031,#3032);
#2490=AXIS2_PLACEMENT_3D('',#3867,#3033,#3034);
#2491=AXIS2_PLACEMENT_3D('',#3868,#3035,#3036);
#2492=AXIS2_PLACEMENT_3D('',#3869,#3037,#3038);
#2493=AXIS2_PLACEMENT_3D('',#3870,#3039,#3040);
#2494=AXIS2_PLACEMENT_3D('',#3871,#3041,#3042);
#2495=AXIS2_PLACEMENT_3D('',#3872,#3043,#3044);
#2496=AXIS2_PLACEMENT_3D('',#3873,#3045,#3046);
#2497=AXIS2_PLACEMENT_3D('',#3874,#3047,#3048);
#2498=AXIS2_PLACEMENT_3D('',#3875,#3049,#3050);
#2499=AXIS2_PLACEMENT_3D('',#3877,#3051,#3052);
#2500=AXIS2_PLACEMENT_3D('',#3879,#3053,#3054);
#2501=AXIS2_PLACEMENT_3D('',#3880,#3055,#3056);
#2502=AXIS2_PLACEMENT_3D('',#3881,#3057,#3058);
#2503=AXIS2_PLACEMENT_3D('',#3882,#3059,#3060);
#2504=AXIS2_PLACEMENT_3D('',#3883,#3061,#3062);
#2505=AXIS2_PLACEMENT_3D('',#3884,#3063,#3064);
#2506=AXIS2_PLACEMENT_3D('',#3886,#3065,#3066);
#2507=AXIS2_PLACEMENT_3D('',#3888,#3067,#3068);
#2508=AXIS2_PLACEMENT_3D('',#3889,#3069,#3070);
#2509=AXIS2_PLACEMENT_3D('',#3891,#3071,#3072);
#2510=AXIS2_PLACEMENT_3D('',#3893,#3073,#3074);
#2511=AXIS2_PLACEMENT_3D('',#3894,#3075,#3076);
#2512=AXIS2_PLACEMENT_3D('',#3896,#3077,#3078);
#2513=AXIS2_PLACEMENT_3D('',#3898,#3079,#3080);
#2514=AXIS2_PLACEMENT_3D('',#3899,#3081,#3082);
#2515=AXIS2_PLACEMENT_3D('',#3900,#3083,#3084);
#2516=AXIS2_PLACEMENT_3D('',#3901,#3085,#3086);
#2517=AXIS2_PLACEMENT_3D('',#3902,#3087,#3088);
#2518=AXIS2_PLACEMENT_3D('',#3903,#3089,#3090);
#2519=AXIS2_PLACEMENT_3D('',#3904,#3091,#3092);
#2520=AXIS2_PLACEMENT_3D('',#3905,#3093,#3094);
#2521=AXIS2_PLACEMENT_3D('',#3906,#3095,#3096);
#2522=AXIS2_PLACEMENT_3D('',#3907,#3097,#3098);
#2523=AXIS2_PLACEMENT_3D('',#3908,#3099,#3100);
#2524=AXIS2_PLACEMENT_3D('',#3910,#3101,#3102);
#2525=AXIS2_PLACEMENT_3D('',#3913,#3103,#3104);
#2526=AXIS2_PLACEMENT_3D('',#3915,#3105,#3106);
#2527=AXIS2_PLACEMENT_3D('',#3917,#3107,#3108);
#2528=AXIS2_PLACEMENT_3D('',#3919,#3109,#3110);
#2529=AXIS2_PLACEMENT_3D('',#3921,#3111,#3112);
#2530=AXIS2_PLACEMENT_3D('',#3922,#3113,#3114);
#2531=AXIS2_PLACEMENT_3D('',#3923,#3115,#3116);
#2532=AXIS2_PLACEMENT_3D('',#3925,#3117,#3118);
#2533=AXIS2_PLACEMENT_3D('',#3935,#3119,#3120);
#2534=AXIS2_PLACEMENT_3D('',#3945,#3121,#3122);
#2535=AXIS2_PLACEMENT_3D('',#3946,#3123,#3124);
#2536=AXIS2_PLACEMENT_3D('',#3948,#3125,#3126);
#2537=AXIS2_PLACEMENT_3D('',#3958,#3127,#3128);
#2538=AXIS2_PLACEMENT_3D('',#3968,#3129,#3130);
#2539=AXIS2_PLACEMENT_3D('',#3978,#3131,#3132);
#2540=AXIS2_PLACEMENT_3D('',#3988,#3133,#3134);
#2541=AXIS2_PLACEMENT_3D('',#3989,#3135,#3136);
#2542=AXIS2_PLACEMENT_3D('',#3991,#3137,#3138);
#2543=AXIS2_PLACEMENT_3D('',#3993,#3139,#3140);
#2544=AXIS2_PLACEMENT_3D('',#4001,#3145,#3146);
#2545=AXIS2_PLACEMENT_3D('',#4007,#3150,#3151);
#2546=AXIS2_PLACEMENT_3D('',#4013,#3155,#3156);
#2547=AXIS2_PLACEMENT_3D('',#4019,#3160,#3161);
#2548=AXIS2_PLACEMENT_3D('',#4025,#3165,#3166);
#2549=AXIS2_PLACEMENT_3D('',#4029,#3169,#3170);
#2550=AXIS2_PLACEMENT_3D('',#4030,#3171,#3172);
#2551=AXIS2_PLACEMENT_3D('',#4031,#3173,#3174);
#2552=AXIS2_PLACEMENT_3D('',#4032,#3175,#3176);
#2553=AXIS2_PLACEMENT_3D('',#4033,#3177,#3178);
#2554=AXIS2_PLACEMENT_3D('',#4034,#3179,#3180);
#2555=AXIS2_PLACEMENT_3D('',#4035,#3181,#3182);
#2556=AXIS2_PLACEMENT_3D('',#4036,#3183,#3184);
#2557=AXIS2_PLACEMENT_3D('',#4037,#3185,#3186);
#2558=AXIS2_PLACEMENT_3D('',#4038,#3187,#3188);
#2559=AXIS2_PLACEMENT_3D('',#4039,#3189,#3190);
#2560=AXIS2_PLACEMENT_3D('',#4040,#3191,#3192);
#2561=AXIS2_PLACEMENT_3D('',#4041,#3193,#3194);
#2562=AXIS2_PLACEMENT_3D('',#4042,#3195,#3196);
#2563=AXIS2_PLACEMENT_3D('',#4043,#3197,#3198);
#2564=AXIS2_PLACEMENT_3D('',#4044,#3199,#3200);
#2565=AXIS2_PLACEMENT_3D('',#4045,#3201,#3202);
#2566=AXIS2_PLACEMENT_3D('',#4046,#3203,#3204);
#2567=AXIS2_PLACEMENT_3D('',#4047,#3205,#3206);
#2568=AXIS2_PLACEMENT_3D('',#4049,#3207,#3208);
#2569=AXIS2_PLACEMENT_3D('',#4051,#3209,#3210);
#2570=AXIS2_PLACEMENT_3D('',#4052,#3211,#3212);
#2571=AXIS2_PLACEMENT_3D('',#4053,#3213,#3214);
#2572=AXIS2_PLACEMENT_3D('',#4054,#3215,#3216);
#2573=AXIS2_PLACEMENT_3D('',#4055,#3217,#3218);
#2574=AXIS2_PLACEMENT_3D('',#4056,#3219,#3220);
#2575=AXIS2_PLACEMENT_3D('',#4057,#3221,#3222);
#2576=AXIS2_PLACEMENT_3D('',#4058,#3223,#3224);
#2577=AXIS2_PLACEMENT_3D('',#4059,#3225,#3226);
#2578=AXIS2_PLACEMENT_3D('',#4061,#3227,#3228);
#2579=AXIS2_PLACEMENT_3D('',#4063,#3229,#3230);
#2580=AXIS2_PLACEMENT_3D('',#4064,#3231,#3232);
#2581=AXIS2_PLACEMENT_3D('',#4066,#3233,#3234);
#2582=AXIS2_PLACEMENT_3D('',#4068,#3235,#3236);
#2583=AXIS2_PLACEMENT_3D('',#4069,#3237,#3238);
#2584=AXIS2_PLACEMENT_3D('',#4070,#3239,#3240);
#2585=AXIS2_PLACEMENT_3D('',#4071,#3241,#3242);
#2586=AXIS2_PLACEMENT_3D('',#4072,#3243,#3244);
#2587=AXIS2_PLACEMENT_3D('',#4074,#3245,#3246);
#2588=AXIS2_PLACEMENT_3D('',#4075,#3247,#3248);
#2589=AXIS2_PLACEMENT_3D('',#4077,#3249,#3250);
#2590=AXIS2_PLACEMENT_3D('',#4078,#3251,#3252);
#2591=AXIS2_PLACEMENT_3D('',#4080,#3253,#3254);
#2592=AXIS2_PLACEMENT_3D('',#4081,#3255,#3256);
#2593=AXIS2_PLACEMENT_3D('',#4083,#3257,#3258);
#2594=AXIS2_PLACEMENT_3D('',#4084,#3259,#3260);
#2595=AXIS2_PLACEMENT_3D('',#4085,#3261,#3262);
#2596=AXIS2_PLACEMENT_3D('',#4086,#3263,#3264);
#2597=DIRECTION('',(0.,0.,1.));
#2598=DIRECTION('',(1.,0.,0.));
#2599=DIRECTION('',(0.,0.,1.));
#2600=DIRECTION('',(1.,0.,0.));
#2601=DIRECTION('',(1.,0.,0.));
#2602=DIRECTION('',(0.,1.,0.));
#2603=DIRECTION('',(1.,0.,0.));
#2604=DIRECTION('',(0.,1.,0.));
#2605=DIRECTION('',(0.,1.,0.));
#2606=DIRECTION('',(1.,0.,0.));
#2607=DIRECTION('',(0.,-1.,0.));
#2608=DIRECTION('',(1.,0.,0.));
#2609=DIRECTION('',(0.,1.,0.));
#2610=DIRECTION('',(-1.,-1.15648231731787E-16,0.));
#2611=DIRECTION('',(0.,1.,0.));
#2612=DIRECTION('',(-1.,0.,0.));
#2613=DIRECTION('',(0.,-1.,0.));
#2614=DIRECTION('',(-1.,0.,0.));
#2615=DIRECTION('',(0.,1.,0.));
#2616=DIRECTION('',(-1.,0.,0.));
#2617=DIRECTION('',(1.15648231731787E-16,-1.,0.));
#2618=DIRECTION('',(1.,1.15648231731787E-16,0.));
#2619=DIRECTION('',(-1.,-1.15648231731787E-16,0.));
#2620=DIRECTION('',(0.,0.,-1.));
#2621=DIRECTION('',(0.,0.,-1.));
#2622=DIRECTION('',(-1.,0.,0.));
#2623=DIRECTION('',(0.,0.,1.));
#2624=DIRECTION('',(0.,1.,0.));
#2625=DIRECTION('',(0.,0.,-1.));
#2626=DIRECTION('',(0.,0.,-1.));
#2627=DIRECTION('',(0.,1.,0.));
#2628=DIRECTION('',(0.,0.,-1.));
#2629=DIRECTION('',(0.,-1.,0.));
#2630=DIRECTION('',(0.,0.,-1.));
#2631=DIRECTION('',(-1.,0.,0.));
#2632=DIRECTION('',(0.,0.,-1.));
#2633=DIRECTION('',(-1.,0.,0.));
#2634=DIRECTION('',(0.,0.,1.));
#2635=DIRECTION('',(0.,1.,0.));
#2636=DIRECTION('',(0.,0.,-1.));
#2637=DIRECTION('',(0.,1.,0.));
#2638=DIRECTION('',(0.,0.,-1.));
#2639=DIRECTION('',(0.,0.,1.));
#2640=DIRECTION('',(1.,0.,0.));
#2641=DIRECTION('',(0.,1.,0.));
#2642=DIRECTION('',(0.,0.,1.));
#2643=DIRECTION('',(0.,-1.,0.));
#2644=DIRECTION('',(0.,0.,-1.));
#2645=DIRECTION('',(0.,1.,0.));
#2646=DIRECTION('',(0.,-1.,0.));
#2647=DIRECTION('',(0.,0.,-1.));
#2648=DIRECTION('',(0.,1.,0.));
#2649=DIRECTION('',(0.,0.,1.));
#2650=DIRECTION('',(0.,-1.,0.));
#2651=DIRECTION('',(0.,0.,-1.));
#2652=DIRECTION('',(0.,1.,0.));
#2653=DIRECTION('',(0.,-1.,0.));
#2654=DIRECTION('',(0.,0.,-1.));
#2655=DIRECTION('',(0.,1.,0.));
#2656=DIRECTION('',(0.,0.,1.));
#2657=DIRECTION('',(1.,0.,0.));
#2658=DIRECTION('',(1.,0.,0.));
#2659=DIRECTION('',(0.,-1.,0.));
#2660=DIRECTION('',(1.,0.,0.));
#2661=DIRECTION('',(0.,1.,0.));
#2662=DIRECTION('',(0.,0.,1.));
#2663=DIRECTION('',(0.,-1.,0.));
#2664=DIRECTION('',(0.,0.,-1.));
#2665=DIRECTION('',(0.,1.,0.));
#2666=DIRECTION('',(0.,-1.,0.));
#2667=DIRECTION('',(0.,0.,-1.));
#2668=DIRECTION('',(0.,0.,1.));
#2669=DIRECTION('',(1.,0.,0.));
#2670=DIRECTION('',(1.,0.,0.));
#2671=DIRECTION('',(0.,-1.,0.));
#2672=DIRECTION('',(1.,0.,0.));
#2673=DIRECTION('',(0.,-1.,0.));
#2674=DIRECTION('',(1.,0.,0.));
#2675=DIRECTION('',(0.,-1.,0.));
#2676=DIRECTION('',(0.,0.,-1.));
#2677=DIRECTION('',(0.,-1.,0.));
#2678=DIRECTION('',(0.,0.,-1.));
#2679=DIRECTION('',(0.,-1.,0.));
#2680=DIRECTION('',(1.,0.,0.));
#2681=DIRECTION('',(0.,-1.,0.));
#2682=DIRECTION('',(0.,0.,-1.));
#2683=DIRECTION('',(0.,-1.,0.));
#2684=DIRECTION('',(0.,0.,-1.));
#2685=DIRECTION('',(0.,-1.,0.));
#2686=DIRECTION('',(0.,0.,-1.));
#2687=DIRECTION('',(0.,0.,-1.));
#2688=DIRECTION('',(0.,-1.,0.));
#2689=DIRECTION('',(0.,0.,-1.));
#2690=DIRECTION('',(-1.,0.,0.));
#2691=DIRECTION('',(1.,0.,0.));
#2692=DIRECTION('',(0.,0.,-1.));
#2693=DIRECTION('',(0.,0.,-1.));
#2694=DIRECTION('',(0.,-1.,0.));
#2695=DIRECTION('',(0.,-1.,0.));
#2696=DIRECTION('',(0.,0.,-1.));
#2697=DIRECTION('',(-1.,0.,0.));
#2698=DIRECTION('',(0.,-1.,0.));
#2699=DIRECTION('',(0.,0.,-1.));
#2700=DIRECTION('',(0.,0.,1.));
#2701=DIRECTION('',(1.,0.,0.));
#2702=DIRECTION('',(0.,-1.,0.));
#2703=DIRECTION('',(0.,1.,0.));
#2704=DIRECTION('',(0.,0.,1.));
#2705=DIRECTION('',(1.,0.,0.));
#2706=DIRECTION('',(0.,1.,0.));
#2707=DIRECTION('',(0.,0.,1.));
#2708=DIRECTION('',(0.,0.,-1.));
#2709=DIRECTION('',(0.,1.,0.));
#2710=DIRECTION('',(0.,0.,1.));
#2711=DIRECTION('',(0.,0.,-1.));
#2712=DIRECTION('',(0.,1.,0.));
#2713=DIRECTION('',(0.,0.,1.));
#2714=DIRECTION('',(1.,0.,0.));
#2715=DIRECTION('',(1.,0.,0.));
#2716=DIRECTION('',(0.,0.,-1.));
#2717=DIRECTION('',(0.,-1.,0.));
#2718=DIRECTION('',(0.,0.,1.));
#2719=DIRECTION('',(1.,0.,0.));
#2720=DIRECTION('',(0.,-1.,0.));
#2721=DIRECTION('',(0.,1.,0.));
#2722=DIRECTION('',(0.,0.,1.));
#2723=DIRECTION('',(0.,1.,0.));
#2724=DIRECTION('',(0.,0.,1.));
#2725=DIRECTION('',(0.,1.,0.));
#2726=DIRECTION('',(0.,0.,1.));
#2727=DIRECTION('',(0.,-1.,0.));
#2728=DIRECTION('',(0.,0.,-1.));
#2729=DIRECTION('',(0.,0.,1.));
#2730=DIRECTION('',(1.,0.,0.));
#2731=DIRECTION('',(0.,1.,0.));
#2732=DIRECTION('',(0.,0.,1.));
#2733=DIRECTION('',(0.,0.,-1.));
#2734=DIRECTION('',(0.,0.,-1.));
#2735=DIRECTION('',(-0.866025403784439,0.5,0.));
#2736=DIRECTION('',(-0.5,-0.866025403784439,0.));
#2737=DIRECTION('',(0.,0.,-1.));
#2738=DIRECTION('',(-0.866025403784438,-0.5,0.));
#2739=DIRECTION('',(0.5,-0.866025403784438,0.));
#2740=DIRECTION('',(0.,0.,-1.));
#2741=DIRECTION('',(7.5115729936858E-16,-1.,0.));
#2742=DIRECTION('',(1.,7.5115729936858E-16,0.));
#2743=DIRECTION('',(0.,0.,-1.));
#2744=DIRECTION('',(0.866025403784439,-0.5,0.));
#2745=DIRECTION('',(0.5,0.866025403784439,0.));
#2746=DIRECTION('',(0.,0.,-1.));
#2747=DIRECTION('',(0.866025403784439,0.5,0.));
#2748=DIRECTION('',(-0.5,0.866025403784439,0.));
#2749=DIRECTION('',(0.,0.,1.));
#2750=DIRECTION('',(1.,0.,0.));
#2751=DIRECTION('',(0.,0.,1.));
#2752=DIRECTION('',(1.,0.,0.));
#2753=DIRECTION('',(0.,0.,1.));
#2754=DIRECTION('',(1.,0.,0.));
#2755=DIRECTION('',(0.,0.,1.));
#2756=DIRECTION('',(1.,0.,0.));
#2757=DIRECTION('',(0.,0.,1.));
#2758=DIRECTION('',(1.,0.,0.));
#2759=DIRECTION('',(0.,0.,1.));
#2760=DIRECTION('',(1.,0.,0.));
#2761=DIRECTION('',(0.,0.,1.));
#2762=DIRECTION('',(1.,0.,0.));
#2763=DIRECTION('',(0.,0.,1.));
#2764=DIRECTION('',(1.,0.,0.));
#2765=DIRECTION('',(0.,0.,-1.));
#2766=DIRECTION('',(-1.,0.,0.));
#2767=DIRECTION('',(0.,0.,1.));
#2768=DIRECTION('',(1.,0.,0.));
#2769=DIRECTION('',(0.,0.,1.));
#2770=DIRECTION('',(1.,0.,0.));
#2771=DIRECTION('',(0.,0.,1.));
#2772=DIRECTION('',(1.,0.,0.));
#2773=DIRECTION('',(0.,0.,1.));
#2774=DIRECTION('',(1.,0.,0.));
#2775=DIRECTION('',(0.,0.,1.));
#2776=DIRECTION('',(1.,0.,0.));
#2777=DIRECTION('',(0.,0.,-1.));
#2778=DIRECTION('',(-1.,0.,0.));
#2779=DIRECTION('',(0.,0.,-1.));
#2780=DIRECTION('',(-1.,0.,0.));
#2781=DIRECTION('',(0.,0.,-1.));
#2782=DIRECTION('',(-1.,0.,0.));
#2783=DIRECTION('',(0.,0.,-1.));
#2784=DIRECTION('',(-1.,0.,0.));
#2785=DIRECTION('',(0.,0.,-1.));
#2786=DIRECTION('',(-1.,0.,0.));
#2787=DIRECTION('',(0.,0.,-1.));
#2788=DIRECTION('',(-1.,0.,0.));
#2789=DIRECTION('',(0.,0.,-1.));
#2790=DIRECTION('',(-1.,0.,0.));
#2791=DIRECTION('',(0.,0.,1.));
#2792=DIRECTION('',(1.,0.,0.));
#2793=DIRECTION('',(0.,0.,1.));
#2794=DIRECTION('',(1.,0.,0.));
#2795=DIRECTION('',(0.,0.,-1.));
#2796=DIRECTION('',(-1.,0.,0.));
#2797=DIRECTION('',(0.,0.,1.));
#2798=DIRECTION('',(1.,0.,0.));
#2799=DIRECTION('',(0.,0.,-1.));
#2800=DIRECTION('',(1.,0.,0.));
#2801=DIRECTION('',(1.22464679914735E-16,1.49975978266185E-32,1.));
#2802=DIRECTION('',(-1.,-1.22464679914735E-16,1.22464679914735E-16));
#2803=DIRECTION('',(-6.12323399573676E-17,1.06057523872491E-16,1.));
#2804=DIRECTION('',(0.5,-0.866025403784439,1.22464679914735E-16));
#2805=DIRECTION('',(-6.12323399573676E-17,-1.06057523872491E-16,1.));
#2806=DIRECTION('',(0.5,0.866025403784439,1.22464679914735E-16));
#2807=DIRECTION('',(0.,0.,-1.));
#2808=DIRECTION('',(0.5,0.866025403784439,0.));
#2809=DIRECTION('',(-1.22464679914735E-16,0.,1.));
#2810=DIRECTION('',(1.,0.,1.22464679914735E-16));
#2811=DIRECTION('',(-1.22464679914735E-16,0.,1.));
#2812=DIRECTION('',(1.,0.,1.22464679914735E-16));
#2813=DIRECTION('',(-1.22464679914735E-16,0.,1.));
#2814=DIRECTION('',(1.,0.,1.22464679914735E-16));
#2815=DIRECTION('',(-1.22464679914735E-16,0.,1.));
#2816=DIRECTION('',(1.,0.,1.22464679914735E-16));
#2817=DIRECTION('',(-1.22464679914735E-16,0.,1.));
#2818=DIRECTION('',(1.,0.,1.22464679914735E-16));
#2819=DIRECTION('',(0.,0.,1.));
#2820=DIRECTION('',(0.5,-0.866025403784439,0.));
#2821=DIRECTION('',(6.12323399573676E-17,1.06057523872491E-16,1.));
#2822=DIRECTION('',(-0.5,-0.866025403784439,1.22464679914735E-16));
#2823=DIRECTION('',(0.,0.,1.));
#2824=DIRECTION('',(1.,0.,0.));
#2825=DIRECTION('',(0.,0.,-1.));
#2826=DIRECTION('',(-0.5,0.866025403784438,0.));
#2827=DIRECTION('',(0.,0.,1.));
#2828=DIRECTION('',(1.,0.,0.));
#2829=DIRECTION('',(0.,0.,1.));
#2830=DIRECTION('',(1.,0.,0.));
#2831=DIRECTION('',(0.,0.,1.));
#2832=DIRECTION('',(1.,0.,0.));
#2833=DIRECTION('',(0.,0.,1.));
#2834=DIRECTION('',(1.,0.,0.));
#2835=DIRECTION('',(0.,0.,1.));
#2836=DIRECTION('',(1.,0.,0.));
#2837=DIRECTION('',(0.,0.,-1.));
#2838=DIRECTION('',(-1.,0.,0.));
#2839=DIRECTION('',(0.,0.,-1.));
#2840=DIRECTION('',(-1.,0.,0.));
#2841=DIRECTION('',(0.,0.,-1.));
#2842=DIRECTION('',(-1.,0.,0.));
#2843=DIRECTION('',(0.,0.,-1.));
#2844=DIRECTION('',(-1.,0.,0.));
#2845=DIRECTION('',(0.,0.,-1.));
#2846=DIRECTION('',(-1.,0.,0.));
#2847=DIRECTION('',(0.,0.,-1.));
#2848=DIRECTION('',(-1.,0.,0.));
#2849=DIRECTION('',(0.,0.,-1.));
#2850=DIRECTION('',(-1.,0.,0.));
#2851=DIRECTION('',(0.,0.,1.));
#2852=DIRECTION('',(1.,0.,0.));
#2853=DIRECTION('',(0.,0.,1.));
#2854=DIRECTION('',(1.,0.,0.));
#2855=DIRECTION('',(0.,0.,1.));
#2856=DIRECTION('',(1.,0.,0.));
#2857=DIRECTION('',(0.,0.,1.));
#2858=DIRECTION('',(1.,0.,0.));
#2859=DIRECTION('',(0.,0.,1.));
#2860=DIRECTION('',(1.,0.,0.));
#2861=DIRECTION('',(0.,0.,1.));
#2862=DIRECTION('',(1.,0.,0.));
#2863=DIRECTION('',(0.,0.,1.));
#2864=DIRECTION('',(1.,0.,0.));
#2865=DIRECTION('',(0.,0.,1.));
#2866=DIRECTION('',(1.,0.,0.));
#2867=DIRECTION('',(0.,0.,1.));
#2868=DIRECTION('',(1.,0.,0.));
#2869=DIRECTION('',(0.,0.,1.));
#2870=DIRECTION('',(1.,0.,0.));
#2871=DIRECTION('',(0.,0.,1.));
#2872=DIRECTION('',(1.,0.,0.));
#2873=DIRECTION('',(0.,0.,1.));
#2874=DIRECTION('',(1.,0.,0.));
#2875=DIRECTION('',(0.,0.,1.));
#2876=DIRECTION('',(1.,0.,0.));
#2877=DIRECTION('',(0.,0.,1.));
#2878=DIRECTION('',(1.,0.,0.));
#2879=DIRECTION('',(0.,0.,1.));
#2880=DIRECTION('',(1.,0.,0.));
#2881=DIRECTION('',(0.,0.,1.));
#2882=DIRECTION('',(1.,0.,0.));
#2883=DIRECTION('',(0.,0.,1.));
#2884=DIRECTION('',(1.,0.,0.));
#2885=DIRECTION('',(0.,0.,-1.));
#2886=DIRECTION('',(-1.,0.,0.));
#2887=DIRECTION('',(0.,0.,-1.));
#2888=DIRECTION('',(-1.,0.,0.));
#2889=DIRECTION('',(0.,0.,-1.));
#2890=DIRECTION('',(-1.,0.,0.));
#2891=DIRECTION('',(0.,0.,-1.));
#2892=DIRECTION('',(-1.,0.,0.));
#2893=DIRECTION('',(0.,0.,-1.));
#2894=DIRECTION('',(-1.,0.,0.));
#2895=DIRECTION('',(0.,0.,-1.));
#2896=DIRECTION('',(-1.,0.,0.));
#2897=DIRECTION('',(0.,0.,-1.));
#2898=DIRECTION('',(-1.,0.,0.));
#2899=DIRECTION('',(0.,0.,-1.));
#2900=DIRECTION('',(-1.,0.,0.));
#2901=DIRECTION('',(0.,0.,-1.));
#2902=DIRECTION('',(-1.,0.,0.));
#2903=DIRECTION('',(0.,0.,-1.));
#2904=DIRECTION('',(-1.,0.,0.));
#2905=DIRECTION('',(0.,0.,1.));
#2906=DIRECTION('',(1.,0.,0.));
#2907=DIRECTION('',(0.,0.,-1.));
#2908=DIRECTION('',(-1.,0.,0.));
#2909=DIRECTION('',(0.,0.,-1.));
#2910=DIRECTION('',(-1.,0.,0.));
#2911=DIRECTION('',(0.,0.,1.));
#2912=DIRECTION('',(1.,0.,0.));
#2913=DIRECTION('',(0.,0.,-1.));
#2914=DIRECTION('',(-1.,0.,0.));
#2915=DIRECTION('',(0.,0.,-1.));
#2916=DIRECTION('',(1.,0.,0.));
#2917=DIRECTION('',(0.,0.,-1.));
#2918=DIRECTION('',(1.,0.,0.));
#2919=DIRECTION('',(0.,0.,-1.));
#2920=DIRECTION('',(1.,0.,0.));
#2921=DIRECTION('',(0.,0.,-1.));
#2922=DIRECTION('',(-1.,0.,0.));
#2923=DIRECTION('',(0.,0.,1.));
#2924=DIRECTION('',(1.,0.,0.));
#2925=DIRECTION('',(0.,0.,-1.));
#2926=DIRECTION('',(-1.,0.,0.));
#2927=DIRECTION('',(0.,0.,1.));
#2928=DIRECTION('',(1.,0.,0.));
#2929=DIRECTION('',(0.,0.,-1.));
#2930=DIRECTION('',(-1.,0.,0.));
#2931=DIRECTION('',(0.,0.,-1.));
#2932=DIRECTION('',(1.,0.,0.));
#2933=DIRECTION('',(0.,0.,1.));
#2934=DIRECTION('',(1.,0.,0.));
#2935=DIRECTION('',(1.22464679914735E-16,0.,-1.));
#2936=DIRECTION('',(-1.,0.,-1.22464679914735E-16));
#2937=DIRECTION('',(1.22464679914735E-16,0.,-1.));
#2938=DIRECTION('',(-1.,0.,-1.22464679914735E-16));
#2939=DIRECTION('',(-1.22464679914735E-16,0.,1.));
#2940=DIRECTION('',(1.,0.,1.22464679914735E-16));
#2941=DIRECTION('',(1.22464679914735E-16,0.,-1.));
#2942=DIRECTION('',(-0.104528463267654,0.994521895368273,-1.28010447960524E-17));
#2943=DIRECTION('',(1.22464679914735E-16,0.,-1.));
#2944=DIRECTION('',(-0.104528463267654,0.994521895368273,-1.28010447960524E-17));
#2945=DIRECTION('',(1.22464679914735E-16,0.,-1.));
#2946=DIRECTION('',(-0.104528463267654,0.994521895368273,-1.28010447960524E-17));
#2947=DIRECTION('',(1.22464679914735E-16,0.,-1.));
#2948=DIRECTION('',(-0.104528463267654,0.994521895368273,-1.28010447960524E-17));
#2949=DIRECTION('',(-1.22464679914735E-16,0.,1.));
#2950=DIRECTION('',(1.,0.,1.22464679914735E-16));
#2951=DIRECTION('',(-1.22464679914735E-16,0.,1.));
#2952=DIRECTION('',(0.104528463267654,-0.994521895368273,1.28010447960524E-17));
#2953=DIRECTION('',(-1.22464679914735E-16,0.,1.));
#2954=DIRECTION('',(0.104528463267654,-0.994521895368273,1.28010447960524E-17));
#2955=DIRECTION('',(-1.22464679914735E-16,0.,1.));
#2956=DIRECTION('',(0.104528463267654,-0.994521895368273,1.28010447960524E-17));
#2957=DIRECTION('',(-1.22464679914735E-16,0.,1.));
#2958=DIRECTION('',(0.104528463267654,-0.994521895368273,1.28010447960524E-17));
#2959=DIRECTION('',(-1.22464679914735E-16,0.,1.));
#2960=DIRECTION('',(0.104528463267654,-0.994521895368273,1.28010447960524E-17));
#2961=DIRECTION('',(-1.22464679914735E-16,0.,1.));
#2962=DIRECTION('',(0.104528463267654,-0.994521895368273,1.28010447960524E-17));
#2963=DIRECTION('',(1.22464679914735E-16,0.,-1.));
#2964=DIRECTION('',(-0.104528463267654,0.994521895368273,-1.28010447960524E-17));
#2965=DIRECTION('',(1.22464679914735E-16,0.,-1.));
#2966=DIRECTION('',(-0.104528463267654,0.994521895368273,-1.28010447960524E-17));
#2967=DIRECTION('',(1.22464679914735E-16,0.,-1.));
#2968=DIRECTION('',(-0.104528463267654,0.994521895368273,-1.28010447960524E-17));
#2969=DIRECTION('',(1.22464679914735E-16,0.,-1.));
#2970=DIRECTION('',(-0.104528463267654,0.994521895368273,-1.28010447960524E-17));
#2971=DIRECTION('',(1.22464679914735E-16,0.,-1.));
#2972=DIRECTION('',(-0.104528463267654,0.994521895368273,-1.28010447960524E-17));
#2973=DIRECTION('',(1.22464679914735E-16,0.,-1.));
#2974=DIRECTION('',(-0.104528463267654,0.994521895368273,-1.28010447960524E-17));
#2975=DIRECTION('',(1.22464679914735E-16,0.,-1.));
#2976=DIRECTION('',(-0.104528463267654,0.994521895368273,-1.28010447960524E-17));
#2977=DIRECTION('',(1.22464679914735E-16,0.,-1.));
#2978=DIRECTION('',(-0.104528463267654,0.994521895368273,-1.28010447960524E-17));
#2979=DIRECTION('',(1.22464679914735E-16,0.,-1.));
#2980=DIRECTION('',(-0.104528463267654,0.994521895368273,-1.28010447960524E-17));
#2981=DIRECTION('',(1.22464679914735E-16,0.,-1.));
#2982=DIRECTION('',(-0.104528463267654,0.994521895368273,-1.28010447960524E-17));
#2983=DIRECTION('',(1.22464679914735E-16,0.,-1.));
#2984=DIRECTION('',(-0.104528463267654,0.994521895368273,-1.28010447960524E-17));
#2985=DIRECTION('',(1.22464679914735E-16,0.,-1.));
#2986=DIRECTION('',(-0.104528463267654,0.994521895368273,-1.28010447960524E-17));
#2987=DIRECTION('',(1.22464679914735E-16,0.,-1.));
#2988=DIRECTION('',(-0.104528463267654,0.994521895368273,-1.28010447960524E-17));
#2989=DIRECTION('',(1.22464679914735E-16,0.,-1.));
#2990=DIRECTION('',(-0.104528463267654,0.994521895368273,-1.28010447960524E-17));
#2991=DIRECTION('',(1.22464679914735E-16,0.,-1.));
#2992=DIRECTION('',(-0.104528463267654,0.994521895368273,-1.28010447960524E-17));
#2993=DIRECTION('',(1.22464679914735E-16,0.,-1.));
#2994=DIRECTION('',(-1.,0.,-1.22464679914735E-16));
#2995=DIRECTION('',(1.22464679914735E-16,0.,-1.));
#2996=DIRECTION('',(-0.104528463267654,0.994521895368273,-1.28010447960524E-17));
#2997=DIRECTION('',(-1.22464679914735E-16,0.,1.));
#2998=DIRECTION('',(0.104528463267654,-0.994521895368273,1.28010447960524E-17));
#2999=DIRECTION('',(-1.22464679914735E-16,0.,1.));
#3000=DIRECTION('',(0.104528463267654,-0.994521895368273,1.28010447960524E-17));
#3001=DIRECTION('',(-1.22464679914735E-16,0.,1.));
#3002=DIRECTION('',(0.104528463267654,-0.994521895368273,1.28010447960524E-17));
#3003=DIRECTION('',(-1.22464679914735E-16,0.,1.));
#3004=DIRECTION('',(0.104528463267654,-0.994521895368273,1.28010447960524E-17));
#3005=DIRECTION('',(-1.22464679914735E-16,0.,1.));
#3006=DIRECTION('',(0.104528463267654,-0.994521895368273,1.28010447960524E-17));
#3007=DIRECTION('',(-1.22464679914735E-16,0.,1.));
#3008=DIRECTION('',(0.104528463267654,-0.994521895368273,1.28010447960524E-17));
#3009=DIRECTION('',(-1.22464679914735E-16,0.,1.));
#3010=DIRECTION('',(0.104528463267654,-0.994521895368273,1.28010447960524E-17));
#3011=DIRECTION('',(-1.22464679914735E-16,0.,1.));
#3012=DIRECTION('',(0.104528463267654,-0.994521895368273,1.28010447960524E-17));
#3013=DIRECTION('',(-1.22464679914735E-16,0.,1.));
#3014=DIRECTION('',(1.,0.,1.22464679914735E-16));
#3015=DIRECTION('',(-1.22464679914735E-16,0.,1.));
#3016=DIRECTION('',(1.,0.,1.22464679914735E-16));
#3017=DIRECTION('',(1.22464679914735E-16,0.,-1.));
#3018=DIRECTION('',(-1.,0.,-1.22464679914735E-16));
#3019=DIRECTION('',(-1.22464679914735E-16,0.,1.));
#3020=DIRECTION('',(1.,0.,1.22464679914735E-16));
#3021=DIRECTION('',(-1.22464679914735E-16,0.,1.));
#3022=DIRECTION('',(1.,0.,1.22464679914735E-16));
#3023=DIRECTION('',(1.22464679914735E-16,0.,-1.));
#3024=DIRECTION('',(-1.,0.,-1.22464679914735E-16));
#3025=DIRECTION('',(-1.22464679914735E-16,0.,1.));
#3026=DIRECTION('',(1.,0.,1.22464679914735E-16));
#3027=DIRECTION('',(-1.22464679914735E-16,0.,1.));
#3028=DIRECTION('',(1.,0.,1.22464679914735E-16));
#3029=DIRECTION('',(0.,0.,1.));
#3030=DIRECTION('',(1.,0.,0.));
#3031=DIRECTION('',(0.,0.,1.));
#3032=DIRECTION('',(1.,0.,0.));
#3033=DIRECTION('',(0.,0.,-1.));
#3034=DIRECTION('',(-0.5,-0.866025403784439,0.));
#3035=DIRECTION('',(0.,0.,1.));
#3036=DIRECTION('',(-0.5,0.866025403784438,0.));
#3037=DIRECTION('',(0.,0.,-1.));
#3038=DIRECTION('',(-1.,-1.22464679914735E-16,0.));
#3039=DIRECTION('',(0.,0.,1.));
#3040=DIRECTION('',(0.5,0.866025403784439,0.));
#3041=DIRECTION('',(0.,0.,1.));
#3042=DIRECTION('',(-1.,-1.22464679914735E-16,0.));
#3043=DIRECTION('',(0.,0.,1.));
#3044=DIRECTION('',(-0.5,-0.866025403784439,0.));
#3045=DIRECTION('',(6.12323399573677E-17,-1.06057523872491E-16,1.));
#3046=DIRECTION('',(-0.5,0.866025403784438,1.22464679914735E-16));
#3047=DIRECTION('',(0.,0.,-1.));
#3048=DIRECTION('',(-1.,0.,0.));
#3049=DIRECTION('',(0.,0.,1.));
#3050=DIRECTION('',(1.,0.,0.));
#3051=DIRECTION('',(0.,0.,1.));
#3052=DIRECTION('',(1.,0.,0.));
#3053=DIRECTION('',(0.,0.,1.));
#3054=DIRECTION('',(1.,0.,0.));
#3055=DIRECTION('',(0.,0.,1.));
#3056=DIRECTION('',(1.,0.,0.));
#3057=DIRECTION('',(-2.23300032416857E-6,1.28272491961854E-19,-0.999999999997507));
#3058=DIRECTION('',(-0.999999999997507,-1.47887901998092E-21,2.23300032416857E-6));
#3059=DIRECTION('',(-2.42861286636753E-16,9.60257510215219E-18,1.));
#3060=DIRECTION('',(-1.,4.80354463737219E-16,-2.42861286636753E-16));
#3061=DIRECTION('',(0.,0.,-1.));
#3062=DIRECTION('',(-1.,0.,0.));
#3063=DIRECTION('',(0.,0.,1.));
#3064=DIRECTION('',(1.,0.,0.));
#3065=DIRECTION('',(0.,0.,1.));
#3066=DIRECTION('',(1.,0.,0.));
#3067=DIRECTION('',(0.,0.,1.));
#3068=DIRECTION('',(1.,0.,0.));
#3069=DIRECTION('',(0.,0.,1.));
#3070=DIRECTION('',(1.,0.,0.));
#3071=DIRECTION('',(0.,0.,1.));
#3072=DIRECTION('',(1.,0.,0.));
#3073=DIRECTION('',(0.,0.,1.));
#3074=DIRECTION('',(1.,0.,0.));
#3075=DIRECTION('',(0.,0.,1.));
#3076=DIRECTION('',(1.,0.,0.));
#3077=DIRECTION('',(0.,0.,1.));
#3078=DIRECTION('',(1.,0.,0.));
#3079=DIRECTION('',(0.,0.,1.));
#3080=DIRECTION('',(1.,0.,0.));
#3081=DIRECTION('',(0.,0.,1.));
#3082=DIRECTION('',(1.,0.,0.));
#3083=DIRECTION('',(2.42861286636753E-16,9.02056207507978E-17,-1.));
#3084=DIRECTION('',(-1.,4.80354463737219E-16,-2.42861286636753E-16));
#3085=DIRECTION('',(6.93889390390723E-18,-2.05742086876355E-45,-1.));
#3086=DIRECTION('',(-1.,-5.87313868023587E-46,-6.93889390390723E-18));
#3087=DIRECTION('',(2.42861286636753E-16,-9.60257510215219E-18,-1.));
#3088=DIRECTION('',(-1.,4.80354463737219E-16,-2.42861286636753E-16));
#3089=DIRECTION('',(6.93889390390723E-18,-2.05742086876355E-45,-1.));
#3090=DIRECTION('',(-1.,-5.87313868023587E-46,-6.93889390390723E-18));
#3091=DIRECTION('',(6.93889390390723E-18,-2.05742086876355E-45,-1.));
#3092=DIRECTION('',(-1.,-5.87313868023587E-46,-6.93889390390723E-18));
#3093=DIRECTION('',(6.93889390390723E-18,-2.05742086876355E-45,-1.));
#3094=DIRECTION('',(-1.,-5.87313868023587E-46,-6.93889390390723E-18));
#3095=DIRECTION('',(6.93889390390723E-18,-2.05742086876355E-45,-1.));
#3096=DIRECTION('',(-1.,-5.87313868023587E-46,-6.93889390390723E-18));
#3097=DIRECTION('',(0.,0.,1.));
#3098=DIRECTION('',(1.,0.,0.));
#3099=DIRECTION('',(0.,0.,1.));
#3100=DIRECTION('',(1.,0.,0.));
#3101=DIRECTION('',(0.,0.,1.));
#3102=DIRECTION('',(1.,0.,0.));
#3103=DIRECTION('',(0.,0.,1.));
#3104=DIRECTION('',(1.,0.,0.));
#3105=DIRECTION('',(0.,0.,1.));
#3106=DIRECTION('',(1.,0.,0.));
#3107=DIRECTION('',(0.,0.,1.));
#3108=DIRECTION('',(1.,0.,0.));
#3109=DIRECTION('',(0.,0.,1.));
#3110=DIRECTION('',(1.,0.,0.));
#3111=DIRECTION('',(0.,0.,1.));
#3112=DIRECTION('',(1.,0.,0.));
#3113=DIRECTION('',(0.,0.,1.));
#3114=DIRECTION('',(1.,0.,0.));
#3115=DIRECTION('',(0.,0.,1.));
#3116=DIRECTION('',(1.,0.,0.));
#3117=DIRECTION('',(0.,0.,-1.));
#3118=DIRECTION('',(-1.,0.,0.));
#3119=DIRECTION('',(0.,0.,-1.));
#3120=DIRECTION('',(-1.,0.,0.));
#3121=DIRECTION('',(0.,0.,-1.));
#3122=DIRECTION('',(-1.,0.,0.));
#3123=DIRECTION('',(0.,0.,1.));
#3124=DIRECTION('',(1.,0.,0.));
#3125=DIRECTION('',(0.,0.,-1.));
#3126=DIRECTION('',(-1.,0.,0.));
#3127=DIRECTION('',(0.,0.,-1.));
#3128=DIRECTION('',(-1.,0.,0.));
#3129=DIRECTION('',(0.,0.,-1.));
#3130=DIRECTION('',(-1.,0.,0.));
#3131=DIRECTION('',(0.,0.,-1.));
#3132=DIRECTION('',(-1.,0.,0.));
#3133=DIRECTION('',(0.,0.,1.));
#3134=DIRECTION('',(1.,0.,0.));
#3135=DIRECTION('',(0.,0.,1.));
#3136=DIRECTION('',(-1.,0.,0.));
#3137=DIRECTION('',(0.,0.,1.));
#3138=DIRECTION('',(1.,0.,0.));
#3139=DIRECTION('',(0.866025403784439,-0.5,0.));
#3140=DIRECTION('',(0.5,0.866025403784439,0.));
#3141=DIRECTION('',(0.,0.,-1.));
#3142=DIRECTION('',(-0.5,-0.866025403784438,0.));
#3143=DIRECTION('',(-0.5,-0.866025403784438,0.));
#3144=DIRECTION('',(0.,0.,-1.));
#3145=DIRECTION('',(0.,-1.,0.));
#3146=DIRECTION('',(0.,0.,-1.));
#3147=DIRECTION('',(-1.,0.,0.));
#3148=DIRECTION('',(-1.,0.,0.));
#3149=DIRECTION('',(0.,0.,-1.));
#3150=DIRECTION('',(-0.866025403784439,-0.5,0.));
#3151=DIRECTION('',(0.5,-0.866025403784439,0.));
#3152=DIRECTION('',(0.,0.,-1.));
#3153=DIRECTION('',(-0.5,0.866025403784439,0.));
#3154=DIRECTION('',(-0.5,0.866025403784439,0.));
#3155=DIRECTION('',(-0.866025403784439,0.5,0.));
#3156=DIRECTION('',(-0.5,-0.866025403784439,0.));
#3157=DIRECTION('',(0.5,0.866025403784439,0.));
#3158=DIRECTION('',(0.5,0.866025403784439,0.));
#3159=DIRECTION('',(0.,0.,-1.));
#3160=DIRECTION('',(0.,1.,0.));
#3161=DIRECTION('',(0.,0.,1.));
#3162=DIRECTION('',(0.,0.,-1.));
#3163=DIRECTION('',(1.,0.,0.));
#3164=DIRECTION('',(1.,0.,0.));
#3165=DIRECTION('',(0.866025403784439,0.5,0.));
#3166=DIRECTION('',(-0.5,0.866025403784439,0.));
#3167=DIRECTION('',(0.5,-0.866025403784439,0.));
#3168=DIRECTION('',(0.5,-0.866025403784439,0.));
#3169=DIRECTION('',(0.,0.,-1.));
#3170=DIRECTION('',(-1.,0.,0.));
#3171=DIRECTION('',(0.,0.,-1.));
#3172=DIRECTION('',(1.,0.,0.));
#3173=DIRECTION('',(0.,0.,1.));
#3174=DIRECTION('',(-1.,0.,0.));
#3175=DIRECTION('',(0.,0.,-1.));
#3176=DIRECTION('',(-1.,0.,0.));
#3177=DIRECTION('',(0.,0.,1.));
#3178=DIRECTION('',(-1.,0.,0.));
#3179=DIRECTION('',(0.,0.,1.));
#3180=DIRECTION('',(-1.,0.,0.));
#3181=DIRECTION('',(0.,0.,1.));
#3182=DIRECTION('',(-1.,0.,0.));
#3183=DIRECTION('',(0.,0.,1.));
#3184=DIRECTION('',(-1.,0.,0.));
#3185=DIRECTION('',(0.,0.,1.));
#3186=DIRECTION('',(-1.,0.,0.));
#3187=DIRECTION('',(0.,0.,-1.));
#3188=DIRECTION('',(1.,0.,0.));
#3189=DIRECTION('',(0.,0.,-1.));
#3190=DIRECTION('',(1.,0.,0.));
#3191=DIRECTION('',(0.,0.,-1.));
#3192=DIRECTION('',(1.,0.,0.));
#3193=DIRECTION('',(0.,0.,-1.));
#3194=DIRECTION('',(1.,0.,0.));
#3195=DIRECTION('',(0.,0.,-1.));
#3196=DIRECTION('',(1.,0.,0.));
#3197=DIRECTION('',(2.42861286636753E-16,9.02056207507978E-17,-1.));
#3198=DIRECTION('',(-1.,4.80354463737219E-16,-2.42861286636753E-16));
#3199=DIRECTION('',(-2.42861286636753E-16,9.60257510215219E-18,1.));
#3200=DIRECTION('',(-1.,4.80354463737219E-16,-2.42861286636753E-16));
#3201=DIRECTION('',(-1.38083988687754E-15,0.,-1.));
#3202=DIRECTION('',(-1.,0.,1.38083988687754E-15));
#3203=DIRECTION('',(0.,0.,-1.));
#3204=DIRECTION('',(-1.,0.,0.));
#3205=DIRECTION('',(0.,0.,1.));
#3206=DIRECTION('',(1.,0.,0.));
#3207=DIRECTION('',(0.,0.,1.));
#3208=DIRECTION('',(1.,0.,0.));
#3209=DIRECTION('',(0.,0.,1.));
#3210=DIRECTION('',(1.,0.,0.));
#3211=DIRECTION('',(0.,0.,1.));
#3212=DIRECTION('',(1.,0.,0.));
#3213=DIRECTION('',(-1.38083988687754E-15,0.,-1.));
#3214=DIRECTION('',(-1.,0.,1.38083988687754E-15));
#3215=DIRECTION('',(2.08166817117217E-17,-9.60257510215215E-18,-1.));
#3216=DIRECTION('',(-1.,6.12323399573677E-17,-2.08166817117217E-17));
#3217=DIRECTION('',(6.93889390390723E-18,-2.05742086876355E-45,-1.));
#3218=DIRECTION('',(-1.,-5.87313868023587E-46,-6.93889390390723E-18));
#3219=DIRECTION('',(6.93889390390723E-18,-2.05742086876355E-45,-1.));
#3220=DIRECTION('',(-1.,-5.87313868023587E-46,-6.93889390390723E-18));
#3221=DIRECTION('',(0.,0.,1.));
#3222=DIRECTION('',(1.,0.,0.));
#3223=DIRECTION('',(0.,0.,-1.));
#3224=DIRECTION('',(-1.,0.,0.));
#3225=DIRECTION('',(0.,0.,1.));
#3226=DIRECTION('',(1.,0.,0.));
#3227=DIRECTION('',(0.,0.,1.));
#3228=DIRECTION('',(1.,0.,0.));
#3229=DIRECTION('',(0.,0.,-1.));
#3230=DIRECTION('',(-1.,0.,0.));
#3231=DIRECTION('',(0.,0.,1.));
#3232=DIRECTION('',(1.,0.,0.));
#3233=DIRECTION('',(0.,0.,1.));
#3234=DIRECTION('',(1.,0.,0.));
#3235=DIRECTION('',(0.,0.,1.));
#3236=DIRECTION('',(1.,0.,0.));
#3237=DIRECTION('',(0.,0.,1.));
#3238=DIRECTION('',(1.,0.,0.));
#3239=DIRECTION('',(0.,0.,1.));
#3240=DIRECTION('',(1.,0.,0.));
#3241=DIRECTION('',(0.,0.,-1.));
#3242=DIRECTION('',(-1.,0.,0.));
#3243=DIRECTION('',(0.,0.,-1.));
#3244=DIRECTION('',(-1.,0.,0.));
#3245=DIRECTION('',(0.,0.,-1.));
#3246=DIRECTION('',(-1.,0.,0.));
#3247=DIRECTION('',(0.,0.,-1.));
#3248=DIRECTION('',(-1.,0.,0.));
#3249=DIRECTION('',(0.,0.,-1.));
#3250=DIRECTION('',(-1.,0.,0.));
#3251=DIRECTION('',(0.,0.,-1.));
#3252=DIRECTION('',(-1.,0.,0.));
#3253=DIRECTION('',(0.,0.,1.));
#3254=DIRECTION('',(1.,0.,0.));
#3255=DIRECTION('',(0.,0.,-1.));
#3256=DIRECTION('',(-1.,0.,0.));
#3257=DIRECTION('',(0.,0.,1.));
#3258=DIRECTION('',(1.,0.,0.));
#3259=DIRECTION('',(-1.38083988687754E-15,0.,-1.));
#3260=DIRECTION('',(-1.,0.,1.38083988687754E-15));
#3261=DIRECTION('',(-2.23300032416857E-6,1.28272491961854E-19,-0.999999999997507));
#3262=DIRECTION('',(-0.999999999997507,-1.47887901998092E-21,2.23300032416857E-6));
#3263=DIRECTION('',(0.,0.,-1.));
#3264=DIRECTION('',(0.5,-0.866025403784439,0.));
#3265=CARTESIAN_POINT('',(0.,0.,0.));
#3266=CARTESIAN_POINT('',(0.,0.,0.006));
#3267=CARTESIAN_POINT('',(0.,-0.015,0.006));
#3268=CARTESIAN_POINT('',(-0.0244948974278318,-0.015,0.006));
#3269=CARTESIAN_POINT('',(0.0244948974278318,-0.015,0.006));
#3270=CARTESIAN_POINT('',(-0.0244948974278318,-0.015,0.006));
#3271=CARTESIAN_POINT('',(-0.0244948974278318,0.015,0.006));
#3272=CARTESIAN_POINT('',(0.,0.015,0.006));
#3273=CARTESIAN_POINT('',(0.0244948974278318,0.015,0.006));
#3274=CARTESIAN_POINT('',(0.0244948974278318,-0.015,0.006));
#3275=CARTESIAN_POINT('',(-0.06,-6.93889390390723E-18,0.006));
#3276=CARTESIAN_POINT('',(-0.06,0.0146067282184958,0.006));
#3277=CARTESIAN_POINT('',(-0.06,0.035,0.006));
#3278=CARTESIAN_POINT('',(-0.05664,0.0146067282184958,0.006));
#3279=CARTESIAN_POINT('',(-0.05328,0.0146067282184958,0.006));
#3280=CARTESIAN_POINT('',(-0.05328,-0.000245466362684972,0.006));
#3281=CARTESIAN_POINT('',(-0.05328,-0.0150976609438658,0.006));
#3282=CARTESIAN_POINT('',(-0.05664,-0.0150976609438658,0.006));
#3283=CARTESIAN_POINT('',(-0.06,-0.0150976609438658,0.006));
#3284=CARTESIAN_POINT('',(-0.06,-6.93889390390723E-18,0.006));
#3285=CARTESIAN_POINT('',(-0.06,-0.035,0.006));
#3286=CARTESIAN_POINT('',(0.,-0.035,0.006));
#3287=CARTESIAN_POINT('',(0.06,-0.035,0.006));
#3288=CARTESIAN_POINT('',(0.06,1.38777878078145E-17,0.006));
#3289=CARTESIAN_POINT('',(0.06,-0.0150976609438658,0.006));
#3290=CARTESIAN_POINT('',(0.0566400426626205,-0.0150976609438658,0.006));
#3291=CARTESIAN_POINT('',(0.0532800853252411,-0.0150976609438658,0.006));
#3292=CARTESIAN_POINT('',(0.0532800853252411,-0.000322023872286081,0.006));
#3293=CARTESIAN_POINT('',(0.0532800853252411,0.0144536131992936,0.006));
#3294=CARTESIAN_POINT('',(0.0566400426626205,0.0144536131992936,0.006));
#3295=CARTESIAN_POINT('',(0.06,0.0144536131992936,0.006));
#3296=CARTESIAN_POINT('',(0.06,1.38777878078145E-17,0.006));
#3297=CARTESIAN_POINT('',(0.06,0.035,0.006));
#3298=CARTESIAN_POINT('',(0.,0.035,0.006));
#3299=CARTESIAN_POINT('',(0.,-0.035,0.006));
#3300=CARTESIAN_POINT('',(0.,-0.035,0.));
#3301=CARTESIAN_POINT('',(0.06,-0.035,0.));
#3302=CARTESIAN_POINT('',(-0.06,-0.035,0.));
#3303=CARTESIAN_POINT('',(0.06,-0.035,0.006));
#3304=CARTESIAN_POINT('',(-0.06,-0.035,0.006));
#3305=CARTESIAN_POINT('',(0.06,1.38777878078145E-17,0.006));
#3306=CARTESIAN_POINT('',(0.06,1.38777878078145E-17,0.));
#3307=CARTESIAN_POINT('',(0.06,0.035,0.));
#3308=CARTESIAN_POINT('',(0.06,0.035,0.006));
#3309=CARTESIAN_POINT('',(0.06,0.0144536131992936,0.053));
#3310=CARTESIAN_POINT('',(0.06,0.0144536131992936,0.053));
#3311=CARTESIAN_POINT('',(0.06,1.38777878078145E-17,0.053));
#3312=CARTESIAN_POINT('',(0.06,-0.0150976609438658,0.053));
#3313=CARTESIAN_POINT('',(0.06,-0.0150976609438658,0.053));
#3314=CARTESIAN_POINT('',(0.,0.035,0.006));
#3315=CARTESIAN_POINT('',(0.,0.035,0.));
#3316=CARTESIAN_POINT('',(-0.06,0.035,0.));
#3317=CARTESIAN_POINT('',(-0.06,0.035,0.006));
#3318=CARTESIAN_POINT('',(-0.06,-6.93889390390723E-18,0.006));
#3319=CARTESIAN_POINT('',(-0.06,-6.93889390390723E-18,0.));
#3320=CARTESIAN_POINT('',(-0.06,-0.0150976609438658,0.053));
#3321=CARTESIAN_POINT('',(-0.06,-0.0150976609438658,0.053));
#3322=CARTESIAN_POINT('',(-0.06,-6.93889390390723E-18,0.053));
#3323=CARTESIAN_POINT('',(-0.06,0.0146067282184958,0.053));
#3324=CARTESIAN_POINT('',(-0.06,0.0146067282184958,0.053));
#3325=CARTESIAN_POINT('',(0.,0.,0.));
#3326=CARTESIAN_POINT('',(0.,-0.015,0.053));
#3327=CARTESIAN_POINT('',(0.,-0.015,0.053));
#3328=CARTESIAN_POINT('',(-0.0528231117302011,-0.015,0.0486734693877551));
#3329=CARTESIAN_POINT('',(-0.0528231117302011,-0.015,0.0486734693877551));
#3330=CARTESIAN_POINT('',(-0.0528231117302011,0.015,0.0486734693877551));
#3331=CARTESIAN_POINT('',(0.,0.015,0.053));
#3332=CARTESIAN_POINT('',(0.,-0.015,0.053));
#3333=CARTESIAN_POINT('',(0.,0.015,0.053));
#3334=CARTESIAN_POINT('',(-0.046,0.015,0.053));
#3335=CARTESIAN_POINT('',(0.046,0.015,0.053));
#3336=CARTESIAN_POINT('',(-0.046,-0.015,0.053));
#3337=CARTESIAN_POINT('',(-0.046,-0.015,0.053));
#3338=CARTESIAN_POINT('',(0.,-0.015,0.053));
#3339=CARTESIAN_POINT('',(0.046,-0.015,0.053));
#3340=CARTESIAN_POINT('',(0.046,-0.015,0.053));
#3341=CARTESIAN_POINT('',(-0.0495,-0.015,0.053));
#3342=CARTESIAN_POINT('',(-0.0495,0.015,0.053));
#3343=CARTESIAN_POINT('',(-0.0488364617882991,0.015,0.053));
#3344=CARTESIAN_POINT('',(-0.0488364617882991,-0.015,0.053));
#3345=CARTESIAN_POINT('',(-0.0488364617882991,-0.015,0.053));
#3346=CARTESIAN_POINT('',(-0.0495,-0.015,0.053));
#3347=CARTESIAN_POINT('',(0.,-0.015,0.053));
#3348=CARTESIAN_POINT('',(0.,0.015,0.053));
#3349=CARTESIAN_POINT('',(0.0528231117302011,0.015,0.0486734693877551));
#3350=CARTESIAN_POINT('',(0.0528231117302011,-0.015,0.0486734693877551));
#3351=CARTESIAN_POINT('',(0.0528231117302011,-0.015,0.0486734693877551));
#3352=CARTESIAN_POINT('',(0.,-0.015,0.053));
#3353=CARTESIAN_POINT('',(0.0495,-0.015,0.053));
#3354=CARTESIAN_POINT('',(0.0495,-0.015,0.053));
#3355=CARTESIAN_POINT('',(0.0488364617882991,-0.015,0.053));
#3356=CARTESIAN_POINT('',(0.0488364617882991,0.015,0.053));
#3357=CARTESIAN_POINT('',(0.0488364617882991,0.015,0.053));
#3358=CARTESIAN_POINT('',(0.0495,0.015,0.053));
#3359=CARTESIAN_POINT('',(0.,-0.015,0.0265));
#3360=CARTESIAN_POINT('',(0.0488364617882991,-0.015,0.049));
#3361=CARTESIAN_POINT('',(-0.0488364617882991,-0.015,0.049));
#3362=CARTESIAN_POINT('',(0.,0.015,0.0265));
#3363=CARTESIAN_POINT('',(0.0488364617882991,0.015,0.049));
#3364=CARTESIAN_POINT('',(-0.0488364617882991,0.015,0.049));
#3365=CARTESIAN_POINT('',(0.0566400426626205,0.0144536131992936,0.053));
#3366=CARTESIAN_POINT('',(0.0532800853252411,0.0144536131992936,0.053));
#3367=CARTESIAN_POINT('',(0.0532800853252411,0.0144536131992936,0.049));
#3368=CARTESIAN_POINT('',(0.0572800853252411,0.0144536131992936,0.049));
#3369=CARTESIAN_POINT('',(0.0572800853252411,0.0144536131992936,0.053));
#3370=CARTESIAN_POINT('',(0.0566400426626205,0.0144536131992936,0.053));
#3371=CARTESIAN_POINT('',(0.0532800853252411,-0.000322023872286081,0.053));
#3372=CARTESIAN_POINT('',(0.0532800853252411,-0.0150976609438658,0.053));
#3373=CARTESIAN_POINT('',(0.0532800853252411,-0.0150976609438658,0.049));
#3374=CARTESIAN_POINT('',(0.0532800853252411,0.0144536131992936,0.049));
#3375=CARTESIAN_POINT('',(0.0566400426626205,-0.0150976609438658,0.053));
#3376=CARTESIAN_POINT('',(0.0566400426626205,-0.0150976609438658,0.053));
#3377=CARTESIAN_POINT('',(0.0572800853252411,-0.0150976609438658,0.053));
#3378=CARTESIAN_POINT('',(0.0572800853252411,-0.0150976609438658,0.049));
#3379=CARTESIAN_POINT('',(0.,-6.93889390390723E-18,0.053));
#3380=CARTESIAN_POINT('',(0.0572800853252411,-0.0150976609438658,0.053));
#3381=CARTESIAN_POINT('',(-0.05664,0.0146067282184958,0.053));
#3382=CARTESIAN_POINT('',(-0.05664,0.0146067282184958,0.053));
#3383=CARTESIAN_POINT('',(-0.05728,0.0146067282184958,0.053));
#3384=CARTESIAN_POINT('',(-0.05728,0.0146067282184958,0.049));
#3385=CARTESIAN_POINT('',(-0.05328,0.0146067282184958,0.049));
#3386=CARTESIAN_POINT('',(-0.05328,0.0146067282184958,0.053));
#3387=CARTESIAN_POINT('',(-0.05664,-0.0150976609438658,0.053));
#3388=CARTESIAN_POINT('',(-0.05328,-0.0150976609438658,0.053));
#3389=CARTESIAN_POINT('',(-0.05328,-0.0150976609438658,0.049));
#3390=CARTESIAN_POINT('',(-0.05728,-0.0150976609438658,0.049));
#3391=CARTESIAN_POINT('',(-0.05728,-0.0150976609438658,0.053));
#3392=CARTESIAN_POINT('',(-0.05664,-0.0150976609438658,0.053));
#3393=CARTESIAN_POINT('',(-0.05328,-0.000245466362684972,0.053));
#3394=CARTESIAN_POINT('',(-0.05328,-0.000245466362684972,0.049));
#3395=CARTESIAN_POINT('',(0.,-6.93889390390723E-18,0.053));
#3396=CARTESIAN_POINT('',(-0.05728,-6.93889390390723E-18,0.053));
#3397=CARTESIAN_POINT('',(0.0488364617882991,-0.015,0.049));
#3398=CARTESIAN_POINT('',(0.0572800853252411,-6.93889390390723E-18,0.049));
#3399=CARTESIAN_POINT('',(-0.0488364617882991,-0.015,0.049));
#3400=CARTESIAN_POINT('',(-0.05728,-0.000245466362684972,0.049));
#3401=CARTESIAN_POINT('',(-0.041,-0.0069,-0.0409));
#3402=CARTESIAN_POINT('',(0.,0.004,0.0025));
#3403=CARTESIAN_POINT('',(0.00230940107675851,0.004,0.0025));
#3404=CARTESIAN_POINT('',(0.00230940107675851,0.004,0.00214273441009183));
#3405=CARTESIAN_POINT('',(0.00230940107675851,0.004,-0.000933295621305361));
#3406=CARTESIAN_POINT('',(0.00230940107675851,0.004,-0.000933295621305361));
#3407=CARTESIAN_POINT('',(0.00154519427023588,0.004,-0.00080168986965007));
#3408=CARTESIAN_POINT('',(-6.69924098835014E-8,0.004,-0.000642029189813021));
#3409=CARTESIAN_POINT('',(-0.00154519995701425,0.004,-0.000801690848982804));
#3410=CARTESIAN_POINT('',(-0.00230940107675851,0.004,-0.000933295621305361));
#3411=CARTESIAN_POINT('',(-0.00230940107675851,0.004,-0.000933295621305361));
#3412=CARTESIAN_POINT('',(-0.00230940107675851,0.004,0.0025));
#3413=CARTESIAN_POINT('',(-0.0023094010767585,0.004,0.00214273441009183));
#3414=CARTESIAN_POINT('',(-0.00230940107675851,0.004,0.00214273441009185));
#3415=CARTESIAN_POINT('',(-0.00155819032632066,0.004,0.00235959027458357));
#3416=CARTESIAN_POINT('',(-0.000780501604629099,0.004,0.0025));
#3417=CARTESIAN_POINT('',(-1.87467412766169E-18,0.004,0.0025));
#3418=CARTESIAN_POINT('',(0.,0.004,0.0025));
#3419=CARTESIAN_POINT('',(-3.56791086181985E-19,0.004,0.0025));
#3420=CARTESIAN_POINT('',(0.000780965328157604,0.004,0.0025));
#3421=CARTESIAN_POINT('',(0.00156256651864362,0.004,0.00235832697667571));
#3422=CARTESIAN_POINT('',(0.00230940107675851,0.004,0.00214273441009184));
#3423=CARTESIAN_POINT('',(-0.00346410161513775,0.002,0.0025));
#3424=CARTESIAN_POINT('',(-0.00230940107675851,0.004,-0.000933295621305361));
#3425=CARTESIAN_POINT('',(-0.00269150304941849,0.00333817996968061,-0.000801690362384133));
#3426=CARTESIAN_POINT('',(-0.00346410161513775,0.002,-0.000642029186642119));
#3427=CARTESIAN_POINT('',(-0.00423670018085702,0.000661820030319386,-0.000801690362384133));
#3428=CARTESIAN_POINT('',(-0.00461880215351701,-5.16090274284364E-18,-0.000933295621305361));
#3429=CARTESIAN_POINT('',(-0.00461880215351701,-5.63785129692462E-18,-0.000933295621305361));
#3430=CARTESIAN_POINT('',(-0.00461880215351701,-5.63785129692462E-18,0.0025));
#3431=CARTESIAN_POINT('',(-0.00461880215351701,-4.33680868994202E-18,0.00214273441009183));
#3432=CARTESIAN_POINT('',(-0.00461880215351707,-1.13017090695899E-16,0.0021427344100927));
#3433=CARTESIAN_POINT('',(-0.00424101525012081,0.000654346111116327,0.00236084978046486));
#3434=CARTESIAN_POINT('',(-0.00385755613790708,0.00131851677609577,0.0025));
#3435=CARTESIAN_POINT('',(-0.00346410161513776,0.002,0.0025));
#3436=CARTESIAN_POINT('',(-0.00346410161513775,0.002,0.0025));
#3437=CARTESIAN_POINT('',(-0.00346410161513776,0.002,0.0025));
#3438=CARTESIAN_POINT('',(-0.00307211747014356,0.00267893645489139,0.0025));
#3439=CARTESIAN_POINT('',(-0.00268624519492407,0.00334728684080375,0.00236030546315772));
#3440=CARTESIAN_POINT('',(-0.00230940107675847,0.00400000000000006,0.00214273441009228));
#3441=CARTESIAN_POINT('',(-0.00346410161513775,-0.002,0.0025));
#3442=CARTESIAN_POINT('',(-0.00461880215351701,-5.46922424331955E-18,-0.000933295621305361));
#3443=CARTESIAN_POINT('',(-0.00423670018085702,-0.000661820030319395,-0.000801690362384134));
#3444=CARTESIAN_POINT('',(-0.00346410161513775,-0.002,-0.000642029186642119));
#3445=CARTESIAN_POINT('',(-0.00269150304941849,-0.00333817996968061,-0.000801690362384133));
#3446=CARTESIAN_POINT('',(-0.0023094010767585,-0.004,-0.000933295621305361));
#3447=CARTESIAN_POINT('',(-0.0023094010767585,-0.004,-0.000933295621305361));
#3448=CARTESIAN_POINT('',(-0.0023094010767585,-0.004,0.0025));
#3449=CARTESIAN_POINT('',(-0.0023094010767585,-0.004,0.00214273441009183));
#3450=CARTESIAN_POINT('',(-0.00230940107675844,-0.00400000000000011,0.00214273441009271));
#3451=CARTESIAN_POINT('',(-0.0026871879801547,-0.00334565388888367,0.00236084978046486));
#3452=CARTESIAN_POINT('',(-0.00307064709236843,-0.00268148322390423,0.0025));
#3453=CARTESIAN_POINT('',(-0.00346410161513775,-0.002,0.0025));
#3454=CARTESIAN_POINT('',(-0.00346410161513775,-0.002,0.0025));
#3455=CARTESIAN_POINT('',(-0.00346410161513775,-0.002,0.0025));
#3456=CARTESIAN_POINT('',(-0.00385608576013195,-0.00132106354510861,0.0025));
#3457=CARTESIAN_POINT('',(-0.00424195803535144,-0.000652713159196251,0.00236030546315772));
#3458=CARTESIAN_POINT('',(-0.00461880215351704,6.12633705876256E-17,0.00214273441009228));
#3459=CARTESIAN_POINT('',(1.7347234759768E-18,-0.004,0.0025));
#3460=CARTESIAN_POINT('',(-0.0023094010767585,-0.004,-0.000933295621305361));
#3461=CARTESIAN_POINT('',(-0.00154519995701425,-0.004,-0.000801690848982804));
#3462=CARTESIAN_POINT('',(-6.69924098808993E-8,-0.004,-0.000642029189813021));
#3463=CARTESIAN_POINT('',(0.00154519427023588,-0.004,-0.00080168986965007));
#3464=CARTESIAN_POINT('',(0.00230940107675851,-0.004,-0.000933295621305361));
#3465=CARTESIAN_POINT('',(0.00230940107675851,-0.004,-0.000933295621305361));
#3466=CARTESIAN_POINT('',(0.00230940107675851,-0.004,0.0025));
#3467=CARTESIAN_POINT('',(0.00230940107675851,-0.004,0.00214273441009183));
#3468=CARTESIAN_POINT('',(2.71623377200265E-18,-0.004,0.0025));
#3469=CARTESIAN_POINT('',(0.000780965328157606,-0.004,0.0025));
#3470=CARTESIAN_POINT('',(0.00156256651864362,-0.004,0.00235832697667571));
#3471=CARTESIAN_POINT('',(0.00230940107675851,-0.004,0.00214273441009184));
#3472=CARTESIAN_POINT('',(3.00462919747432E-18,-0.004,0.0025));
#3473=CARTESIAN_POINT('',(-0.00230940107675851,-0.004,0.00214273441009185));
#3474=CARTESIAN_POINT('',(-0.00155819032632066,-0.004,0.00235959027458357));
#3475=CARTESIAN_POINT('',(-0.000780501604629093,-0.004,0.0025));
#3476=CARTESIAN_POINT('',(5.31832870534006E-18,-0.004,0.0025));
#3477=CARTESIAN_POINT('',(0.00346410161513775,-0.002,0.0025));
#3478=CARTESIAN_POINT('',(0.00230940107675851,-0.004,-0.000933295621305361));
#3479=CARTESIAN_POINT('',(0.00269150304941849,-0.00333817996968061,-0.000801690362384134));
#3480=CARTESIAN_POINT('',(0.00346410161513775,-0.002,-0.000642029186642119));
#3481=CARTESIAN_POINT('',(0.00423670018085703,-0.000661820030319389,-0.000801690362384133));
#3482=CARTESIAN_POINT('',(0.00461880215351701,1.51788304147971E-18,-0.000933295621305361));
#3483=CARTESIAN_POINT('',(0.00461880215351701,1.3010426069826E-18,-0.000933295621305361));
#3484=CARTESIAN_POINT('',(0.00461880215351701,1.3010426069826E-18,0.0025));
#3485=CARTESIAN_POINT('',(0.00461880215351701,1.3010426069826E-18,0.00214273441009183));
#3486=CARTESIAN_POINT('',(0.00461880215351707,1.11005427150839E-16,0.0021427344100927));
#3487=CARTESIAN_POINT('',(0.00424101525012081,-0.000654346111116329,0.00236084978046486));
#3488=CARTESIAN_POINT('',(0.00385755613790708,-0.00131851677609577,0.0025));
#3489=CARTESIAN_POINT('',(0.00346410161513775,-0.002,0.0025));
#3490=CARTESIAN_POINT('',(0.00346410161513775,-0.002,0.0025));
#3491=CARTESIAN_POINT('',(0.00346410161513775,-0.002,0.0025));
#3492=CARTESIAN_POINT('',(0.00307211747014356,-0.00267893645489139,0.0025));
#3493=CARTESIAN_POINT('',(0.00268624519492407,-0.00334728684080375,0.00236030546315772));
#3494=CARTESIAN_POINT('',(0.00230940107675847,-0.00400000000000006,0.00214273441009228));
#3495=CARTESIAN_POINT('',(0.00346410161513775,0.002,0.0025));
#3496=CARTESIAN_POINT('',(0.00461880215351701,1.01392427268136E-18,-0.000933295621305361));
#3497=CARTESIAN_POINT('',(0.00423670018085702,0.000661820030319391,-0.000801690362384133));
#3498=CARTESIAN_POINT('',(0.00346410161513775,0.002,-0.000642029186642119));
#3499=CARTESIAN_POINT('',(0.00269150304941849,0.00333817996968061,-0.000801690362384133));
#3500=CARTESIAN_POINT('',(0.00230940107675851,0.004,-0.000933295621305361));
#3501=CARTESIAN_POINT('',(0.00230940107675844,0.00400000000000011,0.0021427344100927));
#3502=CARTESIAN_POINT('',(0.0026871879801547,0.00334565388888367,0.00236084978046486));
#3503=CARTESIAN_POINT('',(0.00307064709236843,0.00268148322390423,0.0025));
#3504=CARTESIAN_POINT('',(0.00346410161513775,0.002,0.0025));
#3505=CARTESIAN_POINT('',(0.00346410161513775,0.002,0.0025));
#3506=CARTESIAN_POINT('',(0.00346410161513775,0.002,0.0025));
#3507=CARTESIAN_POINT('',(0.00385608576013195,0.00132106354510861,0.0025));
#3508=CARTESIAN_POINT('',(0.00424195803535144,0.000652713159196249,0.00236030546315772));
#3509=CARTESIAN_POINT('',(0.00461880215351704,-6.39092711450474E-17,0.00214273441009228));
#3510=CARTESIAN_POINT('',(0.,0.,0.0025));
#3511=CARTESIAN_POINT('',(0.,1.26567246691879E-19,0.0025));
#3512=CARTESIAN_POINT('',(0.0025,1.26567246691879E-19,0.0025));
#3513=CARTESIAN_POINT('',(0.,0.,0.0025));
#3514=CARTESIAN_POINT('',(0.,0.,0.0025));
#3515=CARTESIAN_POINT('',(0.,0.,0.0025));
#3516=CARTESIAN_POINT('',(0.,0.,0.0025));
#3517=CARTESIAN_POINT('',(0.,0.,0.0025));
#3518=CARTESIAN_POINT('',(0.,0.,0.0025));
#3519=CARTESIAN_POINT('',(0.,1.26567246691879E-19,0.0025));
#3520=CARTESIAN_POINT('',(0.,1.26567246691879E-19,-0.002067));
#3521=CARTESIAN_POINT('',(0.002067,1.26567246691879E-19,-0.002067));
#3522=CARTESIAN_POINT('',(0.,1.26567246691879E-19,0.002067));
#3523=CARTESIAN_POINT('',(0.002067,1.26567246691879E-19,0.002067));
#3524=CARTESIAN_POINT('',(0.,0.,-0.0025));
#3525=CARTESIAN_POINT('',(0.,1.26567246691879E-19,-0.0025));
#3526=CARTESIAN_POINT('',(0.0025,1.26567246691879E-19,-0.0025));
#3527=CARTESIAN_POINT('',(0.,0.,-0.0025));
#3528=CARTESIAN_POINT('',(0.00538445439793712,0.,-0.0025));
#3529=CARTESIAN_POINT('',(0.,0.,0.0025));
#3530=CARTESIAN_POINT('',(0.,0.,0.0025));
#3531=CARTESIAN_POINT('',(0.,0.,0.0025));
#3532=CARTESIAN_POINT('',(0.,0.,0.0025));
#3533=CARTESIAN_POINT('',(0.,0.,0.0025));
#3534=CARTESIAN_POINT('',(0.,0.,0.0025));
#3535=CARTESIAN_POINT('',(0.,0.,-0.0015));
#3536=CARTESIAN_POINT('',(-0.00486260627203308,-5.19912732248585E-18,-0.00124588504288741));
#3537=CARTESIAN_POINT('',(-0.00445499576691991,0.000691412580945302,-0.00109752695185201));
#3538=CARTESIAN_POINT('',(-0.00363253291565215,0.00209016080576385,-0.000910090670338493));
#3539=CARTESIAN_POINT('',(-0.00282671291591921,0.00351166517058819,-0.00109736387074978));
#3540=CARTESIAN_POINT('',(-0.00243130313601654,0.0042111405601822,-0.00124588504288741));
#3541=CARTESIAN_POINT('',(-0.00486260627203308,-5.19912732248585E-18,-0.00124588504288741));
#3542=CARTESIAN_POINT('',(-0.00243130313601654,0.0042111405601822,-0.00124588504288741));
#3543=CARTESIAN_POINT('',(-0.00243130313601654,0.0042111405601822,-0.00124588504288741));
#3544=CARTESIAN_POINT('',(-0.0016287157624598,0.00420384578691243,-0.00109752671868115));
#3545=CARTESIAN_POINT('',(-6.18278902670322E-6,0.00419094622278486,-0.000910091374410884));
#3546=CARTESIAN_POINT('',(0.0016278285952578,0.00420383772338713,-0.00109736272577058));
#3547=CARTESIAN_POINT('',(0.00243130313601654,0.0042111405601822,-0.00124588504288741));
#3548=CARTESIAN_POINT('',(0.00243130313601654,0.0042111405601822,-0.00124588504288741));
#3549=CARTESIAN_POINT('',(0.00243130313601654,0.0042111405601822,-0.00124588504288741));
#3550=CARTESIAN_POINT('',(0.00282627874305475,0.00351243321743213,-0.00109752695185201));
#3551=CARTESIAN_POINT('',(0.00362639881361212,0.00210078538215599,-0.000910090670338492));
#3552=CARTESIAN_POINT('',(0.00445454770527399,0.000692172609097532,-0.00109736387074978));
#3553=CARTESIAN_POINT('',(0.00486260627203308,1.41504145952918E-18,-0.00124588504288741));
#3554=CARTESIAN_POINT('',(0.00486260627203308,1.58071875026905E-18,-0.00124588504288741));
#3555=CARTESIAN_POINT('',(0.00486260627203308,1.45298371223665E-18,-0.00124588504288741));
#3556=CARTESIAN_POINT('',(0.00445499576691991,-0.000691412580945305,-0.00109752695185201));
#3557=CARTESIAN_POINT('',(0.00363253291565215,-0.00209016080576385,-0.000910090670338492));
#3558=CARTESIAN_POINT('',(0.00282671291591922,-0.00351166517058818,-0.00109736387074978));
#3559=CARTESIAN_POINT('',(0.00243130313601655,-0.00421114056018219,-0.00124588504288741));
#3560=CARTESIAN_POINT('',(0.00243130313601654,-0.00421114056018219,-0.00124588504288741));
#3561=CARTESIAN_POINT('',(0.00243130313601654,-0.00421114056018219,-0.00124588504288741));
#3562=CARTESIAN_POINT('',(0.00162871826239392,-0.00420384580963451,-0.00109752718079412));
#3563=CARTESIAN_POINT('',(6.08528946223214E-6,-0.00419094615328304,-0.000910089970880758));
#3564=CARTESIAN_POINT('',(-0.00162784095726825,-0.00420383783574632,-0.00109736501088895));
#3565=CARTESIAN_POINT('',(-0.00243130313601654,-0.0042111405601822,-0.00124588504288741));
#3566=CARTESIAN_POINT('',(-0.00243130313601654,-0.0042111405601822,-0.00124588504288741));
#3567=CARTESIAN_POINT('',(-0.00243130313601654,-0.0042111405601822,-0.00124588504288741));
#3568=CARTESIAN_POINT('',(-0.00282627874305475,-0.00351243321743213,-0.00109752695185201));
#3569=CARTESIAN_POINT('',(-0.00362639881361212,-0.00210078538215599,-0.000910090670338492));
#3570=CARTESIAN_POINT('',(-0.00445454770527399,-0.000692172609097535,-0.00109736387074978));
#3571=CARTESIAN_POINT('',(-0.00486260627203308,-4.67717017000468E-18,-0.00124588504288741));
#3572=CARTESIAN_POINT('',(0.,0.,-0.0015));
#3573=CARTESIAN_POINT('',(0.00556078137864558,0.,-0.0015));
#3574=CARTESIAN_POINT('',(0.,0.,-0.00198445439793711));
#3575=CARTESIAN_POINT('',(-0.00251147557356898,-0.004,-0.000969253904697257));
#3576=CARTESIAN_POINT('',(-0.00247152569225906,-0.004,-0.00118688688015162));
#3577=CARTESIAN_POINT('',(-0.00245972706175936,-0.00421139925742334,-0.00125116169093303));
#3578=CARTESIAN_POINT('',(-0.00170010577206621,-0.004,-0.000820314488288835));
#3579=CARTESIAN_POINT('',(-0.00167796195818557,-0.00399999999999943,-0.00103529007129187));
#3580=CARTESIAN_POINT('',(-0.00166082295698536,-0.00420411848924703,-0.00110222227876481));
#3581=CARTESIAN_POINT('',(-2.52460577224865E-5,-0.004,-0.000625316070379449));
#3582=CARTESIAN_POINT('',(-2.50090237161495E-5,-0.00400000000000057,-0.000832135740929589));
#3583=CARTESIAN_POINT('',(-2.4555738998713E-5,-0.00419076271994831,-0.000907223852458284));
#3584=CARTESIAN_POINT('',(0.00167975864274234,-0.004,-0.000816545563980779));
#3585=CARTESIAN_POINT('',(0.0016582635002685,-0.00399999999999942,-0.00103149335397824));
#3586=CARTESIAN_POINT('',(0.00164078553276023,-0.00420393537974,-0.00109845335429022));
#3587=CARTESIAN_POINT('',(0.00251222311335791,-0.004,-0.000969391142354098));
#3588=CARTESIAN_POINT('',(0.00247226367680578,-0.004,-0.00118702787476734));
#3589=CARTESIAN_POINT('',(0.00246046311782439,-0.00421140596565222,-0.00125129892858987));
#3590=CARTESIAN_POINT('',(-0.0023094010767585,-0.004,-0.000933295621305361));
#3591=CARTESIAN_POINT('',(-0.0023094010767585,-0.00400000000000001,-0.00107524740214817));
#3592=CARTESIAN_POINT('',(-0.0023656769601535,-0.00409747268927998,-0.00119811309368138));
#3593=CARTESIAN_POINT('',(-0.00243130313601653,-0.0042111405601822,-0.00124588504288741));
#3594=CARTESIAN_POINT('',(0.00230940107675851,-0.004,-0.000933295621305361));
#3595=CARTESIAN_POINT('',(0.00230940107675851,-0.004,-0.00107524740214817));
#3596=CARTESIAN_POINT('',(0.00236567696015328,-0.00409747268928011,-0.00119811309368138));
#3597=CARTESIAN_POINT('',(0.00243130313601654,-0.00421114056018219,-0.00124588504288741));
#3598=CARTESIAN_POINT('',(0.00220836332945489,-0.00417500251181216,-0.000969254087858229));
#3599=CARTESIAN_POINT('',(0.00222833827648744,-0.00414040488867328,-0.00118688706832702));
#3600=CARTESIAN_POINT('',(0.00241731472804853,-0.00423588660588939,-0.001251161874094));
#3601=CARTESIAN_POINT('',(0.00261406219264787,-0.00347231146818898,-0.000820309501283938));
#3602=CARTESIAN_POINT('',(0.00262513367354671,-0.00345313510075723,-0.00103528504627559));
#3603=CARTESIAN_POINT('',(0.00281047498244743,-0.0035403510308665,-0.00110221729176061));
#3604=CARTESIAN_POINT('',(0.00345159119242775,-0.00202166868775789,-0.000625315699719968));
#3605=CARTESIAN_POINT('',(0.00345170735232214,-0.0020214674929173,-0.000832135363564009));
#3606=CARTESIAN_POINT('',(0.00361713888915511,-0.00211645705712113,-0.000907223481798556));
#3607=CARTESIAN_POINT('',(0.00430399436211581,-0.000545263089325411,-0.00081655053918371));
#3608=CARTESIAN_POINT('',(0.00429324635954953,-0.000563879175853481,-0.00103149836456898));
#3609=CARTESIAN_POINT('',(0.00446112103171134,-0.000680982957172944,-0.00109845832949295));
#3610=CARTESIAN_POINT('',(0.00472021267403898,0.000175648173966071,-0.000969390959564049));
#3611=CARTESIAN_POINT('',(0.00470023296212509,0.00014104229781063,-0.0011870276869736));
#3612=CARTESIAN_POINT('',(0.00487741561294741,2.51197378185235E-5,-0.00125129874579982));
#3613=CARTESIAN_POINT('',(0.00461880215351701,1.24179696663452E-18,-0.000933295621305361));
#3614=CARTESIAN_POINT('',(0.00461880215351701,1.24179696663452E-18,-0.00107524740214817));
#3615=CARTESIAN_POINT('',(0.00473135392030615,-4.97935634354999E-16,-0.00119811309368138));
#3616=CARTESIAN_POINT('',(0.00486260627203308,1.27231261324793E-18,-0.00124588504288741));
#3617=CARTESIAN_POINT('',(-0.00471983990082061,0.000175002511812152,-0.000969254087858228));
#3618=CARTESIAN_POINT('',(-0.00469986495378806,0.000140404888673276,-0.00118688706832701));
#3619=CARTESIAN_POINT('',(-0.00487704277227472,2.448733951239E-5,-0.001251161874094));
#3620=CARTESIAN_POINT('',(-0.00431414103762723,-0.000527688531811716,-0.000820309501283803));
#3621=CARTESIAN_POINT('',(-0.00430306955672915,-0.000546864899243602,-0.0010352850462754));
#3622=CARTESIAN_POINT('',(-0.004471271422268,-0.000663767216067336,-0.00110221729176042));
#3623=CARTESIAN_POINT('',(-0.0034766120378469,-0.0019783313122436,-0.000625315699720331));
#3624=CARTESIAN_POINT('',(-0.00347649587795086,-0.00197853250708421,-0.000832135363564658));
#3625=CARTESIAN_POINT('',(-0.00364147502206251,-0.00207430563846533,-0.000907223481798826));
#3626=CARTESIAN_POINT('',(-0.00262420886816176,-0.00345473691067102,-0.00081655053918312));
#3627=CARTESIAN_POINT('',(-0.00263495687073034,-0.00343612082414327,-0.00103149836456813));
#3628=CARTESIAN_POINT('',(-0.00282030905631376,-0.00352295266423032,-0.00109845832949261));
#3629=CARTESIAN_POINT('',(-0.0022079905562365,-0.0041756481739661,-0.000969390959564056));
#3630=CARTESIAN_POINT('',(-0.00222797026815039,-0.00414104229781066,-0.00118702768697361));
#3631=CARTESIAN_POINT('',(-0.00241695347538644,-0.0042365256945366,-0.00125129874579983));
#3632=CARTESIAN_POINT('',(-0.00461880215351701,-5.55353777012209E-18,-0.000933295621305361));
#3633=CARTESIAN_POINT('',(-0.00461880215351701,-6.22045696322657E-18,-0.00107524740214817));
#3634=CARTESIAN_POINT('',(-0.00473135392030616,7.79775356741888E-16,-0.00119811309368138));
#3635=CARTESIAN_POINT('',(-0.00486260627203308,-5.01845622349714E-18,-0.00124588504288741));
#3636=CARTESIAN_POINT('',(0.00471983990082061,-0.000175002511812156,-0.000969254087858228));
#3637=CARTESIAN_POINT('',(0.00469986495378806,-0.00014040488867328,-0.00118688706832701));
#3638=CARTESIAN_POINT('',(0.00487704277227472,-2.44873395123939E-5,-0.001251161874094));
#3639=CARTESIAN_POINT('',(0.00431414103762814,0.000527688531810136,-0.000820309501284251));
#3640=CARTESIAN_POINT('',(0.00430306955672944,0.000546864899242585,-0.00103528504627579));
#3641=CARTESIAN_POINT('',(0.00447127142226973,0.000663767216066316,-0.00110221729176105));
#3642=CARTESIAN_POINT('',(0.00347661203784865,0.00197833131224056,-0.000625315699718917));
#3643=CARTESIAN_POINT('',(0.00347649587795346,0.00197853250708055,-0.000832135363563164));
#3644=CARTESIAN_POINT('',(0.00364147502206377,0.00207430563846268,-0.000907223481797904));
#3645=CARTESIAN_POINT('',(0.0026242088681574,0.00345473691067856,-0.000816550539185499));
#3646=CARTESIAN_POINT('',(0.00263495687072545,0.00343612082415052,-0.00103149836457069));
#3647=CARTESIAN_POINT('',(0.00282030905630958,0.00352295266423653,-0.00109845832949382));
#3648=CARTESIAN_POINT('',(0.00220799055623653,0.00417564817396607,-0.000969390959564048));
#3649=CARTESIAN_POINT('',(0.00222797026815041,0.00414104229781063,-0.0011870276869736));
#3650=CARTESIAN_POINT('',(0.00241695347538646,0.00423652569453657,-0.00125129874579982));
#3651=CARTESIAN_POINT('',(0.00230940107675851,0.004,-0.000933295621305361));
#3652=CARTESIAN_POINT('',(0.0023094010767585,0.00400000000000001,-0.00107524740214817));
#3653=CARTESIAN_POINT('',(0.00236567696015409,0.00409747268927964,-0.00119811309368138));
#3654=CARTESIAN_POINT('',(0.00243130313601654,0.0042111405601822,-0.00124588504288741));
#3655=CARTESIAN_POINT('',(-0.00220836332945489,0.00417500251181216,-0.000969254087858229));
#3656=CARTESIAN_POINT('',(-0.00222833827648744,0.00414040488867328,-0.00118688706832702));
#3657=CARTESIAN_POINT('',(-0.00241731472804853,0.00423588660588939,-0.001251161874094));
#3658=CARTESIAN_POINT('',(-0.00261406219264965,0.00347231146818591,-0.000820309501283089));
#3659=CARTESIAN_POINT('',(-0.00262513367354829,0.00345313510075478,-0.00103528504627515));
#3660=CARTESIAN_POINT('',(-0.00281047498244885,0.00354035103086362,-0.00110221729175996));
#3661=CARTESIAN_POINT('',(-0.00345159119242237,0.00202166868776721,-0.000625315699718673));
#3662=CARTESIAN_POINT('',(-0.00345170735231738,0.00202146749292594,-0.000832135363562465));
#3663=CARTESIAN_POINT('',(-0.00361713888914996,0.00211645705713028,-0.000907223481797251));
#3664=CARTESIAN_POINT('',(-0.00430399436212479,0.000545263089309855,-0.000816550539187149));
#3665=CARTESIAN_POINT('',(-0.00429324635955772,0.000563879175838207,-0.0010314983645726));
#3666=CARTESIAN_POINT('',(-0.00446112103172022,0.000680982957157537,-0.00109845832949622));
#3667=CARTESIAN_POINT('',(-0.00472021267403897,-0.000175648173966058,-0.000969390959564046));
#3668=CARTESIAN_POINT('',(-0.00470023296212509,-0.000141042297810617,-0.0011870276869736));
#3669=CARTESIAN_POINT('',(-0.0048774156129474,-2.51197378185112E-5,-0.00125129874579982));
#3670=CARTESIAN_POINT('',(-0.00230940107675851,0.004,-0.000933295621305361));
#3671=CARTESIAN_POINT('',(-0.00230940107675851,0.004,-0.00107524740214817));
#3672=CARTESIAN_POINT('',(-0.00236567696015217,0.00409747268928075,-0.00119811309368138));
#3673=CARTESIAN_POINT('',(-0.00243130313601654,0.0042111405601822,-0.00124588504288741));
#3674=CARTESIAN_POINT('',(0.00251147855691096,0.004,-0.000969254452335823));
#3675=CARTESIAN_POINT('',(0.00247152863746396,0.004,-0.00118688744278297));
#3676=CARTESIAN_POINT('',(0.00245972999926599,0.00421139928419414,-0.0012511622385716));
#3677=CARTESIAN_POINT('',(0.00170002499477831,0.004,-0.000820299528440157));
#3678=CARTESIAN_POINT('',(0.00167788373690471,0.00400000000000014,-0.00103527499738981));
#3679=CARTESIAN_POINT('',(0.00166074340943993,0.00420411776234926,-0.00110220731891689));
#3680=CARTESIAN_POINT('',(2.4748131573694E-5,0.004,-0.000625316774251483));
#3681=CARTESIAN_POINT('',(2.45209962622152E-5,0.00399999999999968,-0.000832136396924953));
#3682=CARTESIAN_POINT('',(2.40703194399369E-5,0.00419076273985292,-0.000907224556330237));
#3683=CARTESIAN_POINT('',(-0.00167982263049038,0.004,-0.000816557420041283));
#3684=CARTESIAN_POINT('',(-0.00165832543231129,0.0040000000000005,-0.0010315052943813));
#3685=CARTESIAN_POINT('',(-0.00164084854684912,0.00420393595563785,-0.00109846521035013));
#3686=CARTESIAN_POINT('',(-0.00251222074277469,0.004,-0.000969390707100659));
#3687=CARTESIAN_POINT('',(-0.00247226133652137,0.004,-0.00118702742759929));
#3688=CARTESIAN_POINT('',(-0.00246046078365401,0.00421140594437847,-0.00125129849333643));
#3689=CARTESIAN_POINT('',(0.,1.26567246691879E-19,-0.0025));
#3690=CARTESIAN_POINT('',(0.,1.26567246691879E-19,0.002067));
#3691=CARTESIAN_POINT('',(-0.0492161045899632,-0.0439107629282201,-0.0029513712823391));
#3692=CARTESIAN_POINT('',(-0.00408648492951533,0.00621075745615493,0.0905486287176609));
#3693=CARTESIAN_POINT('',(-0.0701224388949576,0.0204323179849432,0.0905486287176609));
#3694=CARTESIAN_POINT('',(-0.0494206946116251,-0.0438672759766638,0.0905486287176609));
#3695=CARTESIAN_POINT('',(-0.0121573509134958,-0.0317596816616451,-0.0029513712823391));
#3696=CARTESIAN_POINT('',(-0.00821082179959246,-0.0381258757981418,-0.0235));
#3697=CARTESIAN_POINT('',(-0.00821082179959246,-0.0381258757981418,-0.0235));
#3698=CARTESIAN_POINT('',(-0.00621082179959246,-0.0381258757981418,-0.0235));
#3699=CARTESIAN_POINT('',(-0.00821082179959247,-0.0381258757981418,0.0765));
#3700=CARTESIAN_POINT('',(-0.00621082179959247,-0.0381258757981418,0.0765));
#3701=CARTESIAN_POINT('',(2.87791997799628E-18,0.,-0.0235));
#3702=CARTESIAN_POINT('',(-9.36854801347725E-18,0.,0.0765));
#3703=CARTESIAN_POINT('',(-0.0412098728120327,-0.00574140017852187,0.0175486287176609));
#3704=CARTESIAN_POINT('',(-0.0329990510124403,0.03238447561962,0.0905486287176609));
#3705=CARTESIAN_POINT('',(-0.0412098728120327,-0.00574140017852187,0.0175486287176609));
#3706=CARTESIAN_POINT('',(-0.00415111913556526,0.0064096810880532,-0.0029513712823391));
#3707=CARTESIAN_POINT('',(0.,2.75545529808154E-18,-0.012));
#3708=CARTESIAN_POINT('',(0.,2.75545529808154E-18,-0.012));
#3709=CARTESIAN_POINT('',(0.045,2.75545529808154E-18,-0.012));
#3710=CARTESIAN_POINT('',(0.,2.75545529808154E-18,0.));
#3711=CARTESIAN_POINT('',(0.045,2.75545529808154E-18,0.));
#3712=CARTESIAN_POINT('',(0.,0.,-0.012));
#3713=CARTESIAN_POINT('',(0.01,-6.2456986756515E-19,-0.012));
#3714=CARTESIAN_POINT('',(0.015,-6.2456986756515E-19,-0.012));
#3715=CARTESIAN_POINT('',(-0.01,-6.2456986756515E-19,-0.012));
#3716=CARTESIAN_POINT('',(-0.015,-6.2456986756515E-19,-0.012));
#3717=CARTESIAN_POINT('',(-0.0370587536764675,-0.012151081266575,-0.012));
#3718=CARTESIAN_POINT('',(-0.0393087536764675,-0.012151081266575,-0.012));
#3719=CARTESIAN_POINT('',(-0.00800623177793054,-0.0381693627496983,-0.012));
#3720=CARTESIAN_POINT('',(-0.0102562317779305,-0.0381693627496983,-0.012));
#3721=CARTESIAN_POINT('',(0.0290525218985369,-0.0260182814831233,-0.012));
#3722=CARTESIAN_POINT('',(0.0268025218985369,-0.0260182814831233,-0.012));
#3723=CARTESIAN_POINT('',(0.0370587536764675,0.012151081266575,-0.012));
#3724=CARTESIAN_POINT('',(0.0348087536764674,0.012151081266575,-0.012));
#3725=CARTESIAN_POINT('',(0.00800623177793053,0.0381693627496983,-0.012));
#3726=CARTESIAN_POINT('',(0.00575623177793053,0.0381693627496983,-0.012));
#3727=CARTESIAN_POINT('',(-0.0290525218985369,0.0260182814831233,-0.012));
#3728=CARTESIAN_POINT('',(-0.0313025218985369,0.0260182814831233,-0.012));
#3729=CARTESIAN_POINT('',(0.,0.,0.));
#3730=CARTESIAN_POINT('',(-0.0370587536764675,-0.012151081266575,0.));
#3731=CARTESIAN_POINT('',(-0.0348087536764674,-0.012151081266575,0.));
#3732=CARTESIAN_POINT('',(-0.00800623177793054,-0.0381693627496983,0.));
#3733=CARTESIAN_POINT('',(-0.00575623177793054,-0.0381693627496983,0.));
#3734=CARTESIAN_POINT('',(0.0290525218985369,-0.0260182814831233,0.));
#3735=CARTESIAN_POINT('',(0.0313025218985369,-0.0260182814831233,0.));
#3736=CARTESIAN_POINT('',(0.0370587536764675,0.012151081266575,0.));
#3737=CARTESIAN_POINT('',(0.0393087536764675,0.012151081266575,0.));
#3738=CARTESIAN_POINT('',(0.00800623177793053,0.0381693627496983,0.));
#3739=CARTESIAN_POINT('',(0.0102562317779305,0.0381693627496983,0.));
#3740=CARTESIAN_POINT('',(-0.0290525218985369,0.0260182814831233,0.));
#3741=CARTESIAN_POINT('',(-0.0268025218985369,0.0260182814831233,0.));
#3742=CARTESIAN_POINT('',(0.,2.14313189850787E-18,0.));
#3743=CARTESIAN_POINT('',(0.035,2.14313189850787E-18,0.));
#3744=CARTESIAN_POINT('',(0.,2.02066721859313E-18,-0.001));
#3745=CARTESIAN_POINT('',(0.,2.02066721859313E-18,-0.001));
#3746=CARTESIAN_POINT('',(0.033,2.02066721859313E-18,-0.001));
#3747=CARTESIAN_POINT('',(0.,2.02066721859313E-18,0.));
#3748=CARTESIAN_POINT('',(0.033,2.02066721859313E-18,0.));
#3749=CARTESIAN_POINT('',(0.,2.14313189850787E-18,-0.001));
#3750=CARTESIAN_POINT('',(0.,2.14313189850787E-18,-0.001));
#3751=CARTESIAN_POINT('',(0.035,2.14313189850787E-18,-0.001));
#3752=CARTESIAN_POINT('',(0.,0.,-0.001));
#3753=CARTESIAN_POINT('',(0.,0.,0.));
#3754=CARTESIAN_POINT('',(-0.01,-1.83697019872103E-19,0.));
#3755=CARTESIAN_POINT('',(-0.007,-1.83697019872103E-19,0.));
#3756=CARTESIAN_POINT('',(0.01,-1.83697019872103E-19,0.));
#3757=CARTESIAN_POINT('',(0.013,-1.83697019872103E-19,0.));
#3758=CARTESIAN_POINT('',(-0.0290525218985369,0.0260182814831233,0.013));
#3759=CARTESIAN_POINT('',(0.00800623177793053,0.0381693627496983,0.013));
#3760=CARTESIAN_POINT('',(0.0370587536764675,0.012151081266575,0.013));
#3761=CARTESIAN_POINT('',(0.0290525218985369,-0.0260182814831233,0.013));
#3762=CARTESIAN_POINT('',(-0.00800623177793054,-0.0381693627496983,0.013));
#3763=CARTESIAN_POINT('',(-0.0370587536764675,-0.012151081266575,0.013));
#3764=CARTESIAN_POINT('',(0.01,-1.83697019872103E-19,0.013));
#3765=CARTESIAN_POINT('',(0.01,-1.83697019872103E-19,-0.012));
#3766=CARTESIAN_POINT('',(0.007,-1.83697019872103E-19,-0.012));
#3767=CARTESIAN_POINT('',(-0.01,-1.83697019872103E-19,0.013));
#3768=CARTESIAN_POINT('',(-0.01,-1.83697019872103E-19,-0.012));
#3769=CARTESIAN_POINT('',(-0.013,-1.83697019872103E-19,-0.012));
#3770=CARTESIAN_POINT('',(-0.01,-3.61270805748469E-19,-0.014));
#3771=CARTESIAN_POINT('',(-0.01,-3.61270805748469E-19,-0.014));
#3772=CARTESIAN_POINT('',(-0.0129,-3.61270805748469E-19,-0.014));
#3773=CARTESIAN_POINT('',(-0.01,-3.61270805748469E-19,-0.012));
#3774=CARTESIAN_POINT('',(-0.0129,-3.61270805748469E-19,-0.012));
#3775=CARTESIAN_POINT('',(-0.01,-6.2456986756515E-19,-0.014));
#3776=CARTESIAN_POINT('',(-0.01,-6.2456986756515E-19,-0.014));
#3777=CARTESIAN_POINT('',(-0.015,-6.2456986756515E-19,-0.014));
#3778=CARTESIAN_POINT('',(-0.01,0.,-0.014));
#3779=CARTESIAN_POINT('',(-0.01,0.,-0.012));
#3780=CARTESIAN_POINT('',(0.01,0.,-0.012));
#3781=CARTESIAN_POINT('',(0.01,-3.61270805748469E-19,-0.012));
#3782=CARTESIAN_POINT('',(0.0071,-3.61270805748469E-19,-0.012));
#3783=CARTESIAN_POINT('',(0.01,-3.61270805748469E-19,-0.014));
#3784=CARTESIAN_POINT('',(0.01,-3.61270805748469E-19,-0.014));
#3785=CARTESIAN_POINT('',(0.0071,-3.61270805748469E-19,-0.014));
#3786=CARTESIAN_POINT('',(0.01,-6.2456986756515E-19,-0.014));
#3787=CARTESIAN_POINT('',(0.01,-6.2456986756515E-19,-0.014));
#3788=CARTESIAN_POINT('',(0.005,-6.2456986756515E-19,-0.014));
#3789=CARTESIAN_POINT('',(0.01,0.,-0.014));
#3790=CARTESIAN_POINT('',(-0.0412098728120327,-0.00574140017852187,0.0115486287176609));
#3791=CARTESIAN_POINT('',(-0.00104528463267655,0.00994521895368273,0.0885));
#3792=CARTESIAN_POINT('',(-0.00104528463267655,0.00994521895368273,0.0765));
#3793=CARTESIAN_POINT('',(-0.00704528463267655,0.00994521895368273,0.0765));
#3794=CARTESIAN_POINT('',(-0.00104528463267655,0.00994521895368273,0.0785));
#3795=CARTESIAN_POINT('',(0.00495471536732345,0.00994521895368273,0.0785));
#3796=CARTESIAN_POINT('',(-5.80251999848126E-18,-7.56767695228723E-18,0.0765));
#3797=CARTESIAN_POINT('',(-5.80251999848126E-18,-7.56767695228723E-18,0.0765));
#3798=CARTESIAN_POINT('',(-0.00470378084704444,0.0447534852915723,0.0765));
#3799=CARTESIAN_POINT('',(-4.33294383950444E-18,-7.56767695228723E-18,0.0645));
#3800=CARTESIAN_POINT('',(-0.00470378084704443,0.0447534852915723,0.0645));
#3801=CARTESIAN_POINT('',(-8.54288062413187E-18,-7.85570046019841E-18,0.0765));
#3802=CARTESIAN_POINT('',(0.00104528463267653,-0.00994521895368274,0.0765));
#3803=CARTESIAN_POINT('',(0.00604528463267653,-0.00994521895368274,0.0765));
#3804=CARTESIAN_POINT('',(-0.00821082179959247,-0.0381258757981418,0.0765));
#3805=CARTESIAN_POINT('',(-0.00797563275724025,-0.0403635500627205,0.0765));
#3806=CARTESIAN_POINT('',(-0.0371233878825174,-0.0119521576346768,0.0765));
#3807=CARTESIAN_POINT('',(-0.0368881988401652,-0.0141898318992554,0.0765));
#3808=CARTESIAN_POINT('',(-0.0289125660829249,0.026173718163465,0.0765));
#3809=CARTESIAN_POINT('',(-0.0286773770405727,0.0239360438988864,0.0765));
#3810=CARTESIAN_POINT('',(0.00821082179959246,0.0381258757981418,0.0765));
#3811=CARTESIAN_POINT('',(0.00844601084194468,0.0358882015335632,0.0765));
#3812=CARTESIAN_POINT('',(0.0371233878825173,0.0119521576346768,0.0765));
#3813=CARTESIAN_POINT('',(0.0373585769248696,0.00971448337009815,0.0765));
#3814=CARTESIAN_POINT('',(0.0289125660829249,-0.026173718163465,0.0765));
#3815=CARTESIAN_POINT('',(0.0291477551252771,-0.0284113924280437,0.0765));
#3816=CARTESIAN_POINT('',(-7.07330446515505E-18,-7.85570046019841E-18,0.0645));
#3817=CARTESIAN_POINT('',(-0.00821082179959247,-0.0381258757981418,0.0645));
#3818=CARTESIAN_POINT('',(-0.00844601084194469,-0.0358882015335632,0.0645));
#3819=CARTESIAN_POINT('',(-0.0371233878825174,-0.0119521576346768,0.0645));
#3820=CARTESIAN_POINT('',(-0.0373585769248696,-0.00971448337009819,0.0645));
#3821=CARTESIAN_POINT('',(-0.0289125660829249,0.026173718163465,0.0645));
#3822=CARTESIAN_POINT('',(-0.0291477551252771,0.0284113924280437,0.0645));
#3823=CARTESIAN_POINT('',(0.00821082179959246,0.0381258757981418,0.0645));
#3824=CARTESIAN_POINT('',(0.00797563275724024,0.0403635500627205,0.0645));
#3825=CARTESIAN_POINT('',(0.0371233878825173,0.0119521576346768,0.0645));
#3826=CARTESIAN_POINT('',(0.0368881988401651,0.0141898318992554,0.0645));
#3827=CARTESIAN_POINT('',(0.0289125660829249,-0.026173718163465,0.0645));
#3828=CARTESIAN_POINT('',(0.0286773770405727,-0.0239360438988864,0.0645));
#3829=CARTESIAN_POINT('',(-4.9419128674268E-18,-7.63168217626749E-18,0.0645));
#3830=CARTESIAN_POINT('',(-0.0036584962143679,0.0348082663378895,0.0645));
#3831=CARTESIAN_POINT('',(-5.186171352926E-18,-7.64448322106355E-18,0.0655));
#3832=CARTESIAN_POINT('',(-5.186171352926E-18,-7.64448322106355E-18,0.0655));
#3833=CARTESIAN_POINT('',(-0.00344943928783259,0.032819222547153,0.0655));
#3834=CARTESIAN_POINT('',(-5.06370667301127E-18,-7.64448322106355E-18,0.0645));
#3835=CARTESIAN_POINT('',(-0.00344943928783259,0.032819222547153,0.0645));
#3836=CARTESIAN_POINT('',(-5.06437754734153E-18,-7.63168217626749E-18,0.0655));
#3837=CARTESIAN_POINT('',(-5.06437754734153E-18,-7.63168217626749E-18,0.0655));
#3838=CARTESIAN_POINT('',(-0.0036584962143679,0.0348082663378895,0.0655));
#3839=CARTESIAN_POINT('',(-7.19576914506978E-18,-7.85570046019841E-18,0.0655));
#3840=CARTESIAN_POINT('',(-7.07330446515505E-18,-7.85570046019841E-18,0.0645));
#3841=CARTESIAN_POINT('',(-0.00104528463267655,0.00994521895368273,0.0645));
#3842=CARTESIAN_POINT('',(-0.00604528463267655,0.00994521895368273,0.0645));
#3843=CARTESIAN_POINT('',(0.00104528463267653,-0.00994521895368274,0.0645));
#3844=CARTESIAN_POINT('',(0.000731699242873572,-0.00696165326757792,0.0645));
#3845=CARTESIAN_POINT('',(0.0289125660829249,-0.026173718163465,0.0515));
#3846=CARTESIAN_POINT('',(0.0371233878825173,0.0119521576346768,0.0515));
#3847=CARTESIAN_POINT('',(0.00821082179959246,0.0381258757981418,0.0515));
#3848=CARTESIAN_POINT('',(-0.0289125660829249,0.026173718163465,0.0515));
#3849=CARTESIAN_POINT('',(-0.0371233878825174,-0.0119521576346768,0.0515));
#3850=CARTESIAN_POINT('',(-0.00821082179959247,-0.0381258757981418,0.0515));
#3851=CARTESIAN_POINT('',(0.00104528463267654,-0.00994521895368274,0.0515));
#3852=CARTESIAN_POINT('',(0.00104528463267653,-0.00994521895368274,0.0915));
#3853=CARTESIAN_POINT('',(0.00135887002247949,-0.0129287846397876,0.0915));
#3854=CARTESIAN_POINT('',(-0.00104528463267655,0.00994521895368273,0.0515));
#3855=CARTESIAN_POINT('',(-0.00104528463267655,0.00994521895368273,0.0885));
#3856=CARTESIAN_POINT('',(0.00395471536732345,0.00994521895368273,0.0885));
#3857=CARTESIAN_POINT('',(0.00104528463267653,-0.00994521895368274,0.0915));
#3858=CARTESIAN_POINT('',(0.00104528463267653,-0.00994521895368274,0.0915));
#3859=CARTESIAN_POINT('',(0.00604528463267653,-0.00994521895368274,0.0915));
#3860=CARTESIAN_POINT('',(-1.12055182121983E-17,0.,0.0915));
#3861=CARTESIAN_POINT('',(-0.00104528463267655,0.00994521895368273,0.0885));
#3862=CARTESIAN_POINT('',(-0.00104528463267655,0.00994521895368273,0.0885));
#3863=CARTESIAN_POINT('',(0.00495471536732345,0.00994521895368273,0.0885));
#3864=CARTESIAN_POINT('',(-1.08381241724541E-17,0.,0.0885));
#3865=CARTESIAN_POINT('',(-0.0412098728120327,-0.00574140017852187,0.0115486287176609));
#3866=CARTESIAN_POINT('',(-0.0783332606945501,-0.0176935578131986,0.0905486287176609));
#3867=CARTESIAN_POINT('',(-0.0702623947105696,0.0202768813046014,-0.0029513712823391));
#3868=CARTESIAN_POINT('',(-0.0412098728120327,-0.00574140017852187,0.0175486287176609));
#3869=CARTESIAN_POINT('',(-0.0332036410341022,0.0324279625711764,-0.0029513712823391));
#3870=CARTESIAN_POINT('',(-0.0412098728120327,-0.00574140017852187,0.0175486287176609));
#3871=CARTESIAN_POINT('',(-0.0412098728120327,-0.00574140017852187,0.0175486287176609));
#3872=CARTESIAN_POINT('',(-0.0412098728120327,-0.00574140017852186,0.0175486287176609));
#3873=CARTESIAN_POINT('',(-0.0122973067291078,-0.0319151183419869,0.0905486287176609));
#3874=CARTESIAN_POINT('',(0.01,3.36777869765522E-19,0.066));
#3875=CARTESIAN_POINT('',(0.01,3.36777869765522E-19,0.066));
#3876=CARTESIAN_POINT('',(0.0125,3.36777869765522E-19,0.066));
#3877=CARTESIAN_POINT('',(0.01,3.36777869765522E-19,0.001));
#3878=CARTESIAN_POINT('',(0.0125,3.36777869765522E-19,0.001));
#3879=CARTESIAN_POINT('',(0.,0.,0.066));
#3880=CARTESIAN_POINT('',(0.,0.,0.001));
#3881=CARTESIAN_POINT('',(-0.0412152194549705,-0.00568860304653646,0.0606129118813584));
#3882=CARTESIAN_POINT('',(-0.0312152179662786,-0.00568860304653662,0.05971293421136));
#3883=CARTESIAN_POINT('',(0.,1.68388934882761E-18,0.001));
#3884=CARTESIAN_POINT('',(0.,1.68388934882761E-18,0.001));
#3885=CARTESIAN_POINT('',(0.0275,1.68388934882761E-18,0.001));
#3886=CARTESIAN_POINT('',(0.,1.68388934882761E-18,0.));
#3887=CARTESIAN_POINT('',(0.0275,1.68388934882761E-18,0.));
#3888=CARTESIAN_POINT('',(0.,0.,0.001));
#3889=CARTESIAN_POINT('',(-0.01,1.83697019872103E-19,0.001));
#3890=CARTESIAN_POINT('',(-0.007,1.83697019872103E-19,0.001));
#3891=CARTESIAN_POINT('',(0.01,1.83697019872103E-19,0.001));
#3892=CARTESIAN_POINT('',(0.013,1.83697019872103E-19,0.001));
#3893=CARTESIAN_POINT('',(0.,0.,0.));
#3894=CARTESIAN_POINT('',(-0.01,1.83697019872103E-19,0.));
#3895=CARTESIAN_POINT('',(-0.007,1.83697019872103E-19,0.));
#3896=CARTESIAN_POINT('',(0.01,1.83697019872103E-19,0.));
#3897=CARTESIAN_POINT('',(0.013,1.83697019872103E-19,0.));
#3898=CARTESIAN_POINT('',(0.01,1.83697019872103E-19,-0.024));
#3899=CARTESIAN_POINT('',(-0.01,1.83697019872103E-19,-0.024));
#3900=CARTESIAN_POINT('',(-0.0412153072862916,-0.00568860304653662,0.0172129342114597));
#3901=CARTESIAN_POINT('',(-0.0412152576640622,-0.00568860304653661,0.0394351564336266));
#3902=CARTESIAN_POINT('',(-0.0412152179662786,-0.00568860304653662,0.05721293421136));
#3903=CARTESIAN_POINT('',(-0.0412152874373998,-0.00568860304653661,0.0261018231003265));
#3904=CARTESIAN_POINT('',(-0.041215267588508,-0.00568860304653661,0.0349907119891932));
#3905=CARTESIAN_POINT('',(-0.0412152973618457,-0.00568860304653661,0.0216573786558931));
#3906=CARTESIAN_POINT('',(-0.0412152278907245,-0.00568860304653661,0.0527684897669266));
#3907=CARTESIAN_POINT('',(8.67361737988404E-19,8.67361737988404E-19,0.00235));
#3908=CARTESIAN_POINT('',(0.,0.,0.00235));
#3909=CARTESIAN_POINT('',(0.0025,0.,0.00235));
#3910=CARTESIAN_POINT('',(0.,0.,0.00235));
#3911=CARTESIAN_POINT('',(0.00346410161513775,-0.002,0.00235));
#3912=CARTESIAN_POINT('',(0.00346410161513775,0.002,0.00235));
#3913=CARTESIAN_POINT('',(0.,0.,0.00235));
#3914=CARTESIAN_POINT('',(0.,0.004,0.00235));
#3915=CARTESIAN_POINT('',(0.,0.,0.00235));
#3916=CARTESIAN_POINT('',(-0.00346410161513775,0.002,0.00235));
#3917=CARTESIAN_POINT('',(0.,0.,0.00235));
#3918=CARTESIAN_POINT('',(-0.00346410161513775,-0.002,0.00235));
#3919=CARTESIAN_POINT('',(0.,0.,0.00235));
#3920=CARTESIAN_POINT('',(0.,-0.004,0.00235));
#3921=CARTESIAN_POINT('',(0.,0.,0.00235));
#3922=CARTESIAN_POINT('',(0.,0.,0.00235));
#3923=CARTESIAN_POINT('',(0.,0.,0.00160002200032268));
#3924=CARTESIAN_POINT('',(0.002067,0.,0.00160002200032268));
#3925=CARTESIAN_POINT('',(0.,0.,0.00235));
#3926=CARTESIAN_POINT('',(-0.00461880215351707,1.09531941374377E-16,0.0019927344100927));
#3927=CARTESIAN_POINT('',(-0.00424101525012081,-0.000654346111116329,0.00221084978046486));
#3928=CARTESIAN_POINT('',(-0.00385755613790708,-0.00131851677609577,0.00235));
#3929=CARTESIAN_POINT('',(-0.00346410161513776,-0.002,0.00235));
#3930=CARTESIAN_POINT('',(-0.00461880215351701,-4.33680868994202E-19,0.00199273441009183));
#3931=CARTESIAN_POINT('',(-0.00346410161513775,0.002,0.00235));
#3932=CARTESIAN_POINT('',(-0.00385608576013195,0.00132106354510861,0.00235));
#3933=CARTESIAN_POINT('',(-0.00424195803535144,0.000652713159196247,0.00221030546315772));
#3934=CARTESIAN_POINT('',(-0.00461880215351704,-6.63056985792166E-17,0.00199273441009228));
#3935=CARTESIAN_POINT('',(0.,0.,0.00235));
#3936=CARTESIAN_POINT('',(-0.00230940107675851,0.004,0.00199273441009185));
#3937=CARTESIAN_POINT('',(-0.00155819032632066,0.004,0.00220959027458357));
#3938=CARTESIAN_POINT('',(-0.0007805016046291,0.004,0.00235));
#3939=CARTESIAN_POINT('',(-2.5201047548682E-18,0.004,0.00235));
#3940=CARTESIAN_POINT('',(-0.0023094010767585,0.004,0.00199273441009183));
#3941=CARTESIAN_POINT('',(-0.00230940107675844,0.00400000000000011,0.0019927344100927));
#3942=CARTESIAN_POINT('',(-0.0026871879801547,0.00334565388888367,0.00221084978046486));
#3943=CARTESIAN_POINT('',(-0.00307064709236843,0.00268148322390423,0.00235));
#3944=CARTESIAN_POINT('',(-0.00346410161513775,0.002,0.00235));
#3945=CARTESIAN_POINT('',(0.,1.26567246691879E-19,0.00235));
#3946=CARTESIAN_POINT('',(0.,0.,-0.00160002200032268));
#3947=CARTESIAN_POINT('',(0.002067,0.,-0.00160002200032268));
#3948=CARTESIAN_POINT('',(0.,0.,0.00235));
#3949=CARTESIAN_POINT('',(0.00346410161513775,0.002,0.00235));
#3950=CARTESIAN_POINT('',(0.00307211747014356,0.00267893645489139,0.00235));
#3951=CARTESIAN_POINT('',(0.00268624519492407,0.00334728684080375,0.00221030546315772));
#3952=CARTESIAN_POINT('',(0.00230940107675847,0.00400000000000006,0.00199273441009228));
#3953=CARTESIAN_POINT('',(0.00230940107675851,0.004,0.00199273441009183));
#3954=CARTESIAN_POINT('',(-7.85386035179913E-19,0.004,0.00235));
#3955=CARTESIAN_POINT('',(0.000780965328157604,0.004,0.00235));
#3956=CARTESIAN_POINT('',(0.00156256651864362,0.004,0.00220832697667571));
#3957=CARTESIAN_POINT('',(0.00230940107675851,0.004,0.00199273441009184));
#3958=CARTESIAN_POINT('',(0.,0.,0.00235));
#3959=CARTESIAN_POINT('',(0.00346410161513775,-0.002,0.00235));
#3960=CARTESIAN_POINT('',(0.00385608576013195,-0.00132106354510861,0.00235));
#3961=CARTESIAN_POINT('',(0.00424195803535144,-0.000652713159196247,0.00221030546315772));
#3962=CARTESIAN_POINT('',(0.00461880215351704,6.72667017120394E-17,0.00199273441009228));
#3963=CARTESIAN_POINT('',(0.00461880215351701,1.7347234759768E-18,0.00199273441009183));
#3964=CARTESIAN_POINT('',(0.00461880215351707,-1.08826969252703E-16,0.00199273441009271));
#3965=CARTESIAN_POINT('',(0.00424101525012081,0.00065434611111633,0.00221084978046486));
#3966=CARTESIAN_POINT('',(0.00385755613790708,0.00131851677609577,0.00235));
#3967=CARTESIAN_POINT('',(0.00346410161513775,0.002,0.00235));
#3968=CARTESIAN_POINT('',(0.,0.,0.00235));
#3969=CARTESIAN_POINT('',(-1.38261755669208E-19,-0.004,0.00235));
#3970=CARTESIAN_POINT('',(0.000780965328157603,-0.004,0.00235));
#3971=CARTESIAN_POINT('',(0.00156256651864362,-0.004,0.00220832697667571));
#3972=CARTESIAN_POINT('',(0.0023094010767585,-0.004,0.00199273441009184));
#3973=CARTESIAN_POINT('',(0.0023094010767585,-0.004,0.00199273441009183));
#3974=CARTESIAN_POINT('',(0.00230940107675844,-0.00400000000000011,0.0019927344100927));
#3975=CARTESIAN_POINT('',(0.0026871879801547,-0.00334565388888367,0.00221084978046486));
#3976=CARTESIAN_POINT('',(0.00307064709236843,-0.00268148322390423,0.00235));
#3977=CARTESIAN_POINT('',(0.00346410161513775,-0.002,0.00235));
#3978=CARTESIAN_POINT('',(0.,0.,0.00235));
#3979=CARTESIAN_POINT('',(-0.00346410161513775,-0.002,0.00235));
#3980=CARTESIAN_POINT('',(-0.00307211747014356,-0.00267893645489139,0.00235));
#3981=CARTESIAN_POINT('',(-0.00268624519492407,-0.00334728684080375,0.00221030546315772));
#3982=CARTESIAN_POINT('',(-0.00230940107675847,-0.00400000000000006,0.00199273441009228));
#3983=CARTESIAN_POINT('',(-0.00230940107675851,-0.004,0.00199273441009183));
#3984=CARTESIAN_POINT('',(-0.00230940107675851,-0.004,0.00199273441009185));
#3985=CARTESIAN_POINT('',(-0.00155819032632066,-0.004,0.00220959027458357));
#3986=CARTESIAN_POINT('',(-0.000780501604629097,-0.004,0.00235));
#3987=CARTESIAN_POINT('',(1.4126675648723E-18,-0.004,0.00235));
#3988=CARTESIAN_POINT('',(8.67361737988404E-19,8.67361737988404E-19,-0.00235));
#3989=CARTESIAN_POINT('',(0.,-2.4492935982947E-19,-0.00235));
#3990=CARTESIAN_POINT('',(-0.004,-2.4492935982947E-19,-0.00235));
#3991=CARTESIAN_POINT('',(0.,0.,-0.00235));
#3992=CARTESIAN_POINT('',(0.0025,0.,-0.00235));
#3993=CARTESIAN_POINT('',(-0.00346410161513775,0.002,0.00235));
#3994=CARTESIAN_POINT('',(-0.0023094010767585,0.004,0.00235));
#3995=CARTESIAN_POINT('',(-0.0023094010767585,0.004,-0.00185));
#3996=CARTESIAN_POINT('',(-0.00346410161513775,0.002,-0.00185));
#3997=CARTESIAN_POINT('',(-0.00346410161513775,0.002,-0.00185));
#3998=CARTESIAN_POINT('',(-0.00346410161513775,0.002,-0.00185));
#3999=CARTESIAN_POINT('',(-0.00461880215351701,1.7347234759768E-18,-0.00185));
#4000=CARTESIAN_POINT('',(-0.00461880215351701,1.7347234759768E-18,0.00235));
#4001=CARTESIAN_POINT('',(8.67361737988404E-19,0.004,0.00235));
#4002=CARTESIAN_POINT('',(8.67361737988404E-19,0.004,-0.00185));
#4003=CARTESIAN_POINT('',(0.00230940107675851,0.004,-0.00185));
#4004=CARTESIAN_POINT('',(0.,0.004,-0.00185));
#4005=CARTESIAN_POINT('',(8.67361737988404E-19,0.004,-0.00185));
#4006=CARTESIAN_POINT('',(0.00230940107675851,0.004,0.00235));
#4007=CARTESIAN_POINT('',(0.00346410161513775,0.002,0.00235));
#4008=CARTESIAN_POINT('',(0.00461880215351701,8.67361737988404E-19,0.00235));
#4009=CARTESIAN_POINT('',(0.00461880215351701,8.67361737988404E-19,-0.00185));
#4010=CARTESIAN_POINT('',(0.00346410161513775,0.002,-0.00185));
#4011=CARTESIAN_POINT('',(0.00346410161513775,0.002,-0.00185));
#4012=CARTESIAN_POINT('',(0.00346410161513775,0.002,-0.00185));
#4013=CARTESIAN_POINT('',(0.00346410161513775,-0.002,0.00235));
#4014=CARTESIAN_POINT('',(0.00346410161513775,-0.002,-0.00185));
#4015=CARTESIAN_POINT('',(0.0023094010767585,-0.004,-0.00185));
#4016=CARTESIAN_POINT('',(0.00346410161513775,-0.002,-0.00185));
#4017=CARTESIAN_POINT('',(0.00346410161513775,-0.002,-0.00185));
#4018=CARTESIAN_POINT('',(0.0023094010767585,-0.004,0.00235));
#4019=CARTESIAN_POINT('',(-4.33680868994202E-19,-0.004,0.00235));
#4020=CARTESIAN_POINT('',(-0.0023094010767585,-0.004,0.00235));
#4021=CARTESIAN_POINT('',(-0.0023094010767585,-0.004,-0.00185));
#4022=CARTESIAN_POINT('',(-4.33680868994202E-19,-0.004,-0.00185));
#4023=CARTESIAN_POINT('',(0.,-0.004,-0.00185));
#4024=CARTESIAN_POINT('',(-4.33680868994202E-19,-0.004,-0.00185));
#4025=CARTESIAN_POINT('',(-0.00346410161513775,-0.002,0.00235));
#4026=CARTESIAN_POINT('',(-0.00346410161513775,-0.002,-0.00185));
#4027=CARTESIAN_POINT('',(-0.00346410161513775,-0.002,-0.00185));
#4028=CARTESIAN_POINT('',(-0.00346410161513775,-0.002,-0.00185));
#4029=CARTESIAN_POINT('',(0.,0.,-0.00235));
#4030=CARTESIAN_POINT('',(8.67361737988404E-19,8.67361737988404E-19,-0.00185));
#4031=CARTESIAN_POINT('',(0.,-2.4492935982947E-19,-0.00185));
#4032=CARTESIAN_POINT('',(0.,-2.4492935982947E-19,-0.00185));
#4033=CARTESIAN_POINT('',(0.,-2.4492935982947E-19,-0.00185));
#4034=CARTESIAN_POINT('',(0.,-2.4492935982947E-19,-0.00185));
#4035=CARTESIAN_POINT('',(0.,-2.4492935982947E-19,-0.00185));
#4036=CARTESIAN_POINT('',(0.,-2.4492935982947E-19,-0.00185));
#4037=CARTESIAN_POINT('',(0.,-2.4492935982947E-19,-0.00185));
#4038=CARTESIAN_POINT('',(8.67361737988404E-19,8.67361737988404E-19,-0.00185));
#4039=CARTESIAN_POINT('',(8.67361737988404E-19,8.67361737988404E-19,-0.00185));
#4040=CARTESIAN_POINT('',(8.67361737988404E-19,8.67361737988404E-19,-0.00185));
#4041=CARTESIAN_POINT('',(8.67361737988404E-19,8.67361737988404E-19,-0.00185));
#4042=CARTESIAN_POINT('',(8.67361737988404E-19,8.67361737988404E-19,-0.00185));
#4043=CARTESIAN_POINT('',(-0.0512153072862916,-0.00568860304653661,0.0138629342114597));
#4044=CARTESIAN_POINT('',(-0.0512152179662786,-0.00568860304653661,0.05971293421136));
#4045=CARTESIAN_POINT('',(-0.0312152775129539,-0.00568860304653645,0.0138629342114264));
#4046=CARTESIAN_POINT('',(-0.01,3.36777869765522E-19,0.066));
#4047=CARTESIAN_POINT('',(-0.01,3.36777869765522E-19,0.066));
#4048=CARTESIAN_POINT('',(-0.0075,3.36777869765522E-19,0.066));
#4049=CARTESIAN_POINT('',(-0.01,3.36777869765522E-19,0.001));
#4050=CARTESIAN_POINT('',(-0.0075,3.36777869765522E-19,0.001));
#4051=CARTESIAN_POINT('',(0.,0.,0.066));
#4052=CARTESIAN_POINT('',(0.,0.,0.001));
#4053=CARTESIAN_POINT('',(-0.0412152775129539,-0.00568860304653645,0.0606129342114265));
#4054=CARTESIAN_POINT('',(-0.0412152775129539,-0.00568860304653661,0.0305462675447599));
#4055=CARTESIAN_POINT('',(-0.0412152477396163,-0.00568860304653661,0.0438796008780599));
#4056=CARTESIAN_POINT('',(-0.0412152378151704,-0.00568860304653661,0.0483240453224933));
#4057=CARTESIAN_POINT('',(0.,0.,0.));
#4058=CARTESIAN_POINT('',(0.,2.02066721859313E-18,0.066));
#4059=CARTESIAN_POINT('',(0.,2.02066721859313E-18,0.066));
#4060=CARTESIAN_POINT('',(0.033,2.02066721859313E-18,0.066));
#4061=CARTESIAN_POINT('',(0.,2.02066721859313E-18,0.));
#4062=CARTESIAN_POINT('',(0.033,2.02066721859313E-18,0.));
#4063=CARTESIAN_POINT('',(0.,2.14313189850787E-18,0.066));
#4064=CARTESIAN_POINT('',(0.,2.14313189850787E-18,0.066));
#4065=CARTESIAN_POINT('',(0.035,2.14313189850787E-18,0.066));
#4066=CARTESIAN_POINT('',(0.,2.14313189850787E-18,0.));
#4067=CARTESIAN_POINT('',(0.035,2.14313189850787E-18,0.));
#4068=CARTESIAN_POINT('',(0.,0.,0.066));
#4069=CARTESIAN_POINT('',(0.,0.,0.));
#4070=CARTESIAN_POINT('',(-0.0412098728120327,-0.00574140017852187,0.0115486287176609));
#4071=CARTESIAN_POINT('',(-0.00114282032302755,0.,0.006));
#4072=CARTESIAN_POINT('',(-7.66058647133084E-19,0.,0.006));
#4073=CARTESIAN_POINT('',(-0.0022856406460551,0.,0.006));
#4074=CARTESIAN_POINT('',(-7.66058647133084E-19,0.,0.006));
#4075=CARTESIAN_POINT('',(-7.66058647133084E-19,0.,0.0052));
#4076=CARTESIAN_POINT('',(-0.0025,0.,0.0052));
#4077=CARTESIAN_POINT('',(-7.66058647133084E-19,0.,0.00437192336842418));
#4078=CARTESIAN_POINT('',(-7.66058647133084E-19,0.,-0.0052));
#4079=CARTESIAN_POINT('',(-0.0025,0.,-0.0052));
#4080=CARTESIAN_POINT('',(-7.66058647133084E-19,0.,-0.0052));
#4081=CARTESIAN_POINT('',(-7.66058647133084E-19,0.,-0.006));
#4082=CARTESIAN_POINT('',(-0.0022856406460551,0.,-0.006));
#4083=CARTESIAN_POINT('',(-0.00114282032302755,0.,-0.006));
#4084=CARTESIAN_POINT('',(-0.031215277512954,-0.00568860304653645,-0.00538706578857355));
#4085=CARTESIAN_POINT('',(-0.0512153668329669,-0.00568860304653641,-0.00538706578847382));
#4086=CARTESIAN_POINT('',(-0.0782686264885001,-0.0178924814450969,-0.0029513712823391));
#4087=MECHANICAL_DESIGN_GEOMETRIC_PRESENTATION_REPRESENTATION('',(#2181,
#2182,#2183,#2184,#2185,#2186,#2187,#2188,#2189,#2190,#2191),#4088);
#4088=(
GEOMETRIC_REPRESENTATION_CONTEXT(3)
GLOBAL_UNCERTAINTY_ASSIGNED_CONTEXT((#4101))
GLOBAL_UNIT_ASSIGNED_CONTEXT((#4116,#4115,#4114))
REPRESENTATION_CONTEXT('00_Main_Assembly','TOP_LEVEL_ASSEMBLY_PART')
);
#4089=(
GEOMETRIC_REPRESENTATION_CONTEXT(3)
GLOBAL_UNCERTAINTY_ASSIGNED_CONTEXT((#4102))
GLOBAL_UNIT_ASSIGNED_CONTEXT((#4116,#4115,#4114))
REPRESENTATION_CONTEXT('17_Display_Stand','COMPONENT_PART')
);
#4090=(
GEOMETRIC_REPRESENTATION_CONTEXT(3)
GLOBAL_UNCERTAINTY_ASSIGNED_CONTEXT((#4103))
GLOBAL_UNIT_ASSIGNED_CONTEXT((#4116,#4115,#4114))
REPRESENTATION_CONTEXT('Hex flange nut M5x0.80','COMPONENT_PART')
);
#4091=(
GEOMETRIC_REPRESENTATION_CONTEXT(3)
GLOBAL_UNCERTAINTY_ASSIGNED_CONTEXT((#4104))
GLOBAL_UNIT_ASSIGNED_CONTEXT((#4116,#4115,#4114))
REPRESENTATION_CONTEXT('04_outer_chamber_connection','COMPONENT_PART')
);
#4092=(
GEOMETRIC_REPRESENTATION_CONTEXT(3)
GLOBAL_UNCERTAINTY_ASSIGNED_CONTEXT((#4105))
GLOBAL_UNIT_ASSIGNED_CONTEXT((#4116,#4115,#4114))
REPRESENTATION_CONTEXT('03_Bottom_Cap','COMPONENT_PART')
);
#4093=(
GEOMETRIC_REPRESENTATION_CONTEXT(3)
GLOBAL_UNCERTAINTY_ASSIGNED_CONTEXT((#4106))
GLOBAL_UNIT_ASSIGNED_CONTEXT((#4116,#4115,#4114))
REPRESENTATION_CONTEXT('02_Top_Cap','COMPONENT_PART')
);
#4094=(
GEOMETRIC_REPRESENTATION_CONTEXT(3)
GLOBAL_UNCERTAINTY_ASSIGNED_CONTEXT((#4107))
GLOBAL_UNIT_ASSIGNED_CONTEXT((#4116,#4115,#4114))
REPRESENTATION_CONTEXT('SA01_Electrode_Cartridge <1>','COMPONENT_PART')
);
#4095=(
GEOMETRIC_REPRESENTATION_CONTEXT(3)
GLOBAL_UNCERTAINTY_ASSIGNED_CONTEXT((#4108))
GLOBAL_UNIT_ASSIGNED_CONTEXT((#4116,#4115,#4114))
REPRESENTATION_CONTEXT('08_Internal_Rod_Negative','COMPONENT_PART')
);
#4096=(
GEOMETRIC_REPRESENTATION_CONTEXT(3)
GLOBAL_UNCERTAINTY_ASSIGNED_CONTEXT((#4109))
GLOBAL_UNIT_ASSIGNED_CONTEXT((#4116,#4115,#4114))
REPRESENTATION_CONTEXT('06_Electrode_Disk','COMPONENT_PART')
);
#4097=(
GEOMETRIC_REPRESENTATION_CONTEXT(3)
GLOBAL_UNCERTAINTY_ASSIGNED_CONTEXT((#4110))
GLOBAL_UNIT_ASSIGNED_CONTEXT((#4116,#4115,#4114))
REPRESENTATION_CONTEXT('Hex nut style 1 grade A & B M5x0.8',
'COMPONENT_PART')
);
#4098=(
GEOMETRIC_REPRESENTATION_CONTEXT(3)
GLOBAL_UNCERTAINTY_ASSIGNED_CONTEXT((#4111))
GLOBAL_UNIT_ASSIGNED_CONTEXT((#4116,#4115,#4114))
REPRESENTATION_CONTEXT('07_Internal_Rod_Positive','COMPONENT_PART')
);
#4099=(
GEOMETRIC_REPRESENTATION_CONTEXT(3)
GLOBAL_UNCERTAINTY_ASSIGNED_CONTEXT((#4112))
GLOBAL_UNIT_ASSIGNED_CONTEXT((#4116,#4115,#4114))
REPRESENTATION_CONTEXT('01_Acrylic_Tube','COMPONENT_PART')
);
#4100=(
GEOMETRIC_REPRESENTATION_CONTEXT(3)
GLOBAL_UNCERTAINTY_ASSIGNED_CONTEXT((#4113))
GLOBAL_UNIT_ASSIGNED_CONTEXT((#4116,#4115,#4114))
REPRESENTATION_CONTEXT('Parallel pin 5 x 12','COMPONENT_PART')
);
#4101=UNCERTAINTY_MEASURE_WITH_UNIT(LENGTH_MEASURE(1.E-8),#4116,
'DISTANCE_ACCURACY_VALUE','Maximum Tolerance applied to model');
#4102=UNCERTAINTY_MEASURE_WITH_UNIT(LENGTH_MEASURE(1.E-8),#4116,
'DISTANCE_ACCURACY_VALUE','Maximum Tolerance applied to model');
#4103=UNCERTAINTY_MEASURE_WITH_UNIT(LENGTH_MEASURE(2.E-5),#4116,
'DISTANCE_ACCURACY_VALUE','Maximum Tolerance applied to model');
#4104=UNCERTAINTY_MEASURE_WITH_UNIT(LENGTH_MEASURE(1.E-8),#4116,
'DISTANCE_ACCURACY_VALUE','Maximum Tolerance applied to model');
#4105=UNCERTAINTY_MEASURE_WITH_UNIT(LENGTH_MEASURE(1.E-8),#4116,
'DISTANCE_ACCURACY_VALUE','Maximum Tolerance applied to model');
#4106=UNCERTAINTY_MEASURE_WITH_UNIT(LENGTH_MEASURE(1.E-8),#4116,
'DISTANCE_ACCURACY_VALUE','Maximum Tolerance applied to model');
#4107=UNCERTAINTY_MEASURE_WITH_UNIT(LENGTH_MEASURE(1.E-8),#4116,
'DISTANCE_ACCURACY_VALUE','Maximum Tolerance applied to model');
#4108=UNCERTAINTY_MEASURE_WITH_UNIT(LENGTH_MEASURE(1.E-8),#4116,
'DISTANCE_ACCURACY_VALUE','Maximum Tolerance applied to model');
#4109=UNCERTAINTY_MEASURE_WITH_UNIT(LENGTH_MEASURE(1.E-8),#4116,
'DISTANCE_ACCURACY_VALUE','Maximum Tolerance applied to model');
#4110=UNCERTAINTY_MEASURE_WITH_UNIT(LENGTH_MEASURE(2.E-5),#4116,
'DISTANCE_ACCURACY_VALUE','Maximum Tolerance applied to model');
#4111=UNCERTAINTY_MEASURE_WITH_UNIT(LENGTH_MEASURE(1.E-8),#4116,
'DISTANCE_ACCURACY_VALUE','Maximum Tolerance applied to model');
#4112=UNCERTAINTY_MEASURE_WITH_UNIT(LENGTH_MEASURE(1.E-8),#4116,
'DISTANCE_ACCURACY_VALUE','Maximum Tolerance applied to model');
#4113=UNCERTAINTY_MEASURE_WITH_UNIT(LENGTH_MEASURE(1.E-8),#4116,
'DISTANCE_ACCURACY_VALUE','Maximum Tolerance applied to model');
#4114=(
NAMED_UNIT(*)
SI_UNIT($,.STERADIAN.)
SOLID_ANGLE_UNIT()
);
#4115=(
NAMED_UNIT(*)
PLANE_ANGLE_UNIT()
SI_UNIT($,.RADIAN.)
);
#4116=(
LENGTH_UNIT()
NAMED_UNIT(*)
SI_UNIT($,.METRE.)
);
#4117=PRODUCT_DEFINITION_SHAPE('','',#4171);
#4118=PRODUCT_DEFINITION_SHAPE('','',#4172);
#4119=PRODUCT_DEFINITION_SHAPE(' ','NAUO PRDDFN',#121);
#4120=PRODUCT_DEFINITION_SHAPE('','',#4173);
#4121=PRODUCT_DEFINITION_SHAPE(' ','NAUO PRDDFN',#122);
#4122=PRODUCT_DEFINITION_SHAPE(' ','NAUO PRDDFN',#123);
#4123=PRODUCT_DEFINITION_SHAPE(' ','NAUO PRDDFN',#124);
#4124=PRODUCT_DEFINITION_SHAPE(' ','NAUO PRDDFN',#125);
#4125=PRODUCT_DEFINITION_SHAPE(' ','NAUO PRDDFN',#126);
#4126=PRODUCT_DEFINITION_SHAPE('','',#4174);
#4127=PRODUCT_DEFINITION_SHAPE(' ','NAUO PRDDFN',#127);
#4128=PRODUCT_DEFINITION_SHAPE(' ','NAUO PRDDFN',#128);
#4129=PRODUCT_DEFINITION_SHAPE(' ','NAUO PRDDFN',#129);
#4130=PRODUCT_DEFINITION_SHAPE(' ','NAUO PRDDFN',#130);
#4131=PRODUCT_DEFINITION_SHAPE('','',#4175);
#4132=PRODUCT_DEFINITION_SHAPE(' ','NAUO PRDDFN',#131);
#4133=PRODUCT_DEFINITION_SHAPE('','',#4176);
#4134=PRODUCT_DEFINITION_SHAPE(' ','NAUO PRDDFN',#132);
#4135=PRODUCT_DEFINITION_SHAPE(' ','NAUO PRDDFN',#133);
#4136=PRODUCT_DEFINITION_SHAPE(' ','NAUO PRDDFN',#134);
#4137=PRODUCT_DEFINITION_SHAPE(' ','NAUO PRDDFN',#135);
#4138=PRODUCT_DEFINITION_SHAPE(' ','NAUO PRDDFN',#136);
#4139=PRODUCT_DEFINITION_SHAPE(' ','NAUO PRDDFN',#137);
#4140=PRODUCT_DEFINITION_SHAPE(' ','NAUO PRDDFN',#138);
#4141=PRODUCT_DEFINITION_SHAPE(' ','NAUO PRDDFN',#139);
#4142=PRODUCT_DEFINITION_SHAPE(' ','NAUO PRDDFN',#140);
#4143=PRODUCT_DEFINITION_SHAPE('','',#4177);
#4144=PRODUCT_DEFINITION_SHAPE('','',#4178);
#4145=PRODUCT_DEFINITION_SHAPE(' ','NAUO PRDDFN',#141);
#4146=PRODUCT_DEFINITION_SHAPE(' ','NAUO PRDDFN',#142);
#4147=PRODUCT_DEFINITION_SHAPE('','',#4179);
#4148=PRODUCT_DEFINITION_SHAPE(' ','NAUO PRDDFN',#143);
#4149=PRODUCT_DEFINITION_SHAPE(' ','NAUO PRDDFN',#144);
#4150=PRODUCT_DEFINITION_SHAPE(' ','NAUO PRDDFN',#145);
#4151=PRODUCT_DEFINITION_SHAPE(' ','NAUO PRDDFN',#146);
#4152=PRODUCT_DEFINITION_SHAPE(' ','NAUO PRDDFN',#147);
#4153=PRODUCT_DEFINITION_SHAPE(' ','NAUO PRDDFN',#148);
#4154=PRODUCT_DEFINITION_SHAPE(' ','NAUO PRDDFN',#149);
#4155=PRODUCT_DEFINITION_SHAPE('','',#4180);
#4156=PRODUCT_DEFINITION_SHAPE(' ','NAUO PRDDFN',#150);
#4157=PRODUCT_DEFINITION_SHAPE(' ','NAUO PRDDFN',#151);
#4158=PRODUCT_DEFINITION_SHAPE(' ','NAUO PRDDFN',#152);
#4159=PRODUCT_DEFINITION_SHAPE('','',#4181);
#4160=PRODUCT_DEFINITION_SHAPE(' ','NAUO PRDDFN',#153);
#4161=PRODUCT_DEFINITION_SHAPE(' ','NAUO PRDDFN',#154);
#4162=PRODUCT_DEFINITION_SHAPE(' ','NAUO PRDDFN',#155);
#4163=PRODUCT_DEFINITION_SHAPE(' ','NAUO PRDDFN',#156);
#4164=PRODUCT_DEFINITION_SHAPE(' ','NAUO PRDDFN',#157);
#4165=PRODUCT_DEFINITION_SHAPE('','',#4182);
#4166=PRODUCT_DEFINITION_SHAPE(' ','NAUO PRDDFN',#158);
#4167=PRODUCT_DEFINITION_SHAPE('','',#4183);
#4168=PRODUCT_DEFINITION_SHAPE(' ','NAUO PRDDFN',#159);
#4169=PRODUCT_DEFINITION_SHAPE(' ','NAUO PRDDFN',#160);
#4170=PRODUCT_DEFINITION_SHAPE(' ','NAUO PRDDFN',#161);
#4171=PRODUCT_DEFINITION('','',#4197,#4184);
#4172=PRODUCT_DEFINITION('','',#4198,#4185);
#4173=PRODUCT_DEFINITION('','',#4199,#4186);
#4174=PRODUCT_DEFINITION('','',#4200,#4187);
#4175=PRODUCT_DEFINITION('','',#4201,#4188);
#4176=PRODUCT_DEFINITION('','',#4202,#4189);
#4177=PRODUCT_DEFINITION('','',#4203,#4190);
#4178=PRODUCT_DEFINITION('','',#4204,#4191);
#4179=PRODUCT_DEFINITION('','',#4205,#4192);
#4180=PRODUCT_DEFINITION('','',#4206,#4193);
#4181=PRODUCT_DEFINITION('','',#4207,#4194);
#4182=PRODUCT_DEFINITION('','',#4208,#4195);
#4183=PRODUCT_DEFINITION('','',#4209,#4196);
#4184=PRODUCT_DEFINITION_CONTEXT('',#4263,'design');
#4185=PRODUCT_DEFINITION_CONTEXT('',#4263,'design');
#4186=PRODUCT_DEFINITION_CONTEXT('',#4263,'design');
#4187=PRODUCT_DEFINITION_CONTEXT('',#4263,'design');
#4188=PRODUCT_DEFINITION_CONTEXT('',#4263,'design');
#4189=PRODUCT_DEFINITION_CONTEXT('',#4263,'design');
#4190=PRODUCT_DEFINITION_CONTEXT('',#4263,'design');
#4191=PRODUCT_DEFINITION_CONTEXT('',#4263,'design');
#4192=PRODUCT_DEFINITION_CONTEXT('',#4263,'design');
#4193=PRODUCT_DEFINITION_CONTEXT('',#4263,'design');
#4194=PRODUCT_DEFINITION_CONTEXT('',#4263,'design');
#4195=PRODUCT_DEFINITION_CONTEXT('',#4263,'design');
#4196=PRODUCT_DEFINITION_CONTEXT('',#4263,'design');
#4197=PRODUCT_DEFINITION_FORMATION_WITH_SPECIFIED_SOURCE('','',#4223,
 .NOT_KNOWN.);
#4198=PRODUCT_DEFINITION_FORMATION_WITH_SPECIFIED_SOURCE('','',#4224,
 .NOT_KNOWN.);
#4199=PRODUCT_DEFINITION_FORMATION_WITH_SPECIFIED_SOURCE('','',#4225,
 .NOT_KNOWN.);
#4200=PRODUCT_DEFINITION_FORMATION_WITH_SPECIFIED_SOURCE('','',#4226,
 .NOT_KNOWN.);
#4201=PRODUCT_DEFINITION_FORMATION_WITH_SPECIFIED_SOURCE('','',#4227,
 .NOT_KNOWN.);
#4202=PRODUCT_DEFINITION_FORMATION_WITH_SPECIFIED_SOURCE('','',#4228,
 .NOT_KNOWN.);
#4203=PRODUCT_DEFINITION_FORMATION_WITH_SPECIFIED_SOURCE('','',#4229,
 .NOT_KNOWN.);
#4204=PRODUCT_DEFINITION_FORMATION_WITH_SPECIFIED_SOURCE('','',#4230,
 .NOT_KNOWN.);
#4205=PRODUCT_DEFINITION_FORMATION_WITH_SPECIFIED_SOURCE('','',#4231,
 .NOT_KNOWN.);
#4206=PRODUCT_DEFINITION_FORMATION_WITH_SPECIFIED_SOURCE('','',#4232,
 .NOT_KNOWN.);
#4207=PRODUCT_DEFINITION_FORMATION_WITH_SPECIFIED_SOURCE('','',#4233,
 .NOT_KNOWN.);
#4208=PRODUCT_DEFINITION_FORMATION_WITH_SPECIFIED_SOURCE('','',#4234,
 .NOT_KNOWN.);
#4209=PRODUCT_DEFINITION_FORMATION_WITH_SPECIFIED_SOURCE('','',#4235,
 .NOT_KNOWN.);
#4210=PRODUCT_RELATED_PRODUCT_CATEGORY('','',(#4223));
#4211=PRODUCT_RELATED_PRODUCT_CATEGORY('','',(#4224));
#4212=PRODUCT_RELATED_PRODUCT_CATEGORY('','',(#4225));
#4213=PRODUCT_RELATED_PRODUCT_CATEGORY('','',(#4226));
#4214=PRODUCT_RELATED_PRODUCT_CATEGORY('','',(#4227));
#4215=PRODUCT_RELATED_PRODUCT_CATEGORY('','',(#4228));
#4216=PRODUCT_RELATED_PRODUCT_CATEGORY('','',(#4229));
#4217=PRODUCT_RELATED_PRODUCT_CATEGORY('','',(#4230));
#4218=PRODUCT_RELATED_PRODUCT_CATEGORY('','',(#4231));
#4219=PRODUCT_RELATED_PRODUCT_CATEGORY('','',(#4232));
#4220=PRODUCT_RELATED_PRODUCT_CATEGORY('','',(#4233));
#4221=PRODUCT_RELATED_PRODUCT_CATEGORY('','',(#4234));
#4222=PRODUCT_RELATED_PRODUCT_CATEGORY('','',(#4235));
#4223=PRODUCT('00_Main_Assembly','00_Main_Assembly','00_Main_Assembly',
(#4249));
#4224=PRODUCT('17_Display_Stand','17_Display_Stand','17_Display_Stand',
(#4250));
#4225=PRODUCT('Hex flange nut M5x0.80','Hex flange nut M5x0.80',
'Hex flange nut M5x0.80',(#4251));
#4226=PRODUCT('04_outer_chamber_connection',
'04_outer_chamber_connection','04_outer_chamber_connection',(#4252));
#4227=PRODUCT('03_Bottom_Cap','03_Bottom_Cap','03_Bottom_Cap',(#4253));
#4228=PRODUCT('02_Top_Cap','02_Top_Cap','02_Top_Cap',(#4254));
#4229=PRODUCT('SA01_Electrode_Cartridge <1>',
'SA01_Electrode_Cartridge <1>','SA01_Electrode_Cartridge <1>',(#4255));
#4230=PRODUCT('08_Internal_Rod_Negative','08_Internal_Rod_Negative',
'08_Internal_Rod_Negative',(#4256));
#4231=PRODUCT('06_Electrode_Disk','06_Electrode_Disk',
'06_Electrode_Disk',(#4257));
#4232=PRODUCT('Hex nut style 1 grade A & B M5x0.8',
'Hex nut style 1 grade A & B M5x0.8',
'Hex nut style 1 grade A & B M5x0.8',(#4258));
#4233=PRODUCT('07_Internal_Rod_Positive','07_Internal_Rod_Positive',
'07_Internal_Rod_Positive',(#4259));
#4234=PRODUCT('01_Acrylic_Tube','01_Acrylic_Tube','01_Acrylic_Tube',(#4260));
#4235=PRODUCT('Parallel pin 5 x 12','Parallel pin 5 x 12',
'Parallel pin 5 x 12',(#4261));
#4236=PRODUCT_CATEGORY('','');
#4237=PRODUCT_CATEGORY('','');
#4238=PRODUCT_CATEGORY('','');
#4239=PRODUCT_CATEGORY('','');
#4240=PRODUCT_CATEGORY('','');
#4241=PRODUCT_CATEGORY('','');
#4242=PRODUCT_CATEGORY('','');
#4243=PRODUCT_CATEGORY('','');
#4244=PRODUCT_CATEGORY('','');
#4245=PRODUCT_CATEGORY('','');
#4246=PRODUCT_CATEGORY('','');
#4247=PRODUCT_CATEGORY('','');
#4248=PRODUCT_CATEGORY('','');
#4249=PRODUCT_CONTEXT('',#4263,'mechanical');
#4250=PRODUCT_CONTEXT('',#4263,'mechanical');
#4251=PRODUCT_CONTEXT('',#4263,'mechanical');
#4252=PRODUCT_CONTEXT('',#4263,'mechanical');
#4253=PRODUCT_CONTEXT('',#4263,'mechanical');
#4254=PRODUCT_CONTEXT('',#4263,'mechanical');
#4255=PRODUCT_CONTEXT('',#4263,'mechanical');
#4256=PRODUCT_CONTEXT('',#4263,'mechanical');
#4257=PRODUCT_CONTEXT('',#4263,'mechanical');
#4258=PRODUCT_CONTEXT('',#4263,'mechanical');
#4259=PRODUCT_CONTEXT('',#4263,'mechanical');
#4260=PRODUCT_CONTEXT('',#4263,'mechanical');
#4261=PRODUCT_CONTEXT('',#4263,'mechanical');
#4262=APPLICATION_PROTOCOL_DEFINITION('international standard',
'ap242_managed_model_based_3d_engineering',2020,#4263);
#4263=APPLICATION_CONTEXT('managed model based 3d engineering');
ENDSEC;
END-ISO-10303-21;
