ISO-10303-21;
HEADER;
/* Generated by software containing ST-Developer
 * from STEP Tools, Inc. (www.steptools.com) 
 */
/* OPTION: using custom renumber hook */

FILE_DESCRIPTION(
/* description */ ('STEP AP242 Edition 2',
'CAx-IF Rec.Pracs.---Representation and Presentation of Product Manufa
cturing Information (PMI)---4.0---2014-10-13',
'CAx-IF Rec.Pracs.---3D Tessellated Geometry---0.4---2014-09-14','2;1',
'CAx-IF Rec.Pracs.---User Defined Attributes---1.5---2016-08-15'),
/* implementation_level */ '2;1');

FILE_NAME(
/* name */ '6a94e422718ec90ee8e4da0a',
/* time_stamp */ '2026-08-31T02:17:06Z',
/* author */ (''),
/* organization */ (''),
/* preprocessor_version */ 'ST-DEVELOPER v20',
/* originating_system */ 'ONSHAPE BY PTC INC, 1.220',
/* authorisation */ '  ');

FILE_SCHEMA (('AP242_MANAGED_MODEL_BASED_3D_ENGINEERING_MIM_LF { 1 0 10303 442 3 1 4 }'));
ENDSEC;

DATA;
#10=(
BOUNDED_SURFACE()
B_SPLINE_SURFACE(3,2,((#1499,#1500,#1501),(#1502,#1503,#1504),(#1505,#1506,
#1507),(#1508,#1509,#1510),(#1511,#1512,#1513)),.UNSPECIFIED.,.F.,.F.,.F.)
B_SPLINE_SURFACE_WITH_KNOTS((4,1,4),(3,3),(0.0202706302398788,0.0227306941007815,
0.0251907579616841),(0.,1.),.UNSPECIFIED.)
GEOMETRIC_REPRESENTATION_ITEM()
RATIONAL_B_SPLINE_SURFACE(((1.,0.804778170861036,1.),(1.,0.812317274077952,
1.),(1.,0.825890207232675,1.),(1.,0.812506947474839,1.),(1.,0.804771224580609,
1.)))
REPRESENTATION_ITEM('')
SURFACE()
);
#11=(
BOUNDED_SURFACE()
B_SPLINE_SURFACE(3,2,((#1522,#1523,#1524),(#1525,#1526,#1527),(#1528,#1529,
#1530),(#1531,#1532,#1533),(#1534,#1535,#1536)),.UNSPECIFIED.,.F.,.F.,.F.)
B_SPLINE_SURFACE_WITH_KNOTS((4,1,4),(3,3),(0.0203285324751813,0.0227886329536483,
0.0252487334321152),(0.,1.),.UNSPECIFIED.)
GEOMETRIC_REPRESENTATION_ITEM()
RATIONAL_B_SPLINE_SURFACE(((1.,0.804778161589687,1.),(1.,0.812317525076261,
1.),(1.,0.825890232013359,1.),(1.,0.81250669714372,1.),(1.,0.804771233831862,
1.)))
REPRESENTATION_ITEM('')
SURFACE()
);
#12=(
BOUNDED_SURFACE()
B_SPLINE_SURFACE(3,2,((#1541,#1542,#1543),(#1544,#1545,#1546),(#1547,#1548,
#1549),(#1550,#1551,#1552),(#1553,#1554,#1555)),.UNSPECIFIED.,.F.,.F.,.F.)
B_SPLINE_SURFACE_WITH_KNOTS((4,1,4),(3,3),(0.0203285324751813,0.0227886329536483,
0.0252487334321152),(0.,1.),.UNSPECIFIED.)
GEOMETRIC_REPRESENTATION_ITEM()
RATIONAL_B_SPLINE_SURFACE(((1.,0.804778161589688,1.),(1.,0.812317525075849,
1.),(1.,0.825890232013917,1.),(1.,0.812506697143016,1.),(1.,0.804771233831862,
1.)))
REPRESENTATION_ITEM('')
SURFACE()
);
#13=(
BOUNDED_SURFACE()
B_SPLINE_SURFACE(3,2,((#1560,#1561,#1562),(#1563,#1564,#1565),(#1566,#1567,
#1568),(#1569,#1570,#1571),(#1572,#1573,#1574)),.UNSPECIFIED.,.F.,.F.,.F.)
B_SPLINE_SURFACE_WITH_KNOTS((4,1,4),(3,3),(0.0203285324751813,0.0227886329536482,
0.0252487334321152),(0.,1.),.UNSPECIFIED.)
GEOMETRIC_REPRESENTATION_ITEM()
RATIONAL_B_SPLINE_SURFACE(((1.,0.804778161589688,1.),(1.,0.812317525075712,
1.),(1.,0.825890232013751,1.),(1.,0.812506697143486,1.),(1.,0.804771233831862,
1.)))
REPRESENTATION_ITEM('')
SURFACE()
);
#14=(
BOUNDED_SURFACE()
B_SPLINE_SURFACE(3,2,((#1579,#1580,#1581),(#1582,#1583,#1584),(#1585,#1586,
#1587),(#1588,#1589,#1590),(#1591,#1592,#1593)),.UNSPECIFIED.,.F.,.F.,.F.)
B_SPLINE_SURFACE_WITH_KNOTS((4,1,4),(3,3),(0.0203285324751813,0.0227886329536483,
0.0252487334321152),(0.,1.),.UNSPECIFIED.)
GEOMETRIC_REPRESENTATION_ITEM()
RATIONAL_B_SPLINE_SURFACE(((1.,0.804778161589687,1.),(1.,0.812317525076215,
1.),(1.,0.825890232013452,1.),(1.,0.812506697143579,1.),(1.,0.804771233831862,
1.)))
REPRESENTATION_ITEM('')
SURFACE()
);
#15=(
BOUNDED_SURFACE()
B_SPLINE_SURFACE(3,2,((#1598,#1599,#1600),(#1601,#1602,#1603),(#1604,#1605,
#1606),(#1607,#1608,#1609),(#1610,#1611,#1612)),.UNSPECIFIED.,.F.,.F.,.F.)
B_SPLINE_SURFACE_WITH_KNOTS((4,1,4),(3,3),(0.0202775131933415,0.0227378023079897,
0.0251980914226379),(0.,1.),.UNSPECIFIED.)
GEOMETRIC_REPRESENTATION_ITEM()
RATIONAL_B_SPLINE_SURFACE(((1.,0.804778143140353,1.),(1.,0.812318027027224,
1.),(1.,0.825890185590245,1.),(1.,0.81250635092621,1.),(1.,0.804771246609382,
1.)))
REPRESENTATION_ITEM('')
SURFACE()
);
#16=TOROIDAL_SURFACE('',#992,0.00538445439793712,0.000515545602062883);
#17=CONICAL_SURFACE('',#984,0.004,1.0471975511966);
#18=CONICAL_SURFACE('',#985,0.004,1.0471975511966);
#19=CONICAL_SURFACE('',#986,0.004,1.0471975511966);
#20=CONICAL_SURFACE('',#987,0.004,1.0471975511966);
#21=CONICAL_SURFACE('',#988,0.004,1.0471975511966);
#22=CONICAL_SURFACE('',#989,0.004,1.0471975511966);
#23=CONICAL_SURFACE('',#990,0.00556078137864558,1.22173047639603);
#24=CONICAL_SURFACE('',#993,0.0025,0.785398163397448);
#25=CONICAL_SURFACE('',#994,0.002067,0.785398163397448);
#26=CONICAL_SURFACE('',#1005,0.0025,0.523598775598299);
#27=CONICAL_SURFACE('',#1007,0.004,1.0471975511966);
#28=CONICAL_SURFACE('',#1008,0.004,1.0471975511966);
#29=CONICAL_SURFACE('',#1011,0.004,1.0471975511966);
#30=CONICAL_SURFACE('',#1012,0.004,1.0471975511966);
#31=CONICAL_SURFACE('',#1013,0.004,1.0471975511966);
#32=CONICAL_SURFACE('',#1014,0.004,1.0471975511966);
#33=CONICAL_SURFACE('',#1024,0.0025,0.523598775598299);
#34=B_SPLINE_CURVE_WITH_KNOTS('',3,(#1330,#1331,#1332,#1333,#1334),
 .UNSPECIFIED.,.F.,.F.,(4,1,4),(0.,0.00231909467195955,0.0046381893439191),
 .UNSPECIFIED.);
#35=B_SPLINE_CURVE_WITH_KNOTS('',3,(#1338,#1339,#1340,#1341),
 .UNSPECIFIED.,.F.,.F.,(4,4),(0.00412027501174685,0.00645656685864737),
 .UNSPECIFIED.);
#36=B_SPLINE_CURVE_WITH_KNOTS('',3,(#1343,#1344,#1345,#1346),
 .UNSPECIFIED.,.F.,.F.,(4,4),(0.00645656685864737,0.00879424677892588),
 .UNSPECIFIED.);
#37=B_SPLINE_CURVE_WITH_KNOTS('',3,(#1348,#1349,#1350,#1351,#1352),
 .UNSPECIFIED.,.F.,.F.,(4,1,4),(0.,0.00231905982041044,0.00463811964082088),
 .UNSPECIFIED.);
#38=B_SPLINE_CURVE_WITH_KNOTS('',3,(#1356,#1357,#1358,#1359),
 .UNSPECIFIED.,.F.,.F.,(4,4),(2.38073758158855E-7,0.00233697415164155),
 .UNSPECIFIED.);
#39=B_SPLINE_CURVE_WITH_KNOTS('',3,(#1361,#1362,#1363,#1364),
 .UNSPECIFIED.,.F.,.F.,(4,4),(0.00233697415164155,0.00466497761979134),
 .UNSPECIFIED.);
#40=B_SPLINE_CURVE_WITH_KNOTS('',3,(#1366,#1367,#1368,#1369,#1370),
 .UNSPECIFIED.,.F.,.F.,(4,1,4),(1.25419001855547E-19,0.00231905982041043,
0.00463811964082087),.UNSPECIFIED.);
#41=B_SPLINE_CURVE_WITH_KNOTS('',3,(#1374,#1375,#1376,#1377),
 .UNSPECIFIED.,.F.,.F.,(4,4),(2.38073758162091E-7,0.00233697415164155),
 .UNSPECIFIED.);
#42=B_SPLINE_CURVE_WITH_KNOTS('',3,(#1379,#1380,#1381,#1382),
 .UNSPECIFIED.,.F.,.F.,(4,4),(0.00233697415164155,0.00466497761979134),
 .UNSPECIFIED.);
#43=B_SPLINE_CURVE_WITH_KNOTS('',3,(#1384,#1385,#1386,#1387,#1388),
 .UNSPECIFIED.,.F.,.F.,(4,1,4),(0.,0.00231902502401494,0.00463805004802987),
 .UNSPECIFIED.);
#44=B_SPLINE_CURVE_WITH_KNOTS('',3,(#1392,#1393,#1394,#1395),
 .UNSPECIFIED.,.F.,.F.,(4,4),(0.00645656685864736,0.00879424677892587),
 .UNSPECIFIED.);
#45=B_SPLINE_CURVE_WITH_KNOTS('',3,(#1397,#1398,#1399,#1400),
 .UNSPECIFIED.,.F.,.F.,(4,4),(0.00412027501174684,0.00645656685864736),
 .UNSPECIFIED.);
#46=B_SPLINE_CURVE_WITH_KNOTS('',3,(#1402,#1403,#1404,#1405,#1406),
 .UNSPECIFIED.,.F.,.F.,(4,1,4),(0.,0.00231905982041044,0.00463811964082087),
 .UNSPECIFIED.);
#47=B_SPLINE_CURVE_WITH_KNOTS('',3,(#1410,#1411,#1412,#1413),
 .UNSPECIFIED.,.F.,.F.,(4,4),(2.38073758157681E-7,0.00233697415164155),
 .UNSPECIFIED.);
#48=B_SPLINE_CURVE_WITH_KNOTS('',3,(#1415,#1416,#1417,#1418),
 .UNSPECIFIED.,.F.,.F.,(4,4),(0.00233697415164155,0.00466497761979133),
 .UNSPECIFIED.);
#49=B_SPLINE_CURVE_WITH_KNOTS('',3,(#1420,#1421,#1422,#1423,#1424),
 .UNSPECIFIED.,.F.,.F.,(4,1,4),(2.1354874044604E-19,0.00231905982041044,
0.00463811964082087),.UNSPECIFIED.);
#50=B_SPLINE_CURVE_WITH_KNOTS('',3,(#1425,#1426,#1427,#1428),
 .UNSPECIFIED.,.F.,.F.,(4,4),(2.38073758162091E-7,0.00233697415164155),
 .UNSPECIFIED.);
#51=B_SPLINE_CURVE_WITH_KNOTS('',3,(#1430,#1431,#1432,#1433),
 .UNSPECIFIED.,.F.,.F.,(4,4),(0.00233697415164155,0.00466497761979134),
 .UNSPECIFIED.);
#52=B_SPLINE_CURVE_WITH_KNOTS('',3,(#1460,#1461,#1462,#1463,#1464),
 .UNSPECIFIED.,.F.,.F.,(4,1,4),(0.,0.00244009608438958,0.00488019216877915),
 .UNSPECIFIED.);
#53=B_SPLINE_CURVE_WITH_KNOTS('',3,(#1467,#1468,#1469,#1470,#1471),
 .UNSPECIFIED.,.F.,.F.,(4,1,4),(0.,0.00244007056102928,0.00488014112205856),
 .UNSPECIFIED.);
#54=B_SPLINE_CURVE_WITH_KNOTS('',3,(#1473,#1474,#1475,#1476,#1477),
 .UNSPECIFIED.,.F.,.F.,(4,1,4),(0.,0.00244009608438957,0.00488019216877915),
 .UNSPECIFIED.);
#55=B_SPLINE_CURVE_WITH_KNOTS('',3,(#1479,#1480,#1481,#1482,#1483),
 .UNSPECIFIED.,.F.,.F.,(4,1,4),(9.42392730211182E-20,0.00244009608438957,
0.00488019216877914),.UNSPECIFIED.);
#56=B_SPLINE_CURVE_WITH_KNOTS('',3,(#1485,#1486,#1487,#1488,#1489),
 .UNSPECIFIED.,.F.,.F.,(4,1,4),(0.,0.00244012161891766,0.00488024323783533),
 .UNSPECIFIED.);
#57=B_SPLINE_CURVE_WITH_KNOTS('',3,(#1491,#1492,#1493,#1494,#1495),
 .UNSPECIFIED.,.F.,.F.,(4,1,4),(0.,0.00244009608438957,0.00488019216877914),
 .UNSPECIFIED.);
#58=B_SPLINE_CURVE_WITH_KNOTS('',3,(#1514,#1515,#1516,#1517),
 .UNSPECIFIED.,.F.,.F.,(4,4),(0.,0.00041902348817094),.UNSPECIFIED.);
#59=B_SPLINE_CURVE_WITH_KNOTS('',3,(#1518,#1519,#1520,#1521),
 .UNSPECIFIED.,.F.,.F.,(4,4),(0.,0.00041902348817094),.UNSPECIFIED.);
#60=B_SPLINE_CURVE_WITH_KNOTS('',3,(#1537,#1538,#1539,#1540),
 .UNSPECIFIED.,.F.,.F.,(4,4),(0.,0.000419023488170938),.UNSPECIFIED.);
#61=B_SPLINE_CURVE_WITH_KNOTS('',3,(#1556,#1557,#1558,#1559),
 .UNSPECIFIED.,.F.,.F.,(4,4),(0.,0.000419023488170938),.UNSPECIFIED.);
#62=B_SPLINE_CURVE_WITH_KNOTS('',3,(#1575,#1576,#1577,#1578),
 .UNSPECIFIED.,.F.,.F.,(4,4),(0.,0.000419023488170943),.UNSPECIFIED.);
#63=B_SPLINE_CURVE_WITH_KNOTS('',3,(#1594,#1595,#1596,#1597),
 .UNSPECIFIED.,.F.,.F.,(4,4),(0.,0.000419023488170942),.UNSPECIFIED.);
#64=B_SPLINE_CURVE_WITH_KNOTS('',3,(#1636,#1637,#1638,#1639),
 .UNSPECIFIED.,.F.,.F.,(4,4),(2.38073758160449E-7,0.00233697415164155),
 .UNSPECIFIED.);
#65=B_SPLINE_CURVE_WITH_KNOTS('',3,(#1641,#1642,#1643,#1644),
 .UNSPECIFIED.,.F.,.F.,(4,4),(0.00233697415164155,0.00466497761979134),
 .UNSPECIFIED.);
#66=B_SPLINE_CURVE_WITH_KNOTS('',3,(#1646,#1647,#1648,#1649),
 .UNSPECIFIED.,.F.,.F.,(4,4),(0.00412027501174684,0.00645656685864736),
 .UNSPECIFIED.);
#67=B_SPLINE_CURVE_WITH_KNOTS('',3,(#1651,#1652,#1653,#1654),
 .UNSPECIFIED.,.F.,.F.,(4,4),(2.38073758160919E-7,0.00233697415164155),
 .UNSPECIFIED.);
#68=B_SPLINE_CURVE_WITH_KNOTS('',3,(#1659,#1660,#1661,#1662),
 .UNSPECIFIED.,.F.,.F.,(4,4),(0.00233697415164155,0.00466497761979134),
 .UNSPECIFIED.);
#69=B_SPLINE_CURVE_WITH_KNOTS('',3,(#1664,#1665,#1666,#1667),
 .UNSPECIFIED.,.F.,.F.,(4,4),(0.00645656685864736,0.00879424677892587),
 .UNSPECIFIED.);
#70=B_SPLINE_CURVE_WITH_KNOTS('',3,(#1669,#1670,#1671,#1672),
 .UNSPECIFIED.,.F.,.F.,(4,4),(0.00233697415164155,0.00466497761979134),
 .UNSPECIFIED.);
#71=B_SPLINE_CURVE_WITH_KNOTS('',3,(#1674,#1675,#1676,#1677),
 .UNSPECIFIED.,.F.,.F.,(4,4),(2.38073758164397E-7,0.00233697415164155),
 .UNSPECIFIED.);
#72=B_SPLINE_CURVE_WITH_KNOTS('',3,(#1679,#1680,#1681,#1682),
 .UNSPECIFIED.,.F.,.F.,(4,4),(0.00645656685864737,0.00879424677892588),
 .UNSPECIFIED.);
#73=B_SPLINE_CURVE_WITH_KNOTS('',3,(#1684,#1685,#1686,#1687),
 .UNSPECIFIED.,.F.,.F.,(4,4),(2.38073758160919E-7,0.00233697415164155),
 .UNSPECIFIED.);
#74=B_SPLINE_CURVE_WITH_KNOTS('',3,(#1689,#1690,#1691,#1692),
 .UNSPECIFIED.,.F.,.F.,(4,4),(0.00233697415164155,0.00466497761979134),
 .UNSPECIFIED.);
#75=B_SPLINE_CURVE_WITH_KNOTS('',3,(#1694,#1695,#1696,#1697),
 .UNSPECIFIED.,.F.,.F.,(4,4),(0.00412027501174684,0.00645656685864737),
 .UNSPECIFIED.);
#76=LINE('',#1327,#100);
#77=LINE('',#1336,#101);
#78=LINE('',#1354,#102);
#79=LINE('',#1372,#103);
#80=LINE('',#1390,#104);
#81=LINE('',#1408,#105);
#82=LINE('',#1704,#106);
#83=LINE('',#1706,#107);
#84=LINE('',#1708,#108);
#85=LINE('',#1710,#109);
#86=LINE('',#1712,#110);
#87=LINE('',#1715,#111);
#88=LINE('',#1716,#112);
#89=LINE('',#1718,#113);
#90=LINE('',#1720,#114);
#91=LINE('',#1722,#115);
#92=LINE('',#1724,#116);
#93=LINE('',#1727,#117);
#94=LINE('',#1728,#118);
#95=LINE('',#1730,#119);
#96=LINE('',#1732,#120);
#97=LINE('',#1734,#121);
#98=LINE('',#1736,#122);
#99=LINE('',#1738,#123);
#100=VECTOR('',#1098,1.);
#101=VECTOR('',#1099,1.);
#102=VECTOR('',#1102,1.);
#103=VECTOR('',#1105,1.);
#104=VECTOR('',#1108,1.);
#105=VECTOR('',#1111,1.);
#106=VECTOR('',#1212,1.);
#107=VECTOR('',#1213,1.);
#108=VECTOR('',#1214,1.);
#109=VECTOR('',#1215,1.);
#110=VECTOR('',#1218,1.);
#111=VECTOR('',#1219,1.);
#112=VECTOR('',#1220,1.);
#113=VECTOR('',#1223,1.);
#114=VECTOR('',#1224,1.);
#115=VECTOR('',#1225,1.);
#116=VECTOR('',#1228,1.);
#117=VECTOR('',#1229,1.);
#118=VECTOR('',#1230,1.);
#119=VECTOR('',#1233,1.);
#120=VECTOR('',#1234,1.);
#121=VECTOR('',#1235,1.);
#122=VECTOR('',#1238,1.);
#123=VECTOR('',#1239,1.);
#124=DRAUGHTING_PRE_DEFINED_COLOUR('red');
#125=DRAUGHTING_PRE_DEFINED_COLOUR('black');
#126=CONTEXT_DEPENDENT_SHAPE_REPRESENTATION(#158,#1787);
#127=CONTEXT_DEPENDENT_SHAPE_REPRESENTATION(#159,#1789);
#128=CONTEXT_DEPENDENT_SHAPE_REPRESENTATION(#160,#1790);
#129=CONTEXT_DEPENDENT_SHAPE_REPRESENTATION(#161,#1791);
#130=CONTEXT_DEPENDENT_SHAPE_REPRESENTATION(#162,#1792);
#131=CONTEXT_DEPENDENT_SHAPE_REPRESENTATION(#163,#1794);
#132=CONTEXT_DEPENDENT_SHAPE_REPRESENTATION(#164,#1795);
#133=CONTEXT_DEPENDENT_SHAPE_REPRESENTATION(#165,#1797);
#134=CONTEXT_DEPENDENT_SHAPE_REPRESENTATION(#166,#1798);
#135=CONTEXT_DEPENDENT_SHAPE_REPRESENTATION(#167,#1799);
#136=CONTEXT_DEPENDENT_SHAPE_REPRESENTATION(#168,#1800);
#137=CONTEXT_DEPENDENT_SHAPE_REPRESENTATION(#169,#1801);
#138=CONTEXT_DEPENDENT_SHAPE_REPRESENTATION(#170,#1802);
#139=CONTEXT_DEPENDENT_SHAPE_REPRESENTATION(#171,#1803);
#140=CONTEXT_DEPENDENT_SHAPE_REPRESENTATION(#172,#1804);
#141=CONTEXT_DEPENDENT_SHAPE_REPRESENTATION(#173,#1806);
#142=NEXT_ASSEMBLY_USAGE_OCCURRENCE('NAUO1','06_Electrode_Disk',
'06_Electrode_Disk',#1807,#1808,'');
#143=NEXT_ASSEMBLY_USAGE_OCCURRENCE('NAUO2','07_Internal_Rod_Positive',
'07_Internal_Rod_Positive',#1807,#1809,'');
#144=NEXT_ASSEMBLY_USAGE_OCCURRENCE('NAUO3','06_Electrode_Disk',
'06_Electrode_Disk',#1807,#1808,'');
#145=NEXT_ASSEMBLY_USAGE_OCCURRENCE('NAUO4','06_Electrode_Disk',
'06_Electrode_Disk',#1807,#1808,'');
#146=NEXT_ASSEMBLY_USAGE_OCCURRENCE('NAUO5','06_Electrode_Disk',
'06_Electrode_Disk',#1807,#1808,'');
#147=NEXT_ASSEMBLY_USAGE_OCCURRENCE('NAUO6','Hex flange nut M5x0.80',
'Hex flange nut M5x0.80',#1807,#1810,'');
#148=NEXT_ASSEMBLY_USAGE_OCCURRENCE('NAUO7','06_Electrode_Disk',
'06_Electrode_Disk',#1807,#1808,'');
#149=NEXT_ASSEMBLY_USAGE_OCCURRENCE('NAUO8',
'Hex nut style 1 grade A & B M5x0.8',
'Hex nut style 1 grade A & B M5x0.8',#1807,#1811,'');
#150=NEXT_ASSEMBLY_USAGE_OCCURRENCE('NAUO9','Hex flange nut M5x0.80',
'Hex flange nut M5x0.80',#1807,#1810,'');
#151=NEXT_ASSEMBLY_USAGE_OCCURRENCE('NAUO10','06_Electrode_Disk',
'06_Electrode_Disk',#1807,#1808,'');
#152=NEXT_ASSEMBLY_USAGE_OCCURRENCE('NAUO11','06_Electrode_Disk',
'06_Electrode_Disk',#1807,#1808,'');
#153=NEXT_ASSEMBLY_USAGE_OCCURRENCE('NAUO12','06_Electrode_Disk',
'06_Electrode_Disk',#1807,#1808,'');
#154=NEXT_ASSEMBLY_USAGE_OCCURRENCE('NAUO13',
'Hex nut style 1 grade A & B M5x0.8',
'Hex nut style 1 grade A & B M5x0.8',#1807,#1811,'');
#155=NEXT_ASSEMBLY_USAGE_OCCURRENCE('NAUO14','06_Electrode_Disk',
'06_Electrode_Disk',#1807,#1808,'');
#156=NEXT_ASSEMBLY_USAGE_OCCURRENCE('NAUO15','06_Electrode_Disk',
'06_Electrode_Disk',#1807,#1808,'');
#157=NEXT_ASSEMBLY_USAGE_OCCURRENCE('NAUO16','08_Internal_Rod_Negative',
'08_Internal_Rod_Negative',#1807,#1812,'');
#158=(
REPRESENTATION_RELATIONSHIP(' ',' ',#937,#936)
REPRESENTATION_RELATIONSHIP_WITH_TRANSFORMATION(#174)
SHAPE_REPRESENTATION_RELATIONSHIP()
);
#159=(
REPRESENTATION_RELATIONSHIP(' ',' ',#938,#936)
REPRESENTATION_RELATIONSHIP_WITH_TRANSFORMATION(#175)
SHAPE_REPRESENTATION_RELATIONSHIP()
);
#160=(
REPRESENTATION_RELATIONSHIP(' ',' ',#937,#936)
REPRESENTATION_RELATIONSHIP_WITH_TRANSFORMATION(#176)
SHAPE_REPRESENTATION_RELATIONSHIP()
);
#161=(
REPRESENTATION_RELATIONSHIP(' ',' ',#937,#936)
REPRESENTATION_RELATIONSHIP_WITH_TRANSFORMATION(#177)
SHAPE_REPRESENTATION_RELATIONSHIP()
);
#162=(
REPRESENTATION_RELATIONSHIP(' ',' ',#937,#936)
REPRESENTATION_RELATIONSHIP_WITH_TRANSFORMATION(#178)
SHAPE_REPRESENTATION_RELATIONSHIP()
);
#163=(
REPRESENTATION_RELATIONSHIP(' ',' ',#939,#936)
REPRESENTATION_RELATIONSHIP_WITH_TRANSFORMATION(#179)
SHAPE_REPRESENTATION_RELATIONSHIP()
);
#164=(
REPRESENTATION_RELATIONSHIP(' ',' ',#937,#936)
REPRESENTATION_RELATIONSHIP_WITH_TRANSFORMATION(#180)
SHAPE_REPRESENTATION_RELATIONSHIP()
);
#165=(
REPRESENTATION_RELATIONSHIP(' ',' ',#940,#936)
REPRESENTATION_RELATIONSHIP_WITH_TRANSFORMATION(#181)
SHAPE_REPRESENTATION_RELATIONSHIP()
);
#166=(
REPRESENTATION_RELATIONSHIP(' ',' ',#939,#936)
REPRESENTATION_RELATIONSHIP_WITH_TRANSFORMATION(#182)
SHAPE_REPRESENTATION_RELATIONSHIP()
);
#167=(
REPRESENTATION_RELATIONSHIP(' ',' ',#937,#936)
REPRESENTATION_RELATIONSHIP_WITH_TRANSFORMATION(#183)
SHAPE_REPRESENTATION_RELATIONSHIP()
);
#168=(
REPRESENTATION_RELATIONSHIP(' ',' ',#937,#936)
REPRESENTATION_RELATIONSHIP_WITH_TRANSFORMATION(#184)
SHAPE_REPRESENTATION_RELATIONSHIP()
);
#169=(
REPRESENTATION_RELATIONSHIP(' ',' ',#937,#936)
REPRESENTATION_RELATIONSHIP_WITH_TRANSFORMATION(#185)
SHAPE_REPRESENTATION_RELATIONSHIP()
);
#170=(
REPRESENTATION_RELATIONSHIP(' ',' ',#940,#936)
REPRESENTATION_RELATIONSHIP_WITH_TRANSFORMATION(#186)
SHAPE_REPRESENTATION_RELATIONSHIP()
);
#171=(
REPRESENTATION_RELATIONSHIP(' ',' ',#937,#936)
REPRESENTATION_RELATIONSHIP_WITH_TRANSFORMATION(#187)
SHAPE_REPRESENTATION_RELATIONSHIP()
);
#172=(
REPRESENTATION_RELATIONSHIP(' ',' ',#937,#936)
REPRESENTATION_RELATIONSHIP_WITH_TRANSFORMATION(#188)
SHAPE_REPRESENTATION_RELATIONSHIP()
);
#173=(
REPRESENTATION_RELATIONSHIP(' ',' ',#941,#936)
REPRESENTATION_RELATIONSHIP_WITH_TRANSFORMATION(#189)
SHAPE_REPRESENTATION_RELATIONSHIP()
);
#174=ITEM_DEFINED_TRANSFORMATION(' ',' ',#942,#954);
#175=ITEM_DEFINED_TRANSFORMATION(' ',' ',#942,#960);
#176=ITEM_DEFINED_TRANSFORMATION(' ',' ',#942,#961);
#177=ITEM_DEFINED_TRANSFORMATION(' ',' ',#942,#962);
#178=ITEM_DEFINED_TRANSFORMATION(' ',' ',#942,#963);
#179=ITEM_DEFINED_TRANSFORMATION(' ',' ',#942,#995);
#180=ITEM_DEFINED_TRANSFORMATION(' ',' ',#942,#996);
#181=ITEM_DEFINED_TRANSFORMATION(' ',' ',#942,#1038);
#182=ITEM_DEFINED_TRANSFORMATION(' ',' ',#942,#1039);
#183=ITEM_DEFINED_TRANSFORMATION(' ',' ',#942,#1040);
#184=ITEM_DEFINED_TRANSFORMATION(' ',' ',#942,#1041);
#185=ITEM_DEFINED_TRANSFORMATION(' ',' ',#942,#1042);
#186=ITEM_DEFINED_TRANSFORMATION(' ',' ',#942,#1043);
#187=ITEM_DEFINED_TRANSFORMATION(' ',' ',#942,#1044);
#188=ITEM_DEFINED_TRANSFORMATION(' ',' ',#942,#1045);
#189=ITEM_DEFINED_TRANSFORMATION(' ',' ',#942,#1051);
#190=SHAPE_REPRESENTATION_RELATIONSHIP('','',#937,#195);
#191=SHAPE_REPRESENTATION_RELATIONSHIP('','',#938,#196);
#192=SHAPE_REPRESENTATION_RELATIONSHIP('','',#939,#197);
#193=SHAPE_REPRESENTATION_RELATIONSHIP('','',#940,#198);
#194=SHAPE_REPRESENTATION_RELATIONSHIP('','',#941,#199);
#195=ADVANCED_BREP_SHAPE_REPRESENTATION('',(#925),#1771);
#196=ADVANCED_BREP_SHAPE_REPRESENTATION('',(#926),#1772);
#197=ADVANCED_BREP_SHAPE_REPRESENTATION('',(#927),#1773);
#198=ADVANCED_BREP_SHAPE_REPRESENTATION('',(#928),#1774);
#199=ADVANCED_BREP_SHAPE_REPRESENTATION('',(#929),#1775);
#200=PLANE('',#946);
#201=PLANE('',#949);
#202=PLANE('',#958);
#203=PLANE('',#959);
#204=PLANE('',#964);
#205=PLANE('',#965);
#206=PLANE('',#966);
#207=PLANE('',#967);
#208=PLANE('',#968);
#209=PLANE('',#969);
#210=PLANE('',#970);
#211=PLANE('',#981);
#212=PLANE('',#997);
#213=PLANE('',#1015);
#214=PLANE('',#1018);
#215=PLANE('',#1019);
#216=PLANE('',#1020);
#217=PLANE('',#1021);
#218=PLANE('',#1022);
#219=PLANE('',#1023);
#220=PLANE('',#1025);
#221=PLANE('',#1033);
#222=PLANE('',#1034);
#223=PLANE('',#1035);
#224=PLANE('',#1036);
#225=PLANE('',#1037);
#226=PLANE('',#1049);
#227=PLANE('',#1050);
#228=ORIENTED_EDGE('',*,*,#438,.F.);
#229=ORIENTED_EDGE('',*,*,#439,.T.);
#230=ORIENTED_EDGE('',*,*,#440,.F.);
#231=ORIENTED_EDGE('',*,*,#441,.F.);
#232=ORIENTED_EDGE('',*,*,#438,.T.);
#233=ORIENTED_EDGE('',*,*,#442,.T.);
#234=ORIENTED_EDGE('',*,*,#443,.T.);
#235=ORIENTED_EDGE('',*,*,#439,.F.);
#236=ORIENTED_EDGE('',*,*,#441,.T.);
#237=ORIENTED_EDGE('',*,*,#443,.F.);
#238=ORIENTED_EDGE('',*,*,#440,.T.);
#239=ORIENTED_EDGE('',*,*,#442,.F.);
#240=ORIENTED_EDGE('',*,*,#444,.F.);
#241=ORIENTED_EDGE('',*,*,#445,.T.);
#242=ORIENTED_EDGE('',*,*,#444,.T.);
#243=ORIENTED_EDGE('',*,*,#445,.F.);
#244=ORIENTED_EDGE('',*,*,#446,.T.);
#245=ORIENTED_EDGE('',*,*,#447,.T.);
#246=ORIENTED_EDGE('',*,*,#448,.F.);
#247=ORIENTED_EDGE('',*,*,#449,.T.);
#248=ORIENTED_EDGE('',*,*,#450,.T.);
#249=ORIENTED_EDGE('',*,*,#448,.T.);
#250=ORIENTED_EDGE('',*,*,#451,.T.);
#251=ORIENTED_EDGE('',*,*,#452,.F.);
#252=ORIENTED_EDGE('',*,*,#453,.T.);
#253=ORIENTED_EDGE('',*,*,#454,.T.);
#254=ORIENTED_EDGE('',*,*,#452,.T.);
#255=ORIENTED_EDGE('',*,*,#455,.T.);
#256=ORIENTED_EDGE('',*,*,#456,.F.);
#257=ORIENTED_EDGE('',*,*,#457,.T.);
#258=ORIENTED_EDGE('',*,*,#458,.T.);
#259=ORIENTED_EDGE('',*,*,#456,.T.);
#260=ORIENTED_EDGE('',*,*,#459,.T.);
#261=ORIENTED_EDGE('',*,*,#460,.F.);
#262=ORIENTED_EDGE('',*,*,#461,.T.);
#263=ORIENTED_EDGE('',*,*,#462,.T.);
#264=ORIENTED_EDGE('',*,*,#460,.T.);
#265=ORIENTED_EDGE('',*,*,#463,.T.);
#266=ORIENTED_EDGE('',*,*,#464,.F.);
#267=ORIENTED_EDGE('',*,*,#465,.T.);
#268=ORIENTED_EDGE('',*,*,#466,.T.);
#269=ORIENTED_EDGE('',*,*,#464,.T.);
#270=ORIENTED_EDGE('',*,*,#467,.T.);
#271=ORIENTED_EDGE('',*,*,#446,.F.);
#272=ORIENTED_EDGE('',*,*,#468,.T.);
#273=ORIENTED_EDGE('',*,*,#469,.T.);
#274=ORIENTED_EDGE('',*,*,#470,.T.);
#275=ORIENTED_EDGE('',*,*,#471,.T.);
#276=ORIENTED_EDGE('',*,*,#472,.T.);
#277=ORIENTED_EDGE('',*,*,#473,.T.);
#278=ORIENTED_EDGE('',*,*,#474,.T.);
#279=ORIENTED_EDGE('',*,*,#475,.T.);
#280=ORIENTED_EDGE('',*,*,#476,.T.);
#281=ORIENTED_EDGE('',*,*,#477,.T.);
#282=ORIENTED_EDGE('',*,*,#478,.T.);
#283=ORIENTED_EDGE('',*,*,#479,.T.);
#284=ORIENTED_EDGE('',*,*,#480,.F.);
#285=ORIENTED_EDGE('',*,*,#469,.F.);
#286=ORIENTED_EDGE('',*,*,#471,.F.);
#287=ORIENTED_EDGE('',*,*,#465,.F.);
#288=ORIENTED_EDGE('',*,*,#472,.F.);
#289=ORIENTED_EDGE('',*,*,#468,.F.);
#290=ORIENTED_EDGE('',*,*,#450,.F.);
#291=ORIENTED_EDGE('',*,*,#466,.F.);
#292=ORIENTED_EDGE('',*,*,#476,.F.);
#293=ORIENTED_EDGE('',*,*,#461,.F.);
#294=ORIENTED_EDGE('',*,*,#462,.F.);
#295=ORIENTED_EDGE('',*,*,#475,.F.);
#296=ORIENTED_EDGE('',*,*,#457,.F.);
#297=ORIENTED_EDGE('',*,*,#474,.F.);
#298=ORIENTED_EDGE('',*,*,#453,.F.);
#299=ORIENTED_EDGE('',*,*,#458,.F.);
#300=ORIENTED_EDGE('',*,*,#473,.F.);
#301=ORIENTED_EDGE('',*,*,#449,.F.);
#302=ORIENTED_EDGE('',*,*,#454,.F.);
#303=ORIENTED_EDGE('',*,*,#481,.T.);
#304=ORIENTED_EDGE('',*,*,#482,.T.);
#305=ORIENTED_EDGE('',*,*,#483,.T.);
#306=ORIENTED_EDGE('',*,*,#484,.T.);
#307=ORIENTED_EDGE('',*,*,#485,.T.);
#308=ORIENTED_EDGE('',*,*,#486,.T.);
#309=ORIENTED_EDGE('',*,*,#487,.T.);
#310=ORIENTED_EDGE('',*,*,#487,.F.);
#311=ORIENTED_EDGE('',*,*,#480,.T.);
#312=ORIENTED_EDGE('',*,*,#488,.F.);
#313=ORIENTED_EDGE('',*,*,#485,.F.);
#314=ORIENTED_EDGE('',*,*,#489,.F.);
#315=ORIENTED_EDGE('',*,*,#459,.F.);
#316=ORIENTED_EDGE('',*,*,#489,.T.);
#317=ORIENTED_EDGE('',*,*,#484,.F.);
#318=ORIENTED_EDGE('',*,*,#490,.F.);
#319=ORIENTED_EDGE('',*,*,#463,.F.);
#320=ORIENTED_EDGE('',*,*,#488,.T.);
#321=ORIENTED_EDGE('',*,*,#455,.F.);
#322=ORIENTED_EDGE('',*,*,#491,.F.);
#323=ORIENTED_EDGE('',*,*,#486,.F.);
#324=ORIENTED_EDGE('',*,*,#490,.T.);
#325=ORIENTED_EDGE('',*,*,#483,.F.);
#326=ORIENTED_EDGE('',*,*,#492,.F.);
#327=ORIENTED_EDGE('',*,*,#467,.F.);
#328=ORIENTED_EDGE('',*,*,#491,.T.);
#329=ORIENTED_EDGE('',*,*,#451,.F.);
#330=ORIENTED_EDGE('',*,*,#493,.F.);
#331=ORIENTED_EDGE('',*,*,#481,.F.);
#332=ORIENTED_EDGE('',*,*,#492,.T.);
#333=ORIENTED_EDGE('',*,*,#482,.F.);
#334=ORIENTED_EDGE('',*,*,#493,.T.);
#335=ORIENTED_EDGE('',*,*,#447,.F.);
#336=ORIENTED_EDGE('',*,*,#477,.F.);
#337=ORIENTED_EDGE('',*,*,#479,.F.);
#338=ORIENTED_EDGE('',*,*,#470,.F.);
#339=ORIENTED_EDGE('',*,*,#478,.F.);
#340=ORIENTED_EDGE('',*,*,#494,.F.);
#341=ORIENTED_EDGE('',*,*,#495,.T.);
#342=ORIENTED_EDGE('',*,*,#496,.T.);
#343=ORIENTED_EDGE('',*,*,#497,.T.);
#344=ORIENTED_EDGE('',*,*,#498,.T.);
#345=ORIENTED_EDGE('',*,*,#499,.T.);
#346=ORIENTED_EDGE('',*,*,#500,.T.);
#347=ORIENTED_EDGE('',*,*,#501,.F.);
#348=ORIENTED_EDGE('',*,*,#494,.T.);
#349=ORIENTED_EDGE('',*,*,#502,.T.);
#350=ORIENTED_EDGE('',*,*,#498,.F.);
#351=ORIENTED_EDGE('',*,*,#503,.T.);
#352=ORIENTED_EDGE('',*,*,#504,.T.);
#353=ORIENTED_EDGE('',*,*,#505,.T.);
#354=ORIENTED_EDGE('',*,*,#497,.F.);
#355=ORIENTED_EDGE('',*,*,#501,.T.);
#356=ORIENTED_EDGE('',*,*,#506,.F.);
#357=ORIENTED_EDGE('',*,*,#507,.T.);
#358=ORIENTED_EDGE('',*,*,#508,.T.);
#359=ORIENTED_EDGE('',*,*,#496,.F.);
#360=ORIENTED_EDGE('',*,*,#509,.T.);
#361=ORIENTED_EDGE('',*,*,#510,.T.);
#362=ORIENTED_EDGE('',*,*,#495,.F.);
#363=ORIENTED_EDGE('',*,*,#511,.T.);
#364=ORIENTED_EDGE('',*,*,#512,.T.);
#365=ORIENTED_EDGE('',*,*,#500,.F.);
#366=ORIENTED_EDGE('',*,*,#513,.T.);
#367=ORIENTED_EDGE('',*,*,#514,.T.);
#368=ORIENTED_EDGE('',*,*,#499,.F.);
#369=ORIENTED_EDGE('',*,*,#515,.F.);
#370=ORIENTED_EDGE('',*,*,#516,.T.);
#371=ORIENTED_EDGE('',*,*,#517,.T.);
#372=ORIENTED_EDGE('',*,*,#518,.T.);
#373=ORIENTED_EDGE('',*,*,#519,.T.);
#374=ORIENTED_EDGE('',*,*,#520,.F.);
#375=ORIENTED_EDGE('',*,*,#503,.F.);
#376=ORIENTED_EDGE('',*,*,#505,.F.);
#377=ORIENTED_EDGE('',*,*,#521,.T.);
#378=ORIENTED_EDGE('',*,*,#522,.T.);
#379=ORIENTED_EDGE('',*,*,#517,.F.);
#380=ORIENTED_EDGE('',*,*,#504,.F.);
#381=ORIENTED_EDGE('',*,*,#508,.F.);
#382=ORIENTED_EDGE('',*,*,#523,.T.);
#383=ORIENTED_EDGE('',*,*,#524,.T.);
#384=ORIENTED_EDGE('',*,*,#525,.T.);
#385=ORIENTED_EDGE('',*,*,#526,.T.);
#386=ORIENTED_EDGE('',*,*,#523,.F.);
#387=ORIENTED_EDGE('',*,*,#507,.F.);
#388=ORIENTED_EDGE('',*,*,#510,.F.);
#389=ORIENTED_EDGE('',*,*,#527,.T.);
#390=ORIENTED_EDGE('',*,*,#528,.T.);
#391=ORIENTED_EDGE('',*,*,#524,.F.);
#392=ORIENTED_EDGE('',*,*,#509,.F.);
#393=ORIENTED_EDGE('',*,*,#512,.F.);
#394=ORIENTED_EDGE('',*,*,#529,.T.);
#395=ORIENTED_EDGE('',*,*,#530,.T.);
#396=ORIENTED_EDGE('',*,*,#531,.T.);
#397=ORIENTED_EDGE('',*,*,#532,.T.);
#398=ORIENTED_EDGE('',*,*,#529,.F.);
#399=ORIENTED_EDGE('',*,*,#511,.F.);
#400=ORIENTED_EDGE('',*,*,#514,.F.);
#401=ORIENTED_EDGE('',*,*,#533,.T.);
#402=ORIENTED_EDGE('',*,*,#534,.T.);
#403=ORIENTED_EDGE('',*,*,#530,.F.);
#404=ORIENTED_EDGE('',*,*,#513,.F.);
#405=ORIENTED_EDGE('',*,*,#502,.F.);
#406=ORIENTED_EDGE('',*,*,#520,.T.);
#407=ORIENTED_EDGE('',*,*,#506,.T.);
#408=ORIENTED_EDGE('',*,*,#516,.F.);
#409=ORIENTED_EDGE('',*,*,#519,.F.);
#410=ORIENTED_EDGE('',*,*,#535,.T.);
#411=ORIENTED_EDGE('',*,*,#533,.F.);
#412=ORIENTED_EDGE('',*,*,#515,.T.);
#413=ORIENTED_EDGE('',*,*,#536,.F.);
#414=ORIENTED_EDGE('',*,*,#537,.F.);
#415=ORIENTED_EDGE('',*,*,#535,.F.);
#416=ORIENTED_EDGE('',*,*,#538,.F.);
#417=ORIENTED_EDGE('',*,*,#539,.F.);
#418=ORIENTED_EDGE('',*,*,#540,.F.);
#419=ORIENTED_EDGE('',*,*,#532,.F.);
#420=ORIENTED_EDGE('',*,*,#536,.T.);
#421=ORIENTED_EDGE('',*,*,#527,.F.);
#422=ORIENTED_EDGE('',*,*,#526,.F.);
#423=ORIENTED_EDGE('',*,*,#539,.T.);
#424=ORIENTED_EDGE('',*,*,#521,.F.);
#425=ORIENTED_EDGE('',*,*,#528,.F.);
#426=ORIENTED_EDGE('',*,*,#540,.T.);
#427=ORIENTED_EDGE('',*,*,#525,.F.);
#428=ORIENTED_EDGE('',*,*,#522,.F.);
#429=ORIENTED_EDGE('',*,*,#538,.T.);
#430=ORIENTED_EDGE('',*,*,#518,.F.);
#431=ORIENTED_EDGE('',*,*,#534,.F.);
#432=ORIENTED_EDGE('',*,*,#537,.T.);
#433=ORIENTED_EDGE('',*,*,#531,.F.);
#434=ORIENTED_EDGE('',*,*,#541,.F.);
#435=ORIENTED_EDGE('',*,*,#542,.T.);
#436=ORIENTED_EDGE('',*,*,#541,.T.);
#437=ORIENTED_EDGE('',*,*,#542,.F.);
#438=EDGE_CURVE('',#543,#543,#612,.T.);
#439=EDGE_CURVE('',#544,#544,#613,.T.);
#440=EDGE_CURVE('',#545,#545,#614,.T.);
#441=EDGE_CURVE('',#546,#546,#615,.T.);
#442=EDGE_CURVE('',#547,#547,#616,.T.);
#443=EDGE_CURVE('',#548,#548,#617,.T.);
#444=EDGE_CURVE('',#549,#549,#618,.T.);
#445=EDGE_CURVE('',#550,#550,#619,.T.);
#446=EDGE_CURVE('',#551,#552,#76,.T.);
#447=EDGE_CURVE('',#552,#553,#34,.T.);
#448=EDGE_CURVE('',#554,#553,#77,.T.);
#449=EDGE_CURVE('',#554,#555,#35,.T.);
#450=EDGE_CURVE('',#555,#551,#36,.T.);
#451=EDGE_CURVE('',#553,#556,#37,.T.);
#452=EDGE_CURVE('',#557,#556,#78,.T.);
#453=EDGE_CURVE('',#557,#558,#38,.T.);
#454=EDGE_CURVE('',#558,#554,#39,.T.);
#455=EDGE_CURVE('',#556,#559,#40,.T.);
#456=EDGE_CURVE('',#560,#559,#79,.T.);
#457=EDGE_CURVE('',#560,#561,#41,.T.);
#458=EDGE_CURVE('',#561,#557,#42,.T.);
#459=EDGE_CURVE('',#559,#562,#43,.T.);
#460=EDGE_CURVE('',#563,#562,#80,.T.);
#461=EDGE_CURVE('',#563,#564,#44,.F.);
#462=EDGE_CURVE('',#564,#560,#45,.F.);
#463=EDGE_CURVE('',#562,#565,#46,.T.);
#464=EDGE_CURVE('',#566,#565,#81,.T.);
#465=EDGE_CURVE('',#566,#567,#47,.T.);
#466=EDGE_CURVE('',#567,#563,#48,.T.);
#467=EDGE_CURVE('',#565,#552,#49,.T.);
#468=EDGE_CURVE('',#551,#568,#50,.T.);
#469=EDGE_CURVE('',#568,#566,#51,.T.);
#470=EDGE_CURVE('',#569,#569,#620,.F.);
#471=EDGE_CURVE('',#567,#568,#621,.T.);
#472=EDGE_CURVE('',#568,#555,#622,.T.);
#473=EDGE_CURVE('',#555,#558,#623,.T.);
#474=EDGE_CURVE('',#558,#561,#624,.T.);
#475=EDGE_CURVE('',#561,#564,#625,.T.);
#476=EDGE_CURVE('',#564,#567,#626,.T.);
#477=EDGE_CURVE('',#570,#570,#627,.F.);
#478=EDGE_CURVE('',#571,#571,#628,.T.);
#479=EDGE_CURVE('',#572,#572,#629,.T.);
#480=EDGE_CURVE('',#573,#573,#630,.T.);
#481=EDGE_CURVE('',#574,#575,#52,.T.);
#482=EDGE_CURVE('',#575,#576,#53,.T.);
#483=EDGE_CURVE('',#576,#577,#54,.T.);
#484=EDGE_CURVE('',#577,#578,#55,.T.);
#485=EDGE_CURVE('',#578,#579,#56,.T.);
#486=EDGE_CURVE('',#579,#574,#57,.T.);
#487=EDGE_CURVE('',#580,#580,#631,.T.);
#488=EDGE_CURVE('',#579,#559,#58,.F.);
#489=EDGE_CURVE('',#562,#578,#59,.T.);
#490=EDGE_CURVE('',#565,#577,#60,.T.);
#491=EDGE_CURVE('',#574,#556,#61,.F.);
#492=EDGE_CURVE('',#552,#576,#62,.T.);
#493=EDGE_CURVE('',#575,#553,#63,.F.);
#494=EDGE_CURVE('',#581,#581,#632,.T.);
#495=EDGE_CURVE('',#582,#583,#633,.T.);
#496=EDGE_CURVE('',#583,#584,#634,.T.);
#497=EDGE_CURVE('',#584,#585,#635,.T.);
#498=EDGE_CURVE('',#585,#586,#636,.T.);
#499=EDGE_CURVE('',#586,#587,#637,.T.);
#500=EDGE_CURVE('',#587,#582,#638,.T.);
#501=EDGE_CURVE('',#588,#588,#639,.T.);
#502=EDGE_CURVE('',#589,#586,#64,.T.);
#503=EDGE_CURVE('',#585,#589,#65,.T.);
#504=EDGE_CURVE('',#584,#590,#66,.F.);
#505=EDGE_CURVE('',#590,#585,#67,.T.);
#506=EDGE_CURVE('',#591,#591,#640,.T.);
#507=EDGE_CURVE('',#583,#592,#68,.T.);
#508=EDGE_CURVE('',#592,#584,#69,.F.);
#509=EDGE_CURVE('',#582,#593,#70,.T.);
#510=EDGE_CURVE('',#593,#583,#71,.T.);
#511=EDGE_CURVE('',#587,#594,#72,.T.);
#512=EDGE_CURVE('',#594,#582,#73,.T.);
#513=EDGE_CURVE('',#586,#595,#74,.T.);
#514=EDGE_CURVE('',#595,#587,#75,.T.);
#515=EDGE_CURVE('',#596,#596,#641,.T.);
#516=EDGE_CURVE('',#597,#597,#642,.T.);
#517=EDGE_CURVE('',#590,#598,#82,.T.);
#518=EDGE_CURVE('',#598,#599,#83,.T.);
#519=EDGE_CURVE('',#599,#600,#84,.T.);
#520=EDGE_CURVE('',#589,#600,#85,.T.);
#521=EDGE_CURVE('',#601,#602,#86,.T.);
#522=EDGE_CURVE('',#602,#598,#87,.T.);
#523=EDGE_CURVE('',#592,#601,#88,.T.);
#524=EDGE_CURVE('',#593,#603,#89,.T.);
#525=EDGE_CURVE('',#603,#604,#90,.T.);
#526=EDGE_CURVE('',#604,#601,#91,.T.);
#527=EDGE_CURVE('',#605,#606,#92,.T.);
#528=EDGE_CURVE('',#606,#603,#93,.T.);
#529=EDGE_CURVE('',#594,#605,#94,.T.);
#530=EDGE_CURVE('',#595,#607,#95,.T.);
#531=EDGE_CURVE('',#607,#608,#96,.T.);
#532=EDGE_CURVE('',#608,#605,#97,.T.);
#533=EDGE_CURVE('',#600,#609,#98,.T.);
#534=EDGE_CURVE('',#609,#607,#99,.T.);
#535=EDGE_CURVE('',#599,#609,#643,.T.);
#536=EDGE_CURVE('',#608,#606,#644,.T.);
#537=EDGE_CURVE('',#609,#608,#645,.T.);
#538=EDGE_CURVE('',#602,#599,#646,.T.);
#539=EDGE_CURVE('',#604,#602,#647,.T.);
#540=EDGE_CURVE('',#606,#604,#648,.T.);
#541=EDGE_CURVE('',#610,#610,#649,.T.);
#542=EDGE_CURVE('',#611,#611,#650,.T.);
#543=VERTEX_POINT('',#1299);
#544=VERTEX_POINT('',#1301);
#545=VERTEX_POINT('',#1304);
#546=VERTEX_POINT('',#1306);
#547=VERTEX_POINT('',#1309);
#548=VERTEX_POINT('',#1311);
#549=VERTEX_POINT('',#1317);
#550=VERTEX_POINT('',#1319);
#551=VERTEX_POINT('',#1328);
#552=VERTEX_POINT('',#1329);
#553=VERTEX_POINT('',#1335);
#554=VERTEX_POINT('',#1337);
#555=VERTEX_POINT('',#1342);
#556=VERTEX_POINT('',#1353);
#557=VERTEX_POINT('',#1355);
#558=VERTEX_POINT('',#1360);
#559=VERTEX_POINT('',#1371);
#560=VERTEX_POINT('',#1373);
#561=VERTEX_POINT('',#1378);
#562=VERTEX_POINT('',#1389);
#563=VERTEX_POINT('',#1391);
#564=VERTEX_POINT('',#1396);
#565=VERTEX_POINT('',#1407);
#566=VERTEX_POINT('',#1409);
#567=VERTEX_POINT('',#1414);
#568=VERTEX_POINT('',#1429);
#569=VERTEX_POINT('',#1436);
#570=VERTEX_POINT('',#1445);
#571=VERTEX_POINT('',#1447);
#572=VERTEX_POINT('',#1450);
#573=VERTEX_POINT('',#1452);
#574=VERTEX_POINT('',#1465);
#575=VERTEX_POINT('',#1466);
#576=VERTEX_POINT('',#1472);
#577=VERTEX_POINT('',#1478);
#578=VERTEX_POINT('',#1484);
#579=VERTEX_POINT('',#1490);
#580=VERTEX_POINT('',#1497);
#581=VERTEX_POINT('',#1619);
#582=VERTEX_POINT('',#1621);
#583=VERTEX_POINT('',#1622);
#584=VERTEX_POINT('',#1624);
#585=VERTEX_POINT('',#1626);
#586=VERTEX_POINT('',#1628);
#587=VERTEX_POINT('',#1630);
#588=VERTEX_POINT('',#1634);
#589=VERTEX_POINT('',#1640);
#590=VERTEX_POINT('',#1650);
#591=VERTEX_POINT('',#1657);
#592=VERTEX_POINT('',#1663);
#593=VERTEX_POINT('',#1673);
#594=VERTEX_POINT('',#1683);
#595=VERTEX_POINT('',#1693);
#596=VERTEX_POINT('',#1700);
#597=VERTEX_POINT('',#1702);
#598=VERTEX_POINT('',#1705);
#599=VERTEX_POINT('',#1707);
#600=VERTEX_POINT('',#1709);
#601=VERTEX_POINT('',#1713);
#602=VERTEX_POINT('',#1714);
#603=VERTEX_POINT('',#1719);
#604=VERTEX_POINT('',#1721);
#605=VERTEX_POINT('',#1725);
#606=VERTEX_POINT('',#1726);
#607=VERTEX_POINT('',#1731);
#608=VERTEX_POINT('',#1733);
#609=VERTEX_POINT('',#1737);
#610=VERTEX_POINT('',#1763);
#611=VERTEX_POINT('',#1765);
#612=CIRCLE('',#944,0.0275);
#613=CIRCLE('',#945,0.0275);
#614=CIRCLE('',#947,0.003);
#615=CIRCLE('',#948,0.003);
#616=CIRCLE('',#950,0.003);
#617=CIRCLE('',#951,0.003);
#618=CIRCLE('',#956,0.0025);
#619=CIRCLE('',#957,0.0025);
#620=CIRCLE('',#971,0.0025);
#621=CIRCLE('',#972,0.004);
#622=CIRCLE('',#973,0.004);
#623=CIRCLE('',#974,0.004);
#624=CIRCLE('',#975,0.004);
#625=CIRCLE('',#976,0.004);
#626=CIRCLE('',#977,0.004);
#627=CIRCLE('',#979,0.002067);
#628=CIRCLE('',#980,0.002067);
#629=CIRCLE('',#982,0.0025);
#630=CIRCLE('',#983,0.00538445439793712);
#631=CIRCLE('',#991,0.00556078137864558);
#632=CIRCLE('',#998,0.0025);
#633=CIRCLE('',#999,0.004);
#634=CIRCLE('',#1000,0.004);
#635=CIRCLE('',#1001,0.004);
#636=CIRCLE('',#1002,0.004);
#637=CIRCLE('',#1003,0.004);
#638=CIRCLE('',#1004,0.004);
#639=CIRCLE('',#1006,0.002067);
#640=CIRCLE('',#1010,0.002067);
#641=CIRCLE('',#1016,0.004);
#642=CIRCLE('',#1017,0.0025);
#643=CIRCLE('',#1026,0.004);
#644=CIRCLE('',#1028,0.004);
#645=CIRCLE('',#1029,0.004);
#646=CIRCLE('',#1030,0.004);
#647=CIRCLE('',#1031,0.004);
#648=CIRCLE('',#1032,0.004);
#649=CIRCLE('',#1047,0.0025);
#650=CIRCLE('',#1048,0.0025);
#651=EDGE_LOOP('',(#228));
#652=EDGE_LOOP('',(#229));
#653=EDGE_LOOP('',(#230));
#654=EDGE_LOOP('',(#231));
#655=EDGE_LOOP('',(#232));
#656=EDGE_LOOP('',(#233));
#657=EDGE_LOOP('',(#234));
#658=EDGE_LOOP('',(#235));
#659=EDGE_LOOP('',(#236));
#660=EDGE_LOOP('',(#237));
#661=EDGE_LOOP('',(#238));
#662=EDGE_LOOP('',(#239));
#663=EDGE_LOOP('',(#240));
#664=EDGE_LOOP('',(#241));
#665=EDGE_LOOP('',(#242));
#666=EDGE_LOOP('',(#243));
#667=EDGE_LOOP('',(#244,#245,#246,#247,#248));
#668=EDGE_LOOP('',(#249,#250,#251,#252,#253));
#669=EDGE_LOOP('',(#254,#255,#256,#257,#258));
#670=EDGE_LOOP('',(#259,#260,#261,#262,#263));
#671=EDGE_LOOP('',(#264,#265,#266,#267,#268));
#672=EDGE_LOOP('',(#269,#270,#271,#272,#273));
#673=EDGE_LOOP('',(#274));
#674=EDGE_LOOP('',(#275,#276,#277,#278,#279,#280));
#675=EDGE_LOOP('',(#281));
#676=EDGE_LOOP('',(#282));
#677=EDGE_LOOP('',(#283));
#678=EDGE_LOOP('',(#284));
#679=EDGE_LOOP('',(#285,#286,#287));
#680=EDGE_LOOP('',(#288,#289,#290));
#681=EDGE_LOOP('',(#291,#292,#293));
#682=EDGE_LOOP('',(#294,#295,#296));
#683=EDGE_LOOP('',(#297,#298,#299));
#684=EDGE_LOOP('',(#300,#301,#302));
#685=EDGE_LOOP('',(#303,#304,#305,#306,#307,#308));
#686=EDGE_LOOP('',(#309));
#687=EDGE_LOOP('',(#310));
#688=EDGE_LOOP('',(#311));
#689=EDGE_LOOP('',(#312,#313,#314,#315));
#690=EDGE_LOOP('',(#316,#317,#318,#319));
#691=EDGE_LOOP('',(#320,#321,#322,#323));
#692=EDGE_LOOP('',(#324,#325,#326,#327));
#693=EDGE_LOOP('',(#328,#329,#330,#331));
#694=EDGE_LOOP('',(#332,#333,#334,#335));
#695=EDGE_LOOP('',(#336));
#696=EDGE_LOOP('',(#337));
#697=EDGE_LOOP('',(#338));
#698=EDGE_LOOP('',(#339));
#699=EDGE_LOOP('',(#340));
#700=EDGE_LOOP('',(#341,#342,#343,#344,#345,#346));
#701=EDGE_LOOP('',(#347));
#702=EDGE_LOOP('',(#348));
#703=EDGE_LOOP('',(#349,#350,#351));
#704=EDGE_LOOP('',(#352,#353,#354));
#705=EDGE_LOOP('',(#355));
#706=EDGE_LOOP('',(#356));
#707=EDGE_LOOP('',(#357,#358,#359));
#708=EDGE_LOOP('',(#360,#361,#362));
#709=EDGE_LOOP('',(#363,#364,#365));
#710=EDGE_LOOP('',(#366,#367,#368));
#711=EDGE_LOOP('',(#369));
#712=EDGE_LOOP('',(#370));
#713=EDGE_LOOP('',(#371,#372,#373,#374,#375,#376));
#714=EDGE_LOOP('',(#377,#378,#379,#380,#381,#382));
#715=EDGE_LOOP('',(#383,#384,#385,#386,#387,#388));
#716=EDGE_LOOP('',(#389,#390,#391,#392,#393,#394));
#717=EDGE_LOOP('',(#395,#396,#397,#398,#399,#400));
#718=EDGE_LOOP('',(#401,#402,#403,#404,#405,#406));
#719=EDGE_LOOP('',(#407));
#720=EDGE_LOOP('',(#408));
#721=EDGE_LOOP('',(#409,#410,#411));
#722=EDGE_LOOP('',(#412));
#723=EDGE_LOOP('',(#413,#414,#415,#416,#417,#418));
#724=EDGE_LOOP('',(#419,#420,#421));
#725=EDGE_LOOP('',(#422,#423,#424));
#726=EDGE_LOOP('',(#425,#426,#427));
#727=EDGE_LOOP('',(#428,#429,#430));
#728=EDGE_LOOP('',(#431,#432,#433));
#729=EDGE_LOOP('',(#434));
#730=EDGE_LOOP('',(#435));
#731=EDGE_LOOP('',(#436));
#732=EDGE_LOOP('',(#437));
#733=FACE_BOUND('',#651,.T.);
#734=FACE_BOUND('',#652,.T.);
#735=FACE_BOUND('',#653,.T.);
#736=FACE_BOUND('',#654,.T.);
#737=FACE_BOUND('',#655,.T.);
#738=FACE_BOUND('',#656,.T.);
#739=FACE_BOUND('',#657,.T.);
#740=FACE_BOUND('',#658,.T.);
#741=FACE_BOUND('',#659,.T.);
#742=FACE_BOUND('',#660,.T.);
#743=FACE_BOUND('',#661,.T.);
#744=FACE_BOUND('',#662,.T.);
#745=FACE_BOUND('',#663,.T.);
#746=FACE_BOUND('',#664,.T.);
#747=FACE_BOUND('',#665,.T.);
#748=FACE_BOUND('',#666,.T.);
#749=FACE_BOUND('',#667,.T.);
#750=FACE_BOUND('',#668,.T.);
#751=FACE_BOUND('',#669,.T.);
#752=FACE_BOUND('',#670,.T.);
#753=FACE_BOUND('',#671,.T.);
#754=FACE_BOUND('',#672,.T.);
#755=FACE_BOUND('',#673,.T.);
#756=FACE_BOUND('',#674,.T.);
#757=FACE_BOUND('',#675,.T.);
#758=FACE_BOUND('',#676,.T.);
#759=FACE_BOUND('',#677,.T.);
#760=FACE_BOUND('',#678,.T.);
#761=FACE_BOUND('',#679,.T.);
#762=FACE_BOUND('',#680,.T.);
#763=FACE_BOUND('',#681,.T.);
#764=FACE_BOUND('',#682,.T.);
#765=FACE_BOUND('',#683,.T.);
#766=FACE_BOUND('',#684,.T.);
#767=FACE_BOUND('',#685,.T.);
#768=FACE_BOUND('',#686,.T.);
#769=FACE_BOUND('',#687,.T.);
#770=FACE_BOUND('',#688,.T.);
#771=FACE_BOUND('',#689,.T.);
#772=FACE_BOUND('',#690,.T.);
#773=FACE_BOUND('',#691,.T.);
#774=FACE_BOUND('',#692,.T.);
#775=FACE_BOUND('',#693,.T.);
#776=FACE_BOUND('',#694,.T.);
#777=FACE_BOUND('',#695,.T.);
#778=FACE_BOUND('',#696,.T.);
#779=FACE_BOUND('',#697,.T.);
#780=FACE_BOUND('',#698,.T.);
#781=FACE_BOUND('',#699,.T.);
#782=FACE_BOUND('',#700,.T.);
#783=FACE_BOUND('',#701,.T.);
#784=FACE_BOUND('',#702,.T.);
#785=FACE_BOUND('',#703,.T.);
#786=FACE_BOUND('',#704,.T.);
#787=FACE_BOUND('',#705,.T.);
#788=FACE_BOUND('',#706,.T.);
#789=FACE_BOUND('',#707,.T.);
#790=FACE_BOUND('',#708,.T.);
#791=FACE_BOUND('',#709,.T.);
#792=FACE_BOUND('',#710,.T.);
#793=FACE_BOUND('',#711,.T.);
#794=FACE_BOUND('',#712,.T.);
#795=FACE_BOUND('',#713,.T.);
#796=FACE_BOUND('',#714,.T.);
#797=FACE_BOUND('',#715,.T.);
#798=FACE_BOUND('',#716,.T.);
#799=FACE_BOUND('',#717,.T.);
#800=FACE_BOUND('',#718,.T.);
#801=FACE_BOUND('',#719,.T.);
#802=FACE_BOUND('',#720,.T.);
#803=FACE_BOUND('',#721,.T.);
#804=FACE_BOUND('',#722,.T.);
#805=FACE_BOUND('',#723,.T.);
#806=FACE_BOUND('',#724,.T.);
#807=FACE_BOUND('',#725,.T.);
#808=FACE_BOUND('',#726,.T.);
#809=FACE_BOUND('',#727,.T.);
#810=FACE_BOUND('',#728,.T.);
#811=FACE_BOUND('',#729,.T.);
#812=FACE_BOUND('',#730,.T.);
#813=FACE_BOUND('',#731,.T.);
#814=FACE_BOUND('',#732,.T.);
#815=CYLINDRICAL_SURFACE('',#943,0.0275);
#816=CYLINDRICAL_SURFACE('',#952,0.003);
#817=CYLINDRICAL_SURFACE('',#953,0.003);
#818=CYLINDRICAL_SURFACE('',#955,0.0025);
#819=CYLINDRICAL_SURFACE('',#978,0.002067);
#820=CYLINDRICAL_SURFACE('',#1009,0.002067);
#821=CYLINDRICAL_SURFACE('',#1027,0.004);
#822=CYLINDRICAL_SURFACE('',#1046,0.0025);
#823=ADVANCED_FACE('',(#733,#734),#815,.T.);
#824=ADVANCED_FACE('',(#735,#736,#737),#200,.T.);
#825=ADVANCED_FACE('',(#738,#739,#740),#201,.F.);
#826=ADVANCED_FACE('',(#741,#742),#816,.F.);
#827=ADVANCED_FACE('',(#743,#744),#817,.F.);
#828=ADVANCED_FACE('',(#745,#746),#818,.T.);
#829=ADVANCED_FACE('',(#747),#202,.T.);
#830=ADVANCED_FACE('',(#748),#203,.F.);
#831=ADVANCED_FACE('',(#749),#204,.T.);
#832=ADVANCED_FACE('',(#750),#205,.T.);
#833=ADVANCED_FACE('',(#751),#206,.T.);
#834=ADVANCED_FACE('',(#752),#207,.T.);
#835=ADVANCED_FACE('',(#753),#208,.T.);
#836=ADVANCED_FACE('',(#754),#209,.T.);
#837=ADVANCED_FACE('',(#755,#756),#210,.T.);
#838=ADVANCED_FACE('',(#757,#758),#819,.F.);
#839=ADVANCED_FACE('',(#759,#760),#211,.F.);
#840=ADVANCED_FACE('',(#761),#17,.T.);
#841=ADVANCED_FACE('',(#762),#18,.T.);
#842=ADVANCED_FACE('',(#763),#19,.T.);
#843=ADVANCED_FACE('',(#764),#20,.T.);
#844=ADVANCED_FACE('',(#765),#21,.T.);
#845=ADVANCED_FACE('',(#766),#22,.T.);
#846=ADVANCED_FACE('',(#767,#768),#23,.T.);
#847=ADVANCED_FACE('',(#769,#770),#16,.T.);
#848=ADVANCED_FACE('',(#771),#10,.F.);
#849=ADVANCED_FACE('',(#772),#11,.F.);
#850=ADVANCED_FACE('',(#773),#12,.F.);
#851=ADVANCED_FACE('',(#774),#13,.F.);
#852=ADVANCED_FACE('',(#775),#14,.F.);
#853=ADVANCED_FACE('',(#776),#15,.F.);
#854=ADVANCED_FACE('',(#777,#778),#24,.F.);
#855=ADVANCED_FACE('',(#779,#780),#25,.F.);
#856=ADVANCED_FACE('',(#781,#782),#212,.T.);
#857=ADVANCED_FACE('',(#783,#784),#26,.F.);
#858=ADVANCED_FACE('',(#785),#27,.T.);
#859=ADVANCED_FACE('',(#786),#28,.T.);
#860=ADVANCED_FACE('',(#787,#788),#820,.F.);
#861=ADVANCED_FACE('',(#789),#29,.T.);
#862=ADVANCED_FACE('',(#790),#30,.T.);
#863=ADVANCED_FACE('',(#791),#31,.T.);
#864=ADVANCED_FACE('',(#792),#32,.T.);
#865=ADVANCED_FACE('',(#793,#794),#213,.F.);
#866=ADVANCED_FACE('',(#795),#214,.F.);
#867=ADVANCED_FACE('',(#796),#215,.F.);
#868=ADVANCED_FACE('',(#797),#216,.F.);
#869=ADVANCED_FACE('',(#798),#217,.F.);
#870=ADVANCED_FACE('',(#799),#218,.F.);
#871=ADVANCED_FACE('',(#800),#219,.F.);
#872=ADVANCED_FACE('',(#801,#802),#33,.F.);
#873=ADVANCED_FACE('',(#803),#220,.T.);
#874=ADVANCED_FACE('',(#804,#805),#821,.T.);
#875=ADVANCED_FACE('',(#806),#221,.T.);
#876=ADVANCED_FACE('',(#807),#222,.T.);
#877=ADVANCED_FACE('',(#808),#223,.T.);
#878=ADVANCED_FACE('',(#809),#224,.T.);
#879=ADVANCED_FACE('',(#810),#225,.T.);
#880=ADVANCED_FACE('',(#811,#812),#822,.T.);
#881=ADVANCED_FACE('',(#813),#226,.T.);
#882=ADVANCED_FACE('',(#814),#227,.F.);
#883=CLOSED_SHELL('',(#823,#824,#825,#826,#827));
#884=CLOSED_SHELL('',(#828,#829,#830));
#885=CLOSED_SHELL('',(#831,#832,#833,#834,#835,#836,#837,#838,#839,#840,
#841,#842,#843,#844,#845,#846,#847,#848,#849,#850,#851,#852,#853,#854,#855));
#886=CLOSED_SHELL('',(#856,#857,#858,#859,#860,#861,#862,#863,#864,#865,
#866,#867,#868,#869,#870,#871,#872,#873,#874,#875,#876,#877,#878,#879));
#887=CLOSED_SHELL('',(#880,#881,#882));
#888=STYLED_ITEM('',(#893),#925);
#889=STYLED_ITEM('',(#894),#926);
#890=STYLED_ITEM('',(#895),#927);
#891=STYLED_ITEM('',(#896),#928);
#892=STYLED_ITEM('',(#897),#929);
#893=PRESENTATION_STYLE_ASSIGNMENT((#898));
#894=PRESENTATION_STYLE_ASSIGNMENT((#899));
#895=PRESENTATION_STYLE_ASSIGNMENT((#900));
#896=PRESENTATION_STYLE_ASSIGNMENT((#901));
#897=PRESENTATION_STYLE_ASSIGNMENT((#902));
#898=SURFACE_STYLE_USAGE(.BOTH.,#903);
#899=SURFACE_STYLE_USAGE(.BOTH.,#904);
#900=SURFACE_STYLE_USAGE(.BOTH.,#905);
#901=SURFACE_STYLE_USAGE(.BOTH.,#906);
#902=SURFACE_STYLE_USAGE(.BOTH.,#907);
#903=SURFACE_SIDE_STYLE('',(#908));
#904=SURFACE_SIDE_STYLE('',(#909));
#905=SURFACE_SIDE_STYLE('',(#910));
#906=SURFACE_SIDE_STYLE('',(#911));
#907=SURFACE_SIDE_STYLE('',(#912));
#908=SURFACE_STYLE_FILL_AREA(#913);
#909=SURFACE_STYLE_FILL_AREA(#914);
#910=SURFACE_STYLE_FILL_AREA(#915);
#911=SURFACE_STYLE_FILL_AREA(#916);
#912=SURFACE_STYLE_FILL_AREA(#917);
#913=FILL_AREA_STYLE('',(#918));
#914=FILL_AREA_STYLE('',(#919));
#915=FILL_AREA_STYLE('',(#920));
#916=FILL_AREA_STYLE('',(#921));
#917=FILL_AREA_STYLE('',(#922));
#918=FILL_AREA_STYLE_COLOUR('',#923);
#919=FILL_AREA_STYLE_COLOUR('',#124);
#920=FILL_AREA_STYLE_COLOUR('',#924);
#921=FILL_AREA_STYLE_COLOUR('',#924);
#922=FILL_AREA_STYLE_COLOUR('',#125);
#923=COLOUR_RGB('',0.105882352941176,0.333333333333334,0.);
#924=COLOUR_RGB('',0.603921568627451,0.647058823529412,0.686274509803922);
#925=MANIFOLD_SOLID_BREP('06_Electrode_Disk',#883);
#926=MANIFOLD_SOLID_BREP('07_Internal_Rod_Positive',#884);
#927=MANIFOLD_SOLID_BREP('Hex flange nut M5x0.80',#885);
#928=MANIFOLD_SOLID_BREP('Hex nut style 1 grade A & B M5x0.8',#886);
#929=MANIFOLD_SOLID_BREP('08_Internal_Rod_Negative',#887);
#930=SHAPE_DEFINITION_REPRESENTATION(#1785,#936);
#931=SHAPE_DEFINITION_REPRESENTATION(#1786,#937);
#932=SHAPE_DEFINITION_REPRESENTATION(#1788,#938);
#933=SHAPE_DEFINITION_REPRESENTATION(#1793,#939);
#934=SHAPE_DEFINITION_REPRESENTATION(#1796,#940);
#935=SHAPE_DEFINITION_REPRESENTATION(#1805,#941);
#936=SHAPE_REPRESENTATION('SA01_Electrode_Cartridge',(#942,#954,#960,#961,
#962,#963,#995,#996,#1038,#1039,#1040,#1041,#1042,#1043,#1044,#1045,#1051),
#1770);
#937=SHAPE_REPRESENTATION('06_Electrode_Disk',(#942),#1771);
#938=SHAPE_REPRESENTATION('07_Internal_Rod_Positive',(#942),#1772);
#939=SHAPE_REPRESENTATION('Hex flange nut M5x0.80',(#942),#1773);
#940=SHAPE_REPRESENTATION('Hex nut style 1 grade A & B M5x0.8',(#942),#1774);
#941=SHAPE_REPRESENTATION('08_Internal_Rod_Negative',(#942),#1775);
#942=AXIS2_PLACEMENT_3D('',#1296,#1052,#1053);
#943=AXIS2_PLACEMENT_3D('',#1297,#1054,#1055);
#944=AXIS2_PLACEMENT_3D('',#1298,#1056,#1057);
#945=AXIS2_PLACEMENT_3D('',#1300,#1058,#1059);
#946=AXIS2_PLACEMENT_3D('',#1302,#1060,#1061);
#947=AXIS2_PLACEMENT_3D('',#1303,#1062,#1063);
#948=AXIS2_PLACEMENT_3D('',#1305,#1064,#1065);
#949=AXIS2_PLACEMENT_3D('',#1307,#1066,#1067);
#950=AXIS2_PLACEMENT_3D('',#1308,#1068,#1069);
#951=AXIS2_PLACEMENT_3D('',#1310,#1070,#1071);
#952=AXIS2_PLACEMENT_3D('',#1312,#1072,#1073);
#953=AXIS2_PLACEMENT_3D('',#1313,#1074,#1075);
#954=AXIS2_PLACEMENT_3D('',#1314,#1076,#1077);
#955=AXIS2_PLACEMENT_3D('',#1315,#1078,#1079);
#956=AXIS2_PLACEMENT_3D('',#1316,#1080,#1081);
#957=AXIS2_PLACEMENT_3D('',#1318,#1082,#1083);
#958=AXIS2_PLACEMENT_3D('',#1320,#1084,#1085);
#959=AXIS2_PLACEMENT_3D('',#1321,#1086,#1087);
#960=AXIS2_PLACEMENT_3D('',#1322,#1088,#1089);
#961=AXIS2_PLACEMENT_3D('',#1323,#1090,#1091);
#962=AXIS2_PLACEMENT_3D('',#1324,#1092,#1093);
#963=AXIS2_PLACEMENT_3D('',#1325,#1094,#1095);
#964=AXIS2_PLACEMENT_3D('',#1326,#1096,#1097);
#965=AXIS2_PLACEMENT_3D('',#1347,#1100,#1101);
#966=AXIS2_PLACEMENT_3D('',#1365,#1103,#1104);
#967=AXIS2_PLACEMENT_3D('',#1383,#1106,#1107);
#968=AXIS2_PLACEMENT_3D('',#1401,#1109,#1110);
#969=AXIS2_PLACEMENT_3D('',#1419,#1112,#1113);
#970=AXIS2_PLACEMENT_3D('',#1434,#1114,#1115);
#971=AXIS2_PLACEMENT_3D('',#1435,#1116,#1117);
#972=AXIS2_PLACEMENT_3D('',#1437,#1118,#1119);
#973=AXIS2_PLACEMENT_3D('',#1438,#1120,#1121);
#974=AXIS2_PLACEMENT_3D('',#1439,#1122,#1123);
#975=AXIS2_PLACEMENT_3D('',#1440,#1124,#1125);
#976=AXIS2_PLACEMENT_3D('',#1441,#1126,#1127);
#977=AXIS2_PLACEMENT_3D('',#1442,#1128,#1129);
#978=AXIS2_PLACEMENT_3D('',#1443,#1130,#1131);
#979=AXIS2_PLACEMENT_3D('',#1444,#1132,#1133);
#980=AXIS2_PLACEMENT_3D('',#1446,#1134,#1135);
#981=AXIS2_PLACEMENT_3D('',#1448,#1136,#1137);
#982=AXIS2_PLACEMENT_3D('',#1449,#1138,#1139);
#983=AXIS2_PLACEMENT_3D('',#1451,#1140,#1141);
#984=AXIS2_PLACEMENT_3D('',#1453,#1142,#1143);
#985=AXIS2_PLACEMENT_3D('',#1454,#1144,#1145);
#986=AXIS2_PLACEMENT_3D('',#1455,#1146,#1147);
#987=AXIS2_PLACEMENT_3D('',#1456,#1148,#1149);
#988=AXIS2_PLACEMENT_3D('',#1457,#1150,#1151);
#989=AXIS2_PLACEMENT_3D('',#1458,#1152,#1153);
#990=AXIS2_PLACEMENT_3D('',#1459,#1154,#1155);
#991=AXIS2_PLACEMENT_3D('',#1496,#1156,#1157);
#992=AXIS2_PLACEMENT_3D('',#1498,#1158,#1159);
#993=AXIS2_PLACEMENT_3D('',#1613,#1160,#1161);
#994=AXIS2_PLACEMENT_3D('',#1614,#1162,#1163);
#995=AXIS2_PLACEMENT_3D('',#1615,#1164,#1165);
#996=AXIS2_PLACEMENT_3D('',#1616,#1166,#1167);
#997=AXIS2_PLACEMENT_3D('',#1617,#1168,#1169);
#998=AXIS2_PLACEMENT_3D('',#1618,#1170,#1171);
#999=AXIS2_PLACEMENT_3D('',#1620,#1172,#1173);
#1000=AXIS2_PLACEMENT_3D('',#1623,#1174,#1175);
#1001=AXIS2_PLACEMENT_3D('',#1625,#1176,#1177);
#1002=AXIS2_PLACEMENT_3D('',#1627,#1178,#1179);
#1003=AXIS2_PLACEMENT_3D('',#1629,#1180,#1181);
#1004=AXIS2_PLACEMENT_3D('',#1631,#1182,#1183);
#1005=AXIS2_PLACEMENT_3D('',#1632,#1184,#1185);
#1006=AXIS2_PLACEMENT_3D('',#1633,#1186,#1187);
#1007=AXIS2_PLACEMENT_3D('',#1635,#1188,#1189);
#1008=AXIS2_PLACEMENT_3D('',#1645,#1190,#1191);
#1009=AXIS2_PLACEMENT_3D('',#1655,#1192,#1193);
#1010=AXIS2_PLACEMENT_3D('',#1656,#1194,#1195);
#1011=AXIS2_PLACEMENT_3D('',#1658,#1196,#1197);
#1012=AXIS2_PLACEMENT_3D('',#1668,#1198,#1199);
#1013=AXIS2_PLACEMENT_3D('',#1678,#1200,#1201);
#1014=AXIS2_PLACEMENT_3D('',#1688,#1202,#1203);
#1015=AXIS2_PLACEMENT_3D('',#1698,#1204,#1205);
#1016=AXIS2_PLACEMENT_3D('',#1699,#1206,#1207);
#1017=AXIS2_PLACEMENT_3D('',#1701,#1208,#1209);
#1018=AXIS2_PLACEMENT_3D('',#1703,#1210,#1211);
#1019=AXIS2_PLACEMENT_3D('',#1711,#1216,#1217);
#1020=AXIS2_PLACEMENT_3D('',#1717,#1221,#1222);
#1021=AXIS2_PLACEMENT_3D('',#1723,#1226,#1227);
#1022=AXIS2_PLACEMENT_3D('',#1729,#1231,#1232);
#1023=AXIS2_PLACEMENT_3D('',#1735,#1236,#1237);
#1024=AXIS2_PLACEMENT_3D('',#1739,#1240,#1241);
#1025=AXIS2_PLACEMENT_3D('',#1740,#1242,#1243);
#1026=AXIS2_PLACEMENT_3D('',#1741,#1244,#1245);
#1027=AXIS2_PLACEMENT_3D('',#1742,#1246,#1247);
#1028=AXIS2_PLACEMENT_3D('',#1743,#1248,#1249);
#1029=AXIS2_PLACEMENT_3D('',#1744,#1250,#1251);
#1030=AXIS2_PLACEMENT_3D('',#1745,#1252,#1253);
#1031=AXIS2_PLACEMENT_3D('',#1746,#1254,#1255);
#1032=AXIS2_PLACEMENT_3D('',#1747,#1256,#1257);
#1033=AXIS2_PLACEMENT_3D('',#1748,#1258,#1259);
#1034=AXIS2_PLACEMENT_3D('',#1749,#1260,#1261);
#1035=AXIS2_PLACEMENT_3D('',#1750,#1262,#1263);
#1036=AXIS2_PLACEMENT_3D('',#1751,#1264,#1265);
#1037=AXIS2_PLACEMENT_3D('',#1752,#1266,#1267);
#1038=AXIS2_PLACEMENT_3D('',#1753,#1268,#1269);
#1039=AXIS2_PLACEMENT_3D('',#1754,#1270,#1271);
#1040=AXIS2_PLACEMENT_3D('',#1755,#1272,#1273);
#1041=AXIS2_PLACEMENT_3D('',#1756,#1274,#1275);
#1042=AXIS2_PLACEMENT_3D('',#1757,#1276,#1277);
#1043=AXIS2_PLACEMENT_3D('',#1758,#1278,#1279);
#1044=AXIS2_PLACEMENT_3D('',#1759,#1280,#1281);
#1045=AXIS2_PLACEMENT_3D('',#1760,#1282,#1283);
#1046=AXIS2_PLACEMENT_3D('',#1761,#1284,#1285);
#1047=AXIS2_PLACEMENT_3D('',#1762,#1286,#1287);
#1048=AXIS2_PLACEMENT_3D('',#1764,#1288,#1289);
#1049=AXIS2_PLACEMENT_3D('',#1766,#1290,#1291);
#1050=AXIS2_PLACEMENT_3D('',#1767,#1292,#1293);
#1051=AXIS2_PLACEMENT_3D('',#1768,#1294,#1295);
#1052=DIRECTION('',(0.,0.,1.));
#1053=DIRECTION('',(1.,0.,0.));
#1054=DIRECTION('',(0.,0.,-1.));
#1055=DIRECTION('',(-1.,0.,0.));
#1056=DIRECTION('',(0.,0.,1.));
#1057=DIRECTION('',(1.,0.,0.));
#1058=DIRECTION('',(0.,0.,1.));
#1059=DIRECTION('',(1.,0.,0.));
#1060=DIRECTION('',(0.,0.,1.));
#1061=DIRECTION('',(1.,0.,0.));
#1062=DIRECTION('',(0.,0.,1.));
#1063=DIRECTION('',(1.,0.,0.));
#1064=DIRECTION('',(0.,0.,1.));
#1065=DIRECTION('',(1.,0.,0.));
#1066=DIRECTION('',(0.,0.,1.));
#1067=DIRECTION('',(1.,0.,0.));
#1068=DIRECTION('',(0.,0.,1.));
#1069=DIRECTION('',(1.,0.,0.));
#1070=DIRECTION('',(0.,0.,1.));
#1071=DIRECTION('',(1.,0.,0.));
#1072=DIRECTION('',(0.,0.,1.));
#1073=DIRECTION('',(1.,0.,0.));
#1074=DIRECTION('',(0.,0.,1.));
#1075=DIRECTION('',(1.,0.,0.));
#1076=DIRECTION('',(0.,0.,1.));
#1077=DIRECTION('',(1.,0.,0.));
#1078=DIRECTION('',(0.,0.,-1.));
#1079=DIRECTION('',(-1.,0.,0.));
#1080=DIRECTION('',(0.,0.,1.));
#1081=DIRECTION('',(1.,0.,0.));
#1082=DIRECTION('',(0.,0.,1.));
#1083=DIRECTION('',(1.,0.,0.));
#1084=DIRECTION('',(0.,0.,1.));
#1085=DIRECTION('',(1.,0.,0.));
#1086=DIRECTION('',(0.,0.,1.));
#1087=DIRECTION('',(1.,0.,0.));
#1088=DIRECTION('',(0.,0.,1.));
#1089=DIRECTION('',(1.,0.,0.));
#1090=DIRECTION('',(0.,0.,1.));
#1091=DIRECTION('',(1.,0.,0.));
#1092=DIRECTION('',(0.,0.,1.));
#1093=DIRECTION('',(1.,0.,0.));
#1094=DIRECTION('',(0.,0.,1.));
#1095=DIRECTION('',(1.,0.,0.));
#1096=DIRECTION('',(0.,1.,0.));
#1097=DIRECTION('',(0.,0.,1.));
#1098=DIRECTION('',(0.,0.,-1.));
#1099=DIRECTION('',(0.,0.,-1.));
#1100=DIRECTION('',(-0.866025403784439,0.5,0.));
#1101=DIRECTION('',(-0.5,-0.866025403784439,0.));
#1102=DIRECTION('',(0.,0.,-1.));
#1103=DIRECTION('',(-0.866025403784438,-0.5,0.));
#1104=DIRECTION('',(0.5,-0.866025403784438,0.));
#1105=DIRECTION('',(0.,0.,-1.));
#1106=DIRECTION('',(7.5115729936858E-16,-1.,0.));
#1107=DIRECTION('',(1.,7.5115729936858E-16,0.));
#1108=DIRECTION('',(0.,0.,-1.));
#1109=DIRECTION('',(0.866025403784439,-0.5,0.));
#1110=DIRECTION('',(0.5,0.866025403784439,0.));
#1111=DIRECTION('',(0.,0.,-1.));
#1112=DIRECTION('',(0.866025403784439,0.5,0.));
#1113=DIRECTION('',(-0.5,0.866025403784439,0.));
#1114=DIRECTION('',(0.,0.,1.));
#1115=DIRECTION('',(1.,0.,0.));
#1116=DIRECTION('',(0.,0.,1.));
#1117=DIRECTION('',(1.,0.,0.));
#1118=DIRECTION('',(0.,0.,1.));
#1119=DIRECTION('',(1.,0.,0.));
#1120=DIRECTION('',(0.,0.,1.));
#1121=DIRECTION('',(1.,0.,0.));
#1122=DIRECTION('',(0.,0.,1.));
#1123=DIRECTION('',(1.,0.,0.));
#1124=DIRECTION('',(0.,0.,1.));
#1125=DIRECTION('',(1.,0.,0.));
#1126=DIRECTION('',(0.,0.,1.));
#1127=DIRECTION('',(1.,0.,0.));
#1128=DIRECTION('',(0.,0.,1.));
#1129=DIRECTION('',(1.,0.,0.));
#1130=DIRECTION('',(0.,0.,-1.));
#1131=DIRECTION('',(-1.,0.,0.));
#1132=DIRECTION('',(0.,0.,1.));
#1133=DIRECTION('',(1.,0.,0.));
#1134=DIRECTION('',(0.,0.,1.));
#1135=DIRECTION('',(1.,0.,0.));
#1136=DIRECTION('',(0.,0.,1.));
#1137=DIRECTION('',(1.,0.,0.));
#1138=DIRECTION('',(0.,0.,1.));
#1139=DIRECTION('',(1.,0.,0.));
#1140=DIRECTION('',(0.,0.,1.));
#1141=DIRECTION('',(1.,0.,0.));
#1142=DIRECTION('',(0.,0.,-1.));
#1143=DIRECTION('',(-1.,0.,0.));
#1144=DIRECTION('',(0.,0.,-1.));
#1145=DIRECTION('',(-1.,0.,0.));
#1146=DIRECTION('',(0.,0.,-1.));
#1147=DIRECTION('',(-1.,0.,0.));
#1148=DIRECTION('',(0.,0.,-1.));
#1149=DIRECTION('',(-1.,0.,0.));
#1150=DIRECTION('',(0.,0.,-1.));
#1151=DIRECTION('',(-1.,0.,0.));
#1152=DIRECTION('',(0.,0.,-1.));
#1153=DIRECTION('',(-1.,0.,0.));
#1154=DIRECTION('',(0.,0.,-1.));
#1155=DIRECTION('',(-1.,0.,0.));
#1156=DIRECTION('',(0.,0.,1.));
#1157=DIRECTION('',(1.,0.,0.));
#1158=DIRECTION('',(0.,0.,1.));
#1159=DIRECTION('',(1.,0.,0.));
#1160=DIRECTION('',(0.,0.,-1.));
#1161=DIRECTION('',(-1.,0.,0.));
#1162=DIRECTION('',(0.,0.,1.));
#1163=DIRECTION('',(1.,0.,0.));
#1164=DIRECTION('',(0.,0.,-1.));
#1165=DIRECTION('',(1.,0.,0.));
#1166=DIRECTION('',(0.,0.,1.));
#1167=DIRECTION('',(1.,0.,0.));
#1168=DIRECTION('',(0.,0.,1.));
#1169=DIRECTION('',(1.,0.,0.));
#1170=DIRECTION('',(0.,0.,1.));
#1171=DIRECTION('',(1.,0.,0.));
#1172=DIRECTION('',(0.,0.,1.));
#1173=DIRECTION('',(1.,0.,0.));
#1174=DIRECTION('',(0.,0.,1.));
#1175=DIRECTION('',(1.,0.,0.));
#1176=DIRECTION('',(0.,0.,1.));
#1177=DIRECTION('',(1.,0.,0.));
#1178=DIRECTION('',(0.,0.,1.));
#1179=DIRECTION('',(1.,0.,0.));
#1180=DIRECTION('',(0.,0.,1.));
#1181=DIRECTION('',(1.,0.,0.));
#1182=DIRECTION('',(0.,0.,1.));
#1183=DIRECTION('',(1.,0.,0.));
#1184=DIRECTION('',(0.,0.,1.));
#1185=DIRECTION('',(1.,0.,0.));
#1186=DIRECTION('',(0.,0.,1.));
#1187=DIRECTION('',(1.,0.,0.));
#1188=DIRECTION('',(0.,0.,-1.));
#1189=DIRECTION('',(-1.,0.,0.));
#1190=DIRECTION('',(0.,0.,-1.));
#1191=DIRECTION('',(-1.,0.,0.));
#1192=DIRECTION('',(0.,0.,-1.));
#1193=DIRECTION('',(-1.,0.,0.));
#1194=DIRECTION('',(0.,0.,1.));
#1195=DIRECTION('',(1.,0.,0.));
#1196=DIRECTION('',(0.,0.,-1.));
#1197=DIRECTION('',(-1.,0.,0.));
#1198=DIRECTION('',(0.,0.,-1.));
#1199=DIRECTION('',(-1.,0.,0.));
#1200=DIRECTION('',(0.,0.,-1.));
#1201=DIRECTION('',(-1.,0.,0.));
#1202=DIRECTION('',(0.,0.,-1.));
#1203=DIRECTION('',(-1.,0.,0.));
#1204=DIRECTION('',(0.,0.,1.));
#1205=DIRECTION('',(1.,0.,0.));
#1206=DIRECTION('',(0.,0.,1.));
#1207=DIRECTION('',(-1.,0.,0.));
#1208=DIRECTION('',(0.,0.,1.));
#1209=DIRECTION('',(1.,0.,0.));
#1210=DIRECTION('',(0.866025403784439,-0.5,0.));
#1211=DIRECTION('',(0.5,0.866025403784439,0.));
#1212=DIRECTION('',(0.,0.,-1.));
#1213=DIRECTION('',(-0.5,-0.866025403784438,0.));
#1214=DIRECTION('',(-0.5,-0.866025403784438,0.));
#1215=DIRECTION('',(0.,0.,-1.));
#1216=DIRECTION('',(0.,-1.,0.));
#1217=DIRECTION('',(0.,0.,-1.));
#1218=DIRECTION('',(-1.,0.,0.));
#1219=DIRECTION('',(-1.,0.,0.));
#1220=DIRECTION('',(0.,0.,-1.));
#1221=DIRECTION('',(-0.866025403784439,-0.5,0.));
#1222=DIRECTION('',(0.5,-0.866025403784439,0.));
#1223=DIRECTION('',(0.,0.,-1.));
#1224=DIRECTION('',(-0.5,0.866025403784439,0.));
#1225=DIRECTION('',(-0.5,0.866025403784439,0.));
#1226=DIRECTION('',(-0.866025403784439,0.5,0.));
#1227=DIRECTION('',(-0.5,-0.866025403784439,0.));
#1228=DIRECTION('',(0.5,0.866025403784439,0.));
#1229=DIRECTION('',(0.5,0.866025403784439,0.));
#1230=DIRECTION('',(0.,0.,-1.));
#1231=DIRECTION('',(0.,1.,0.));
#1232=DIRECTION('',(0.,0.,1.));
#1233=DIRECTION('',(0.,0.,-1.));
#1234=DIRECTION('',(1.,0.,0.));
#1235=DIRECTION('',(1.,0.,0.));
#1236=DIRECTION('',(0.866025403784439,0.5,0.));
#1237=DIRECTION('',(-0.5,0.866025403784439,0.));
#1238=DIRECTION('',(0.5,-0.866025403784439,0.));
#1239=DIRECTION('',(0.5,-0.866025403784439,0.));
#1240=DIRECTION('',(0.,0.,-1.));
#1241=DIRECTION('',(-1.,0.,0.));
#1242=DIRECTION('',(0.,0.,-1.));
#1243=DIRECTION('',(1.,0.,0.));
#1244=DIRECTION('',(0.,0.,1.));
#1245=DIRECTION('',(-1.,0.,0.));
#1246=DIRECTION('',(0.,0.,-1.));
#1247=DIRECTION('',(-1.,0.,0.));
#1248=DIRECTION('',(0.,0.,1.));
#1249=DIRECTION('',(-1.,0.,0.));
#1250=DIRECTION('',(0.,0.,1.));
#1251=DIRECTION('',(-1.,0.,0.));
#1252=DIRECTION('',(0.,0.,1.));
#1253=DIRECTION('',(-1.,0.,0.));
#1254=DIRECTION('',(0.,0.,1.));
#1255=DIRECTION('',(-1.,0.,0.));
#1256=DIRECTION('',(0.,0.,1.));
#1257=DIRECTION('',(-1.,0.,0.));
#1258=DIRECTION('',(0.,0.,-1.));
#1259=DIRECTION('',(1.,0.,0.));
#1260=DIRECTION('',(0.,0.,-1.));
#1261=DIRECTION('',(1.,0.,0.));
#1262=DIRECTION('',(0.,0.,-1.));
#1263=DIRECTION('',(1.,0.,0.));
#1264=DIRECTION('',(0.,0.,-1.));
#1265=DIRECTION('',(1.,0.,0.));
#1266=DIRECTION('',(0.,0.,-1.));
#1267=DIRECTION('',(1.,0.,0.));
#1268=DIRECTION('',(0.,0.,1.));
#1269=DIRECTION('',(1.,0.,0.));
#1270=DIRECTION('',(0.,0.,-1.));
#1271=DIRECTION('',(1.,0.,0.));
#1272=DIRECTION('',(0.,0.,1.));
#1273=DIRECTION('',(1.,0.,0.));
#1274=DIRECTION('',(0.,0.,1.));
#1275=DIRECTION('',(1.,0.,0.));
#1276=DIRECTION('',(0.,0.,1.));
#1277=DIRECTION('',(1.,0.,0.));
#1278=DIRECTION('',(0.,0.,1.));
#1279=DIRECTION('',(1.,0.,0.));
#1280=DIRECTION('',(0.,0.,1.));
#1281=DIRECTION('',(1.,0.,0.));
#1282=DIRECTION('',(0.,0.,1.));
#1283=DIRECTION('',(1.,0.,0.));
#1284=DIRECTION('',(0.,0.,-1.));
#1285=DIRECTION('',(-1.,0.,0.));
#1286=DIRECTION('',(0.,0.,1.));
#1287=DIRECTION('',(1.,0.,0.));
#1288=DIRECTION('',(0.,0.,1.));
#1289=DIRECTION('',(1.,0.,0.));
#1290=DIRECTION('',(0.,0.,1.));
#1291=DIRECTION('',(1.,0.,0.));
#1292=DIRECTION('',(0.,0.,1.));
#1293=DIRECTION('',(1.,0.,0.));
#1294=DIRECTION('',(0.,0.,1.));
#1295=DIRECTION('',(1.,0.,0.));
#1296=CARTESIAN_POINT('',(0.,0.,0.));
#1297=CARTESIAN_POINT('',(0.,1.68388934882761E-18,0.001));
#1298=CARTESIAN_POINT('',(0.,1.68388934882761E-18,0.001));
#1299=CARTESIAN_POINT('',(0.0275,1.68388934882761E-18,0.001));
#1300=CARTESIAN_POINT('',(0.,1.68388934882761E-18,0.));
#1301=CARTESIAN_POINT('',(0.0275,1.68388934882761E-18,0.));
#1302=CARTESIAN_POINT('',(0.,0.,0.001));
#1303=CARTESIAN_POINT('',(-0.01,1.83697019872103E-19,0.001));
#1304=CARTESIAN_POINT('',(-0.007,1.83697019872103E-19,0.001));
#1305=CARTESIAN_POINT('',(0.01,1.83697019872103E-19,0.001));
#1306=CARTESIAN_POINT('',(0.013,1.83697019872103E-19,0.001));
#1307=CARTESIAN_POINT('',(0.,0.,0.));
#1308=CARTESIAN_POINT('',(-0.01,1.83697019872103E-19,0.));
#1309=CARTESIAN_POINT('',(-0.007,1.83697019872103E-19,0.));
#1310=CARTESIAN_POINT('',(0.01,1.83697019872103E-19,0.));
#1311=CARTESIAN_POINT('',(0.013,1.83697019872103E-19,0.));
#1312=CARTESIAN_POINT('',(0.01,1.83697019872103E-19,-0.024));
#1313=CARTESIAN_POINT('',(-0.01,1.83697019872103E-19,-0.024));
#1314=CARTESIAN_POINT('',(-0.0317717269062996,-0.0112937362864613,0.0135992729215158));
#1315=CARTESIAN_POINT('',(-0.01,3.36777869765522E-19,0.066));
#1316=CARTESIAN_POINT('',(-0.01,3.36777869765522E-19,0.066));
#1317=CARTESIAN_POINT('',(-0.0075,3.36777869765522E-19,0.066));
#1318=CARTESIAN_POINT('',(-0.01,3.36777869765522E-19,0.001));
#1319=CARTESIAN_POINT('',(-0.0075,3.36777869765522E-19,0.001));
#1320=CARTESIAN_POINT('',(0.,0.,0.066));
#1321=CARTESIAN_POINT('',(0.,0.,0.001));
#1322=CARTESIAN_POINT('',(-0.0317717269062996,-0.0112937362864613,-0.0120229493007064));
#1323=CARTESIAN_POINT('',(-0.0317717269062996,-0.0112937362864613,0.0269326062548492));
#1324=CARTESIAN_POINT('',(-0.0317717269062996,-0.0112937362864613,0.00471038403262694));
#1325=CARTESIAN_POINT('',(-0.0317717269062996,-0.0112937362864613,-0.00417850485626194));
#1326=CARTESIAN_POINT('',(0.,0.004,0.0025));
#1327=CARTESIAN_POINT('',(0.00230940107675851,0.004,0.0025));
#1328=CARTESIAN_POINT('',(0.00230940107675851,0.004,0.00214273441009183));
#1329=CARTESIAN_POINT('',(0.00230940107675851,0.004,-0.000933295621305361));
#1330=CARTESIAN_POINT('',(0.00230940107675851,0.004,-0.000933295621305361));
#1331=CARTESIAN_POINT('',(0.00154519427023588,0.004,-0.00080168986965007));
#1332=CARTESIAN_POINT('',(-6.69924098835014E-8,0.004,-0.000642029189813021));
#1333=CARTESIAN_POINT('',(-0.00154519995701425,0.004,-0.000801690848982804));
#1334=CARTESIAN_POINT('',(-0.00230940107675851,0.004,-0.000933295621305361));
#1335=CARTESIAN_POINT('',(-0.00230940107675851,0.004,-0.000933295621305361));
#1336=CARTESIAN_POINT('',(-0.00230940107675851,0.004,0.0025));
#1337=CARTESIAN_POINT('',(-0.0023094010767585,0.004,0.00214273441009183));
#1338=CARTESIAN_POINT('',(-0.00230940107675851,0.004,0.00214273441009185));
#1339=CARTESIAN_POINT('',(-0.00155819032632066,0.004,0.00235959027458357));
#1340=CARTESIAN_POINT('',(-0.000780501604629099,0.004,0.0025));
#1341=CARTESIAN_POINT('',(-1.87467412766169E-18,0.004,0.0025));
#1342=CARTESIAN_POINT('',(0.,0.004,0.0025));
#1343=CARTESIAN_POINT('',(-3.56791086181985E-19,0.004,0.0025));
#1344=CARTESIAN_POINT('',(0.000780965328157604,0.004,0.0025));
#1345=CARTESIAN_POINT('',(0.00156256651864362,0.004,0.00235832697667571));
#1346=CARTESIAN_POINT('',(0.00230940107675851,0.004,0.00214273441009184));
#1347=CARTESIAN_POINT('',(-0.00346410161513775,0.002,0.0025));
#1348=CARTESIAN_POINT('',(-0.00230940107675851,0.004,-0.000933295621305361));
#1349=CARTESIAN_POINT('',(-0.00269150304941849,0.00333817996968061,-0.000801690362384133));
#1350=CARTESIAN_POINT('',(-0.00346410161513775,0.002,-0.000642029186642119));
#1351=CARTESIAN_POINT('',(-0.00423670018085702,0.000661820030319386,-0.000801690362384133));
#1352=CARTESIAN_POINT('',(-0.00461880215351701,-5.16090274284364E-18,-0.000933295621305361));
#1353=CARTESIAN_POINT('',(-0.00461880215351701,-5.63785129692462E-18,-0.000933295621305361));
#1354=CARTESIAN_POINT('',(-0.00461880215351701,-5.63785129692462E-18,0.0025));
#1355=CARTESIAN_POINT('',(-0.00461880215351701,-4.33680868994202E-18,0.00214273441009183));
#1356=CARTESIAN_POINT('',(-0.00461880215351707,-1.13017090695899E-16,0.0021427344100927));
#1357=CARTESIAN_POINT('',(-0.00424101525012081,0.000654346111116327,0.00236084978046486));
#1358=CARTESIAN_POINT('',(-0.00385755613790708,0.00131851677609577,0.0025));
#1359=CARTESIAN_POINT('',(-0.00346410161513776,0.002,0.0025));
#1360=CARTESIAN_POINT('',(-0.00346410161513775,0.002,0.0025));
#1361=CARTESIAN_POINT('',(-0.00346410161513776,0.002,0.0025));
#1362=CARTESIAN_POINT('',(-0.00307211747014356,0.00267893645489139,0.0025));
#1363=CARTESIAN_POINT('',(-0.00268624519492407,0.00334728684080375,0.00236030546315772));
#1364=CARTESIAN_POINT('',(-0.00230940107675847,0.00400000000000006,0.00214273441009228));
#1365=CARTESIAN_POINT('',(-0.00346410161513775,-0.002,0.0025));
#1366=CARTESIAN_POINT('',(-0.00461880215351701,-5.46922424331955E-18,-0.000933295621305361));
#1367=CARTESIAN_POINT('',(-0.00423670018085702,-0.000661820030319395,-0.000801690362384134));
#1368=CARTESIAN_POINT('',(-0.00346410161513775,-0.002,-0.000642029186642119));
#1369=CARTESIAN_POINT('',(-0.00269150304941849,-0.00333817996968061,-0.000801690362384133));
#1370=CARTESIAN_POINT('',(-0.0023094010767585,-0.004,-0.000933295621305361));
#1371=CARTESIAN_POINT('',(-0.0023094010767585,-0.004,-0.000933295621305361));
#1372=CARTESIAN_POINT('',(-0.0023094010767585,-0.004,0.0025));
#1373=CARTESIAN_POINT('',(-0.0023094010767585,-0.004,0.00214273441009183));
#1374=CARTESIAN_POINT('',(-0.00230940107675844,-0.00400000000000011,0.00214273441009271));
#1375=CARTESIAN_POINT('',(-0.0026871879801547,-0.00334565388888367,0.00236084978046486));
#1376=CARTESIAN_POINT('',(-0.00307064709236843,-0.00268148322390423,0.0025));
#1377=CARTESIAN_POINT('',(-0.00346410161513775,-0.002,0.0025));
#1378=CARTESIAN_POINT('',(-0.00346410161513775,-0.002,0.0025));
#1379=CARTESIAN_POINT('',(-0.00346410161513775,-0.002,0.0025));
#1380=CARTESIAN_POINT('',(-0.00385608576013195,-0.00132106354510861,0.0025));
#1381=CARTESIAN_POINT('',(-0.00424195803535144,-0.000652713159196251,0.00236030546315772));
#1382=CARTESIAN_POINT('',(-0.00461880215351704,6.12633705876256E-17,0.00214273441009228));
#1383=CARTESIAN_POINT('',(1.7347234759768E-18,-0.004,0.0025));
#1384=CARTESIAN_POINT('',(-0.0023094010767585,-0.004,-0.000933295621305361));
#1385=CARTESIAN_POINT('',(-0.00154519995701425,-0.004,-0.000801690848982804));
#1386=CARTESIAN_POINT('',(-6.69924098808993E-8,-0.004,-0.000642029189813021));
#1387=CARTESIAN_POINT('',(0.00154519427023588,-0.004,-0.00080168986965007));
#1388=CARTESIAN_POINT('',(0.00230940107675851,-0.004,-0.000933295621305361));
#1389=CARTESIAN_POINT('',(0.00230940107675851,-0.004,-0.000933295621305361));
#1390=CARTESIAN_POINT('',(0.00230940107675851,-0.004,0.0025));
#1391=CARTESIAN_POINT('',(0.00230940107675851,-0.004,0.00214273441009183));
#1392=CARTESIAN_POINT('',(2.71623377200265E-18,-0.004,0.0025));
#1393=CARTESIAN_POINT('',(0.000780965328157606,-0.004,0.0025));
#1394=CARTESIAN_POINT('',(0.00156256651864362,-0.004,0.00235832697667571));
#1395=CARTESIAN_POINT('',(0.00230940107675851,-0.004,0.00214273441009184));
#1396=CARTESIAN_POINT('',(3.00462919747432E-18,-0.004,0.0025));
#1397=CARTESIAN_POINT('',(-0.00230940107675851,-0.004,0.00214273441009185));
#1398=CARTESIAN_POINT('',(-0.00155819032632066,-0.004,0.00235959027458357));
#1399=CARTESIAN_POINT('',(-0.000780501604629093,-0.004,0.0025));
#1400=CARTESIAN_POINT('',(5.31832870534006E-18,-0.004,0.0025));
#1401=CARTESIAN_POINT('',(0.00346410161513775,-0.002,0.0025));
#1402=CARTESIAN_POINT('',(0.00230940107675851,-0.004,-0.000933295621305361));
#1403=CARTESIAN_POINT('',(0.00269150304941849,-0.00333817996968061,-0.000801690362384134));
#1404=CARTESIAN_POINT('',(0.00346410161513775,-0.002,-0.000642029186642119));
#1405=CARTESIAN_POINT('',(0.00423670018085703,-0.000661820030319389,-0.000801690362384133));
#1406=CARTESIAN_POINT('',(0.00461880215351701,1.51788304147971E-18,-0.000933295621305361));
#1407=CARTESIAN_POINT('',(0.00461880215351701,1.3010426069826E-18,-0.000933295621305361));
#1408=CARTESIAN_POINT('',(0.00461880215351701,1.3010426069826E-18,0.0025));
#1409=CARTESIAN_POINT('',(0.00461880215351701,1.3010426069826E-18,0.00214273441009183));
#1410=CARTESIAN_POINT('',(0.00461880215351707,1.11005427150839E-16,0.0021427344100927));
#1411=CARTESIAN_POINT('',(0.00424101525012081,-0.000654346111116329,0.00236084978046486));
#1412=CARTESIAN_POINT('',(0.00385755613790708,-0.00131851677609577,0.0025));
#1413=CARTESIAN_POINT('',(0.00346410161513775,-0.002,0.0025));
#1414=CARTESIAN_POINT('',(0.00346410161513775,-0.002,0.0025));
#1415=CARTESIAN_POINT('',(0.00346410161513775,-0.002,0.0025));
#1416=CARTESIAN_POINT('',(0.00307211747014356,-0.00267893645489139,0.0025));
#1417=CARTESIAN_POINT('',(0.00268624519492407,-0.00334728684080375,0.00236030546315772));
#1418=CARTESIAN_POINT('',(0.00230940107675847,-0.00400000000000006,0.00214273441009228));
#1419=CARTESIAN_POINT('',(0.00346410161513775,0.002,0.0025));
#1420=CARTESIAN_POINT('',(0.00461880215351701,1.01392427268136E-18,-0.000933295621305361));
#1421=CARTESIAN_POINT('',(0.00423670018085702,0.000661820030319391,-0.000801690362384133));
#1422=CARTESIAN_POINT('',(0.00346410161513775,0.002,-0.000642029186642119));
#1423=CARTESIAN_POINT('',(0.00269150304941849,0.00333817996968061,-0.000801690362384133));
#1424=CARTESIAN_POINT('',(0.00230940107675851,0.004,-0.000933295621305361));
#1425=CARTESIAN_POINT('',(0.00230940107675844,0.00400000000000011,0.0021427344100927));
#1426=CARTESIAN_POINT('',(0.0026871879801547,0.00334565388888367,0.00236084978046486));
#1427=CARTESIAN_POINT('',(0.00307064709236843,0.00268148322390423,0.0025));
#1428=CARTESIAN_POINT('',(0.00346410161513775,0.002,0.0025));
#1429=CARTESIAN_POINT('',(0.00346410161513775,0.002,0.0025));
#1430=CARTESIAN_POINT('',(0.00346410161513775,0.002,0.0025));
#1431=CARTESIAN_POINT('',(0.00385608576013195,0.00132106354510861,0.0025));
#1432=CARTESIAN_POINT('',(0.00424195803535144,0.000652713159196249,0.00236030546315772));
#1433=CARTESIAN_POINT('',(0.00461880215351704,-6.39092711450474E-17,0.00214273441009228));
#1434=CARTESIAN_POINT('',(0.,0.,0.0025));
#1435=CARTESIAN_POINT('',(0.,1.26567246691879E-19,0.0025));
#1436=CARTESIAN_POINT('',(0.0025,1.26567246691879E-19,0.0025));
#1437=CARTESIAN_POINT('',(0.,0.,0.0025));
#1438=CARTESIAN_POINT('',(0.,0.,0.0025));
#1439=CARTESIAN_POINT('',(0.,0.,0.0025));
#1440=CARTESIAN_POINT('',(0.,0.,0.0025));
#1441=CARTESIAN_POINT('',(0.,0.,0.0025));
#1442=CARTESIAN_POINT('',(0.,0.,0.0025));
#1443=CARTESIAN_POINT('',(0.,1.26567246691879E-19,0.0025));
#1444=CARTESIAN_POINT('',(0.,1.26567246691879E-19,-0.002067));
#1445=CARTESIAN_POINT('',(0.002067,1.26567246691879E-19,-0.002067));
#1446=CARTESIAN_POINT('',(0.,1.26567246691879E-19,0.002067));
#1447=CARTESIAN_POINT('',(0.002067,1.26567246691879E-19,0.002067));
#1448=CARTESIAN_POINT('',(0.,0.,-0.0025));
#1449=CARTESIAN_POINT('',(0.,1.26567246691879E-19,-0.0025));
#1450=CARTESIAN_POINT('',(0.0025,1.26567246691879E-19,-0.0025));
#1451=CARTESIAN_POINT('',(0.,0.,-0.0025));
#1452=CARTESIAN_POINT('',(0.00538445439793712,0.,-0.0025));
#1453=CARTESIAN_POINT('',(0.,0.,0.0025));
#1454=CARTESIAN_POINT('',(0.,0.,0.0025));
#1455=CARTESIAN_POINT('',(0.,0.,0.0025));
#1456=CARTESIAN_POINT('',(0.,0.,0.0025));
#1457=CARTESIAN_POINT('',(0.,0.,0.0025));
#1458=CARTESIAN_POINT('',(0.,0.,0.0025));
#1459=CARTESIAN_POINT('',(0.,0.,-0.0015));
#1460=CARTESIAN_POINT('',(-0.00486260627203308,-5.19912732248585E-18,-0.00124588504288741));
#1461=CARTESIAN_POINT('',(-0.00445499576691991,0.000691412580945302,-0.00109752695185201));
#1462=CARTESIAN_POINT('',(-0.00363253291565215,0.00209016080576385,-0.000910090670338493));
#1463=CARTESIAN_POINT('',(-0.00282671291591921,0.00351166517058819,-0.00109736387074978));
#1464=CARTESIAN_POINT('',(-0.00243130313601654,0.0042111405601822,-0.00124588504288741));
#1465=CARTESIAN_POINT('',(-0.00486260627203308,-5.19912732248585E-18,-0.00124588504288741));
#1466=CARTESIAN_POINT('',(-0.00243130313601654,0.0042111405601822,-0.00124588504288741));
#1467=CARTESIAN_POINT('',(-0.00243130313601654,0.0042111405601822,-0.00124588504288741));
#1468=CARTESIAN_POINT('',(-0.0016287157624598,0.00420384578691243,-0.00109752671868115));
#1469=CARTESIAN_POINT('',(-6.18278902670322E-6,0.00419094622278486,-0.000910091374410884));
#1470=CARTESIAN_POINT('',(0.0016278285952578,0.00420383772338713,-0.00109736272577058));
#1471=CARTESIAN_POINT('',(0.00243130313601654,0.0042111405601822,-0.00124588504288741));
#1472=CARTESIAN_POINT('',(0.00243130313601654,0.0042111405601822,-0.00124588504288741));
#1473=CARTESIAN_POINT('',(0.00243130313601654,0.0042111405601822,-0.00124588504288741));
#1474=CARTESIAN_POINT('',(0.00282627874305475,0.00351243321743213,-0.00109752695185201));
#1475=CARTESIAN_POINT('',(0.00362639881361212,0.00210078538215599,-0.000910090670338492));
#1476=CARTESIAN_POINT('',(0.00445454770527399,0.000692172609097532,-0.00109736387074978));
#1477=CARTESIAN_POINT('',(0.00486260627203308,1.41504145952918E-18,-0.00124588504288741));
#1478=CARTESIAN_POINT('',(0.00486260627203308,1.58071875026905E-18,-0.00124588504288741));
#1479=CARTESIAN_POINT('',(0.00486260627203308,1.45298371223665E-18,-0.00124588504288741));
#1480=CARTESIAN_POINT('',(0.00445499576691991,-0.000691412580945305,-0.00109752695185201));
#1481=CARTESIAN_POINT('',(0.00363253291565215,-0.00209016080576385,-0.000910090670338492));
#1482=CARTESIAN_POINT('',(0.00282671291591922,-0.00351166517058818,-0.00109736387074978));
#1483=CARTESIAN_POINT('',(0.00243130313601655,-0.00421114056018219,-0.00124588504288741));
#1484=CARTESIAN_POINT('',(0.00243130313601654,-0.00421114056018219,-0.00124588504288741));
#1485=CARTESIAN_POINT('',(0.00243130313601654,-0.00421114056018219,-0.00124588504288741));
#1486=CARTESIAN_POINT('',(0.00162871826239392,-0.00420384580963451,-0.00109752718079412));
#1487=CARTESIAN_POINT('',(6.08528946223214E-6,-0.00419094615328304,-0.000910089970880758));
#1488=CARTESIAN_POINT('',(-0.00162784095726825,-0.00420383783574632,-0.00109736501088895));
#1489=CARTESIAN_POINT('',(-0.00243130313601654,-0.0042111405601822,-0.00124588504288741));
#1490=CARTESIAN_POINT('',(-0.00243130313601654,-0.0042111405601822,-0.00124588504288741));
#1491=CARTESIAN_POINT('',(-0.00243130313601654,-0.0042111405601822,-0.00124588504288741));
#1492=CARTESIAN_POINT('',(-0.00282627874305475,-0.00351243321743213,-0.00109752695185201));
#1493=CARTESIAN_POINT('',(-0.00362639881361212,-0.00210078538215599,-0.000910090670338492));
#1494=CARTESIAN_POINT('',(-0.00445454770527399,-0.000692172609097535,-0.00109736387074978));
#1495=CARTESIAN_POINT('',(-0.00486260627203308,-4.67717017000468E-18,-0.00124588504288741));
#1496=CARTESIAN_POINT('',(0.,0.,-0.0015));
#1497=CARTESIAN_POINT('',(0.00556078137864558,0.,-0.0015));
#1498=CARTESIAN_POINT('',(0.,0.,-0.00198445439793711));
#1499=CARTESIAN_POINT('',(-0.00251147557356898,-0.004,-0.000969253904697257));
#1500=CARTESIAN_POINT('',(-0.00247152569225906,-0.004,-0.00118688688015162));
#1501=CARTESIAN_POINT('',(-0.00245972706175936,-0.00421139925742334,-0.00125116169093303));
#1502=CARTESIAN_POINT('',(-0.00170010577206621,-0.004,-0.000820314488288835));
#1503=CARTESIAN_POINT('',(-0.00167796195818557,-0.00399999999999943,-0.00103529007129187));
#1504=CARTESIAN_POINT('',(-0.00166082295698536,-0.00420411848924703,-0.00110222227876481));
#1505=CARTESIAN_POINT('',(-2.52460577224865E-5,-0.004,-0.000625316070379449));
#1506=CARTESIAN_POINT('',(-2.50090237161495E-5,-0.00400000000000057,-0.000832135740929589));
#1507=CARTESIAN_POINT('',(-2.4555738998713E-5,-0.00419076271994831,-0.000907223852458284));
#1508=CARTESIAN_POINT('',(0.00167975864274234,-0.004,-0.000816545563980779));
#1509=CARTESIAN_POINT('',(0.0016582635002685,-0.00399999999999942,-0.00103149335397824));
#1510=CARTESIAN_POINT('',(0.00164078553276023,-0.00420393537974,-0.00109845335429022));
#1511=CARTESIAN_POINT('',(0.00251222311335791,-0.004,-0.000969391142354098));
#1512=CARTESIAN_POINT('',(0.00247226367680578,-0.004,-0.00118702787476734));
#1513=CARTESIAN_POINT('',(0.00246046311782439,-0.00421140596565222,-0.00125129892858987));
#1514=CARTESIAN_POINT('',(-0.0023094010767585,-0.004,-0.000933295621305361));
#1515=CARTESIAN_POINT('',(-0.0023094010767585,-0.00400000000000001,-0.00107524740214817));
#1516=CARTESIAN_POINT('',(-0.0023656769601535,-0.00409747268927998,-0.00119811309368138));
#1517=CARTESIAN_POINT('',(-0.00243130313601653,-0.0042111405601822,-0.00124588504288741));
#1518=CARTESIAN_POINT('',(0.00230940107675851,-0.004,-0.000933295621305361));
#1519=CARTESIAN_POINT('',(0.00230940107675851,-0.004,-0.00107524740214817));
#1520=CARTESIAN_POINT('',(0.00236567696015328,-0.00409747268928011,-0.00119811309368138));
#1521=CARTESIAN_POINT('',(0.00243130313601654,-0.00421114056018219,-0.00124588504288741));
#1522=CARTESIAN_POINT('',(0.00220836332945489,-0.00417500251181216,-0.000969254087858229));
#1523=CARTESIAN_POINT('',(0.00222833827648744,-0.00414040488867328,-0.00118688706832702));
#1524=CARTESIAN_POINT('',(0.00241731472804853,-0.00423588660588939,-0.001251161874094));
#1525=CARTESIAN_POINT('',(0.00261406219264787,-0.00347231146818898,-0.000820309501283938));
#1526=CARTESIAN_POINT('',(0.00262513367354671,-0.00345313510075723,-0.00103528504627559));
#1527=CARTESIAN_POINT('',(0.00281047498244743,-0.0035403510308665,-0.00110221729176061));
#1528=CARTESIAN_POINT('',(0.00345159119242775,-0.00202166868775789,-0.000625315699719968));
#1529=CARTESIAN_POINT('',(0.00345170735232214,-0.0020214674929173,-0.000832135363564009));
#1530=CARTESIAN_POINT('',(0.00361713888915511,-0.00211645705712113,-0.000907223481798556));
#1531=CARTESIAN_POINT('',(0.00430399436211581,-0.000545263089325411,-0.00081655053918371));
#1532=CARTESIAN_POINT('',(0.00429324635954953,-0.000563879175853481,-0.00103149836456898));
#1533=CARTESIAN_POINT('',(0.00446112103171134,-0.000680982957172944,-0.00109845832949295));
#1534=CARTESIAN_POINT('',(0.00472021267403898,0.000175648173966071,-0.000969390959564049));
#1535=CARTESIAN_POINT('',(0.00470023296212509,0.00014104229781063,-0.0011870276869736));
#1536=CARTESIAN_POINT('',(0.00487741561294741,2.51197378185235E-5,-0.00125129874579982));
#1537=CARTESIAN_POINT('',(0.00461880215351701,1.24179696663452E-18,-0.000933295621305361));
#1538=CARTESIAN_POINT('',(0.00461880215351701,1.24179696663452E-18,-0.00107524740214817));
#1539=CARTESIAN_POINT('',(0.00473135392030615,-4.97935634354999E-16,-0.00119811309368138));
#1540=CARTESIAN_POINT('',(0.00486260627203308,1.27231261324793E-18,-0.00124588504288741));
#1541=CARTESIAN_POINT('',(-0.00471983990082061,0.000175002511812152,-0.000969254087858228));
#1542=CARTESIAN_POINT('',(-0.00469986495378806,0.000140404888673276,-0.00118688706832701));
#1543=CARTESIAN_POINT('',(-0.00487704277227472,2.448733951239E-5,-0.001251161874094));
#1544=CARTESIAN_POINT('',(-0.00431414103762723,-0.000527688531811716,-0.000820309501283803));
#1545=CARTESIAN_POINT('',(-0.00430306955672915,-0.000546864899243602,-0.0010352850462754));
#1546=CARTESIAN_POINT('',(-0.004471271422268,-0.000663767216067336,-0.00110221729176042));
#1547=CARTESIAN_POINT('',(-0.0034766120378469,-0.0019783313122436,-0.000625315699720331));
#1548=CARTESIAN_POINT('',(-0.00347649587795086,-0.00197853250708421,-0.000832135363564658));
#1549=CARTESIAN_POINT('',(-0.00364147502206251,-0.00207430563846533,-0.000907223481798826));
#1550=CARTESIAN_POINT('',(-0.00262420886816176,-0.00345473691067102,-0.00081655053918312));
#1551=CARTESIAN_POINT('',(-0.00263495687073034,-0.00343612082414327,-0.00103149836456813));
#1552=CARTESIAN_POINT('',(-0.00282030905631376,-0.00352295266423032,-0.00109845832949261));
#1553=CARTESIAN_POINT('',(-0.0022079905562365,-0.0041756481739661,-0.000969390959564056));
#1554=CARTESIAN_POINT('',(-0.00222797026815039,-0.00414104229781066,-0.00118702768697361));
#1555=CARTESIAN_POINT('',(-0.00241695347538644,-0.0042365256945366,-0.00125129874579983));
#1556=CARTESIAN_POINT('',(-0.00461880215351701,-5.55353777012209E-18,-0.000933295621305361));
#1557=CARTESIAN_POINT('',(-0.00461880215351701,-6.22045696322657E-18,-0.00107524740214817));
#1558=CARTESIAN_POINT('',(-0.00473135392030616,7.79775356741888E-16,-0.00119811309368138));
#1559=CARTESIAN_POINT('',(-0.00486260627203308,-5.01845622349714E-18,-0.00124588504288741));
#1560=CARTESIAN_POINT('',(0.00471983990082061,-0.000175002511812156,-0.000969254087858228));
#1561=CARTESIAN_POINT('',(0.00469986495378806,-0.00014040488867328,-0.00118688706832701));
#1562=CARTESIAN_POINT('',(0.00487704277227472,-2.44873395123939E-5,-0.001251161874094));
#1563=CARTESIAN_POINT('',(0.00431414103762814,0.000527688531810136,-0.000820309501284251));
#1564=CARTESIAN_POINT('',(0.00430306955672944,0.000546864899242585,-0.00103528504627579));
#1565=CARTESIAN_POINT('',(0.00447127142226973,0.000663767216066316,-0.00110221729176105));
#1566=CARTESIAN_POINT('',(0.00347661203784865,0.00197833131224056,-0.000625315699718917));
#1567=CARTESIAN_POINT('',(0.00347649587795346,0.00197853250708055,-0.000832135363563164));
#1568=CARTESIAN_POINT('',(0.00364147502206377,0.00207430563846268,-0.000907223481797904));
#1569=CARTESIAN_POINT('',(0.0026242088681574,0.00345473691067856,-0.000816550539185499));
#1570=CARTESIAN_POINT('',(0.00263495687072545,0.00343612082415052,-0.00103149836457069));
#1571=CARTESIAN_POINT('',(0.00282030905630958,0.00352295266423653,-0.00109845832949382));
#1572=CARTESIAN_POINT('',(0.00220799055623653,0.00417564817396607,-0.000969390959564048));
#1573=CARTESIAN_POINT('',(0.00222797026815041,0.00414104229781063,-0.0011870276869736));
#1574=CARTESIAN_POINT('',(0.00241695347538646,0.00423652569453657,-0.00125129874579982));
#1575=CARTESIAN_POINT('',(0.00230940107675851,0.004,-0.000933295621305361));
#1576=CARTESIAN_POINT('',(0.0023094010767585,0.00400000000000001,-0.00107524740214817));
#1577=CARTESIAN_POINT('',(0.00236567696015409,0.00409747268927964,-0.00119811309368138));
#1578=CARTESIAN_POINT('',(0.00243130313601654,0.0042111405601822,-0.00124588504288741));
#1579=CARTESIAN_POINT('',(-0.00220836332945489,0.00417500251181216,-0.000969254087858229));
#1580=CARTESIAN_POINT('',(-0.00222833827648744,0.00414040488867328,-0.00118688706832702));
#1581=CARTESIAN_POINT('',(-0.00241731472804853,0.00423588660588939,-0.001251161874094));
#1582=CARTESIAN_POINT('',(-0.00261406219264965,0.00347231146818591,-0.000820309501283089));
#1583=CARTESIAN_POINT('',(-0.00262513367354829,0.00345313510075478,-0.00103528504627515));
#1584=CARTESIAN_POINT('',(-0.00281047498244885,0.00354035103086362,-0.00110221729175996));
#1585=CARTESIAN_POINT('',(-0.00345159119242237,0.00202166868776721,-0.000625315699718673));
#1586=CARTESIAN_POINT('',(-0.00345170735231738,0.00202146749292594,-0.000832135363562465));
#1587=CARTESIAN_POINT('',(-0.00361713888914996,0.00211645705713028,-0.000907223481797251));
#1588=CARTESIAN_POINT('',(-0.00430399436212479,0.000545263089309855,-0.000816550539187149));
#1589=CARTESIAN_POINT('',(-0.00429324635955772,0.000563879175838207,-0.0010314983645726));
#1590=CARTESIAN_POINT('',(-0.00446112103172022,0.000680982957157537,-0.00109845832949622));
#1591=CARTESIAN_POINT('',(-0.00472021267403897,-0.000175648173966058,-0.000969390959564046));
#1592=CARTESIAN_POINT('',(-0.00470023296212509,-0.000141042297810617,-0.0011870276869736));
#1593=CARTESIAN_POINT('',(-0.0048774156129474,-2.51197378185112E-5,-0.00125129874579982));
#1594=CARTESIAN_POINT('',(-0.00230940107675851,0.004,-0.000933295621305361));
#1595=CARTESIAN_POINT('',(-0.00230940107675851,0.004,-0.00107524740214817));
#1596=CARTESIAN_POINT('',(-0.00236567696015217,0.00409747268928075,-0.00119811309368138));
#1597=CARTESIAN_POINT('',(-0.00243130313601654,0.0042111405601822,-0.00124588504288741));
#1598=CARTESIAN_POINT('',(0.00251147855691096,0.004,-0.000969254452335823));
#1599=CARTESIAN_POINT('',(0.00247152863746396,0.004,-0.00118688744278297));
#1600=CARTESIAN_POINT('',(0.00245972999926599,0.00421139928419414,-0.0012511622385716));
#1601=CARTESIAN_POINT('',(0.00170002499477831,0.004,-0.000820299528440157));
#1602=CARTESIAN_POINT('',(0.00167788373690471,0.00400000000000014,-0.00103527499738981));
#1603=CARTESIAN_POINT('',(0.00166074340943993,0.00420411776234926,-0.00110220731891689));
#1604=CARTESIAN_POINT('',(2.4748131573694E-5,0.004,-0.000625316774251483));
#1605=CARTESIAN_POINT('',(2.45209962622152E-5,0.00399999999999968,-0.000832136396924953));
#1606=CARTESIAN_POINT('',(2.40703194399369E-5,0.00419076273985292,-0.000907224556330237));
#1607=CARTESIAN_POINT('',(-0.00167982263049038,0.004,-0.000816557420041283));
#1608=CARTESIAN_POINT('',(-0.00165832543231129,0.0040000000000005,-0.0010315052943813));
#1609=CARTESIAN_POINT('',(-0.00164084854684912,0.00420393595563785,-0.00109846521035013));
#1610=CARTESIAN_POINT('',(-0.00251222074277469,0.004,-0.000969390707100659));
#1611=CARTESIAN_POINT('',(-0.00247226133652137,0.004,-0.00118702742759929));
#1612=CARTESIAN_POINT('',(-0.00246046078365401,0.00421140594437847,-0.00125129849333643));
#1613=CARTESIAN_POINT('',(0.,1.26567246691879E-19,-0.0025));
#1614=CARTESIAN_POINT('',(0.,1.26567246691879E-19,0.002067));
#1615=CARTESIAN_POINT('',(-0.0217717269062996,-0.0112937362864613,-0.0111229493007064));
#1616=CARTESIAN_POINT('',(-0.0317717269062996,-0.0112937362864613,0.0313770506992936));
#1617=CARTESIAN_POINT('',(8.67361737988404E-19,8.67361737988404E-19,0.00235));
#1618=CARTESIAN_POINT('',(0.,0.,0.00235));
#1619=CARTESIAN_POINT('',(0.0025,0.,0.00235));
#1620=CARTESIAN_POINT('',(0.,0.,0.00235));
#1621=CARTESIAN_POINT('',(0.00346410161513775,-0.002,0.00235));
#1622=CARTESIAN_POINT('',(0.00346410161513775,0.002,0.00235));
#1623=CARTESIAN_POINT('',(0.,0.,0.00235));
#1624=CARTESIAN_POINT('',(0.,0.004,0.00235));
#1625=CARTESIAN_POINT('',(0.,0.,0.00235));
#1626=CARTESIAN_POINT('',(-0.00346410161513775,0.002,0.00235));
#1627=CARTESIAN_POINT('',(0.,0.,0.00235));
#1628=CARTESIAN_POINT('',(-0.00346410161513775,-0.002,0.00235));
#1629=CARTESIAN_POINT('',(0.,0.,0.00235));
#1630=CARTESIAN_POINT('',(0.,-0.004,0.00235));
#1631=CARTESIAN_POINT('',(0.,0.,0.00235));
#1632=CARTESIAN_POINT('',(0.,0.,0.00235));
#1633=CARTESIAN_POINT('',(0.,0.,0.00160002200032268));
#1634=CARTESIAN_POINT('',(0.002067,0.,0.00160002200032268));
#1635=CARTESIAN_POINT('',(0.,0.,0.00235));
#1636=CARTESIAN_POINT('',(-0.00461880215351707,1.09531941374377E-16,0.0019927344100927));
#1637=CARTESIAN_POINT('',(-0.00424101525012081,-0.000654346111116329,0.00221084978046486));
#1638=CARTESIAN_POINT('',(-0.00385755613790708,-0.00131851677609577,0.00235));
#1639=CARTESIAN_POINT('',(-0.00346410161513776,-0.002,0.00235));
#1640=CARTESIAN_POINT('',(-0.00461880215351701,-4.33680868994202E-19,0.00199273441009183));
#1641=CARTESIAN_POINT('',(-0.00346410161513775,0.002,0.00235));
#1642=CARTESIAN_POINT('',(-0.00385608576013195,0.00132106354510861,0.00235));
#1643=CARTESIAN_POINT('',(-0.00424195803535144,0.000652713159196247,0.00221030546315772));
#1644=CARTESIAN_POINT('',(-0.00461880215351704,-6.63056985792166E-17,0.00199273441009228));
#1645=CARTESIAN_POINT('',(0.,0.,0.00235));
#1646=CARTESIAN_POINT('',(-0.00230940107675851,0.004,0.00199273441009185));
#1647=CARTESIAN_POINT('',(-0.00155819032632066,0.004,0.00220959027458357));
#1648=CARTESIAN_POINT('',(-0.0007805016046291,0.004,0.00235));
#1649=CARTESIAN_POINT('',(-2.5201047548682E-18,0.004,0.00235));
#1650=CARTESIAN_POINT('',(-0.0023094010767585,0.004,0.00199273441009183));
#1651=CARTESIAN_POINT('',(-0.00230940107675844,0.00400000000000011,0.0019927344100927));
#1652=CARTESIAN_POINT('',(-0.0026871879801547,0.00334565388888367,0.00221084978046486));
#1653=CARTESIAN_POINT('',(-0.00307064709236843,0.00268148322390423,0.00235));
#1654=CARTESIAN_POINT('',(-0.00346410161513775,0.002,0.00235));
#1655=CARTESIAN_POINT('',(0.,1.26567246691879E-19,0.00235));
#1656=CARTESIAN_POINT('',(0.,0.,-0.00160002200032268));
#1657=CARTESIAN_POINT('',(0.002067,0.,-0.00160002200032268));
#1658=CARTESIAN_POINT('',(0.,0.,0.00235));
#1659=CARTESIAN_POINT('',(0.00346410161513775,0.002,0.00235));
#1660=CARTESIAN_POINT('',(0.00307211747014356,0.00267893645489139,0.00235));
#1661=CARTESIAN_POINT('',(0.00268624519492407,0.00334728684080375,0.00221030546315772));
#1662=CARTESIAN_POINT('',(0.00230940107675847,0.00400000000000006,0.00199273441009228));
#1663=CARTESIAN_POINT('',(0.00230940107675851,0.004,0.00199273441009183));
#1664=CARTESIAN_POINT('',(-7.85386035179913E-19,0.004,0.00235));
#1665=CARTESIAN_POINT('',(0.000780965328157604,0.004,0.00235));
#1666=CARTESIAN_POINT('',(0.00156256651864362,0.004,0.00220832697667571));
#1667=CARTESIAN_POINT('',(0.00230940107675851,0.004,0.00199273441009184));
#1668=CARTESIAN_POINT('',(0.,0.,0.00235));
#1669=CARTESIAN_POINT('',(0.00346410161513775,-0.002,0.00235));
#1670=CARTESIAN_POINT('',(0.00385608576013195,-0.00132106354510861,0.00235));
#1671=CARTESIAN_POINT('',(0.00424195803535144,-0.000652713159196247,0.00221030546315772));
#1672=CARTESIAN_POINT('',(0.00461880215351704,6.72667017120394E-17,0.00199273441009228));
#1673=CARTESIAN_POINT('',(0.00461880215351701,1.7347234759768E-18,0.00199273441009183));
#1674=CARTESIAN_POINT('',(0.00461880215351707,-1.08826969252703E-16,0.00199273441009271));
#1675=CARTESIAN_POINT('',(0.00424101525012081,0.00065434611111633,0.00221084978046486));
#1676=CARTESIAN_POINT('',(0.00385755613790708,0.00131851677609577,0.00235));
#1677=CARTESIAN_POINT('',(0.00346410161513775,0.002,0.00235));
#1678=CARTESIAN_POINT('',(0.,0.,0.00235));
#1679=CARTESIAN_POINT('',(-1.38261755669208E-19,-0.004,0.00235));
#1680=CARTESIAN_POINT('',(0.000780965328157603,-0.004,0.00235));
#1681=CARTESIAN_POINT('',(0.00156256651864362,-0.004,0.00220832697667571));
#1682=CARTESIAN_POINT('',(0.0023094010767585,-0.004,0.00199273441009184));
#1683=CARTESIAN_POINT('',(0.0023094010767585,-0.004,0.00199273441009183));
#1684=CARTESIAN_POINT('',(0.00230940107675844,-0.00400000000000011,0.0019927344100927));
#1685=CARTESIAN_POINT('',(0.0026871879801547,-0.00334565388888367,0.00221084978046486));
#1686=CARTESIAN_POINT('',(0.00307064709236843,-0.00268148322390423,0.00235));
#1687=CARTESIAN_POINT('',(0.00346410161513775,-0.002,0.00235));
#1688=CARTESIAN_POINT('',(0.,0.,0.00235));
#1689=CARTESIAN_POINT('',(-0.00346410161513775,-0.002,0.00235));
#1690=CARTESIAN_POINT('',(-0.00307211747014356,-0.00267893645489139,0.00235));
#1691=CARTESIAN_POINT('',(-0.00268624519492407,-0.00334728684080375,0.00221030546315772));
#1692=CARTESIAN_POINT('',(-0.00230940107675847,-0.00400000000000006,0.00199273441009228));
#1693=CARTESIAN_POINT('',(-0.00230940107675851,-0.004,0.00199273441009183));
#1694=CARTESIAN_POINT('',(-0.00230940107675851,-0.004,0.00199273441009185));
#1695=CARTESIAN_POINT('',(-0.00155819032632066,-0.004,0.00220959027458357));
#1696=CARTESIAN_POINT('',(-0.000780501604629097,-0.004,0.00235));
#1697=CARTESIAN_POINT('',(1.4126675648723E-18,-0.004,0.00235));
#1698=CARTESIAN_POINT('',(8.67361737988404E-19,8.67361737988404E-19,-0.00235));
#1699=CARTESIAN_POINT('',(0.,-2.4492935982947E-19,-0.00235));
#1700=CARTESIAN_POINT('',(-0.004,-2.4492935982947E-19,-0.00235));
#1701=CARTESIAN_POINT('',(0.,0.,-0.00235));
#1702=CARTESIAN_POINT('',(0.0025,0.,-0.00235));
#1703=CARTESIAN_POINT('',(-0.00346410161513775,0.002,0.00235));
#1704=CARTESIAN_POINT('',(-0.0023094010767585,0.004,0.00235));
#1705=CARTESIAN_POINT('',(-0.0023094010767585,0.004,-0.00185));
#1706=CARTESIAN_POINT('',(-0.00346410161513775,0.002,-0.00185));
#1707=CARTESIAN_POINT('',(-0.00346410161513775,0.002,-0.00185));
#1708=CARTESIAN_POINT('',(-0.00346410161513775,0.002,-0.00185));
#1709=CARTESIAN_POINT('',(-0.00461880215351701,1.7347234759768E-18,-0.00185));
#1710=CARTESIAN_POINT('',(-0.00461880215351701,1.7347234759768E-18,0.00235));
#1711=CARTESIAN_POINT('',(8.67361737988404E-19,0.004,0.00235));
#1712=CARTESIAN_POINT('',(8.67361737988404E-19,0.004,-0.00185));
#1713=CARTESIAN_POINT('',(0.00230940107675851,0.004,-0.00185));
#1714=CARTESIAN_POINT('',(0.,0.004,-0.00185));
#1715=CARTESIAN_POINT('',(8.67361737988404E-19,0.004,-0.00185));
#1716=CARTESIAN_POINT('',(0.00230940107675851,0.004,0.00235));
#1717=CARTESIAN_POINT('',(0.00346410161513775,0.002,0.00235));
#1718=CARTESIAN_POINT('',(0.00461880215351701,8.67361737988404E-19,0.00235));
#1719=CARTESIAN_POINT('',(0.00461880215351701,8.67361737988404E-19,-0.00185));
#1720=CARTESIAN_POINT('',(0.00346410161513775,0.002,-0.00185));
#1721=CARTESIAN_POINT('',(0.00346410161513775,0.002,-0.00185));
#1722=CARTESIAN_POINT('',(0.00346410161513775,0.002,-0.00185));
#1723=CARTESIAN_POINT('',(0.00346410161513775,-0.002,0.00235));
#1724=CARTESIAN_POINT('',(0.00346410161513775,-0.002,-0.00185));
#1725=CARTESIAN_POINT('',(0.0023094010767585,-0.004,-0.00185));
#1726=CARTESIAN_POINT('',(0.00346410161513775,-0.002,-0.00185));
#1727=CARTESIAN_POINT('',(0.00346410161513775,-0.002,-0.00185));
#1728=CARTESIAN_POINT('',(0.0023094010767585,-0.004,0.00235));
#1729=CARTESIAN_POINT('',(-4.33680868994202E-19,-0.004,0.00235));
#1730=CARTESIAN_POINT('',(-0.0023094010767585,-0.004,0.00235));
#1731=CARTESIAN_POINT('',(-0.0023094010767585,-0.004,-0.00185));
#1732=CARTESIAN_POINT('',(-4.33680868994202E-19,-0.004,-0.00185));
#1733=CARTESIAN_POINT('',(0.,-0.004,-0.00185));
#1734=CARTESIAN_POINT('',(-4.33680868994202E-19,-0.004,-0.00185));
#1735=CARTESIAN_POINT('',(-0.00346410161513775,-0.002,0.00235));
#1736=CARTESIAN_POINT('',(-0.00346410161513775,-0.002,-0.00185));
#1737=CARTESIAN_POINT('',(-0.00346410161513775,-0.002,-0.00185));
#1738=CARTESIAN_POINT('',(-0.00346410161513775,-0.002,-0.00185));
#1739=CARTESIAN_POINT('',(0.,0.,-0.00235));
#1740=CARTESIAN_POINT('',(8.67361737988404E-19,8.67361737988404E-19,-0.00185));
#1741=CARTESIAN_POINT('',(0.,-2.4492935982947E-19,-0.00185));
#1742=CARTESIAN_POINT('',(0.,-2.4492935982947E-19,-0.00185));
#1743=CARTESIAN_POINT('',(0.,-2.4492935982947E-19,-0.00185));
#1744=CARTESIAN_POINT('',(0.,-2.4492935982947E-19,-0.00185));
#1745=CARTESIAN_POINT('',(0.,-2.4492935982947E-19,-0.00185));
#1746=CARTESIAN_POINT('',(0.,-2.4492935982947E-19,-0.00185));
#1747=CARTESIAN_POINT('',(0.,-2.4492935982947E-19,-0.00185));
#1748=CARTESIAN_POINT('',(8.67361737988404E-19,8.67361737988404E-19,-0.00185));
#1749=CARTESIAN_POINT('',(8.67361737988404E-19,8.67361737988404E-19,-0.00185));
#1750=CARTESIAN_POINT('',(8.67361737988404E-19,8.67361737988404E-19,-0.00185));
#1751=CARTESIAN_POINT('',(8.67361737988404E-19,8.67361737988404E-19,-0.00185));
#1752=CARTESIAN_POINT('',(8.67361737988404E-19,8.67361737988404E-19,-0.00185));
#1753=CARTESIAN_POINT('',(-0.0217717269062996,-0.0112937362864613,0.0347270506992936));
#1754=CARTESIAN_POINT('',(-0.0417717269062996,-0.0112937362864613,-0.0111229493007064));
#1755=CARTESIAN_POINT('',(-0.0317717269062996,-0.0112937362864613,0.0180437173659603));
#1756=CARTESIAN_POINT('',(-0.0317717269062996,-0.0112937362864613,-0.00862294930070639));
#1757=CARTESIAN_POINT('',(-0.0317717269062996,-0.0112937362864613,0.00915482847707139));
#1758=CARTESIAN_POINT('',(-0.0417717269062996,-0.0112937362864613,0.0347270506992936));
#1759=CARTESIAN_POINT('',(-0.0317717269062996,-0.0112937362864613,0.000265939588182501));
#1760=CARTESIAN_POINT('',(-0.0317717269062996,-0.0112937362864613,0.0224881618104047));
#1761=CARTESIAN_POINT('',(0.01,3.36777869765522E-19,0.066));
#1762=CARTESIAN_POINT('',(0.01,3.36777869765522E-19,0.066));
#1763=CARTESIAN_POINT('',(0.0125,3.36777869765522E-19,0.066));
#1764=CARTESIAN_POINT('',(0.01,3.36777869765522E-19,0.001));
#1765=CARTESIAN_POINT('',(0.0125,3.36777869765522E-19,0.001));
#1766=CARTESIAN_POINT('',(0.,0.,0.066));
#1767=CARTESIAN_POINT('',(0.,0.,0.001));
#1768=CARTESIAN_POINT('',(-0.0317717269062996,-0.0112937362864613,-0.0120229493007064));
#1769=MECHANICAL_DESIGN_GEOMETRIC_PRESENTATION_REPRESENTATION('',(#888,
#889,#890,#891,#892),#1770);
#1770=(
GEOMETRIC_REPRESENTATION_CONTEXT(3)
GLOBAL_UNCERTAINTY_ASSIGNED_CONTEXT((#1776))
GLOBAL_UNIT_ASSIGNED_CONTEXT((#1784,#1783,#1782))
REPRESENTATION_CONTEXT('SA01_Electrode_Cartridge',
'TOP_LEVEL_ASSEMBLY_PART')
);
#1771=(
GEOMETRIC_REPRESENTATION_CONTEXT(3)
GLOBAL_UNCERTAINTY_ASSIGNED_CONTEXT((#1777))
GLOBAL_UNIT_ASSIGNED_CONTEXT((#1784,#1783,#1782))
REPRESENTATION_CONTEXT('06_Electrode_Disk','COMPONENT_PART')
);
#1772=(
GEOMETRIC_REPRESENTATION_CONTEXT(3)
GLOBAL_UNCERTAINTY_ASSIGNED_CONTEXT((#1778))
GLOBAL_UNIT_ASSIGNED_CONTEXT((#1784,#1783,#1782))
REPRESENTATION_CONTEXT('07_Internal_Rod_Positive','COMPONENT_PART')
);
#1773=(
GEOMETRIC_REPRESENTATION_CONTEXT(3)
GLOBAL_UNCERTAINTY_ASSIGNED_CONTEXT((#1779))
GLOBAL_UNIT_ASSIGNED_CONTEXT((#1784,#1783,#1782))
REPRESENTATION_CONTEXT('Hex flange nut M5x0.80','COMPONENT_PART')
);
#1774=(
GEOMETRIC_REPRESENTATION_CONTEXT(3)
GLOBAL_UNCERTAINTY_ASSIGNED_CONTEXT((#1780))
GLOBAL_UNIT_ASSIGNED_CONTEXT((#1784,#1783,#1782))
REPRESENTATION_CONTEXT('Hex nut style 1 grade A & B M5x0.8',
'COMPONENT_PART')
);
#1775=(
GEOMETRIC_REPRESENTATION_CONTEXT(3)
GLOBAL_UNCERTAINTY_ASSIGNED_CONTEXT((#1781))
GLOBAL_UNIT_ASSIGNED_CONTEXT((#1784,#1783,#1782))
REPRESENTATION_CONTEXT('08_Internal_Rod_Negative','COMPONENT_PART')
);
#1776=UNCERTAINTY_MEASURE_WITH_UNIT(LENGTH_MEASURE(1.E-8),#1784,
'DISTANCE_ACCURACY_VALUE','Maximum Tolerance applied to model');
#1777=UNCERTAINTY_MEASURE_WITH_UNIT(LENGTH_MEASURE(1.E-8),#1784,
'DISTANCE_ACCURACY_VALUE','Maximum Tolerance applied to model');
#1778=UNCERTAINTY_MEASURE_WITH_UNIT(LENGTH_MEASURE(1.E-8),#1784,
'DISTANCE_ACCURACY_VALUE','Maximum Tolerance applied to model');
#1779=UNCERTAINTY_MEASURE_WITH_UNIT(LENGTH_MEASURE(2.E-5),#1784,
'DISTANCE_ACCURACY_VALUE','Maximum Tolerance applied to model');
#1780=UNCERTAINTY_MEASURE_WITH_UNIT(LENGTH_MEASURE(2.E-5),#1784,
'DISTANCE_ACCURACY_VALUE','Maximum Tolerance applied to model');
#1781=UNCERTAINTY_MEASURE_WITH_UNIT(LENGTH_MEASURE(1.E-8),#1784,
'DISTANCE_ACCURACY_VALUE','Maximum Tolerance applied to model');
#1782=(
NAMED_UNIT(*)
SI_UNIT($,.STERADIAN.)
SOLID_ANGLE_UNIT()
);
#1783=(
NAMED_UNIT(*)
PLANE_ANGLE_UNIT()
SI_UNIT($,.RADIAN.)
);
#1784=(
LENGTH_UNIT()
NAMED_UNIT(*)
SI_UNIT($,.METRE.)
);
#1785=PRODUCT_DEFINITION_SHAPE('','',#1807);
#1786=PRODUCT_DEFINITION_SHAPE('','',#1808);
#1787=PRODUCT_DEFINITION_SHAPE(' ','NAUO PRDDFN',#142);
#1788=PRODUCT_DEFINITION_SHAPE('','',#1809);
#1789=PRODUCT_DEFINITION_SHAPE(' ','NAUO PRDDFN',#143);
#1790=PRODUCT_DEFINITION_SHAPE(' ','NAUO PRDDFN',#144);
#1791=PRODUCT_DEFINITION_SHAPE(' ','NAUO PRDDFN',#145);
#1792=PRODUCT_DEFINITION_SHAPE(' ','NAUO PRDDFN',#146);
#1793=PRODUCT_DEFINITION_SHAPE('','',#1810);
#1794=PRODUCT_DEFINITION_SHAPE(' ','NAUO PRDDFN',#147);
#1795=PRODUCT_DEFINITION_SHAPE(' ','NAUO PRDDFN',#148);
#1796=PRODUCT_DEFINITION_SHAPE('','',#1811);
#1797=PRODUCT_DEFINITION_SHAPE(' ','NAUO PRDDFN',#149);
#1798=PRODUCT_DEFINITION_SHAPE(' ','NAUO PRDDFN',#150);
#1799=PRODUCT_DEFINITION_SHAPE(' ','NAUO PRDDFN',#151);
#1800=PRODUCT_DEFINITION_SHAPE(' ','NAUO PRDDFN',#152);
#1801=PRODUCT_DEFINITION_SHAPE(' ','NAUO PRDDFN',#153);
#1802=PRODUCT_DEFINITION_SHAPE(' ','NAUO PRDDFN',#154);
#1803=PRODUCT_DEFINITION_SHAPE(' ','NAUO PRDDFN',#155);
#1804=PRODUCT_DEFINITION_SHAPE(' ','NAUO PRDDFN',#156);
#1805=PRODUCT_DEFINITION_SHAPE('','',#1812);
#1806=PRODUCT_DEFINITION_SHAPE(' ','NAUO PRDDFN',#157);
#1807=PRODUCT_DEFINITION('','',#1819,#1813);
#1808=PRODUCT_DEFINITION('','',#1820,#1814);
#1809=PRODUCT_DEFINITION('','',#1821,#1815);
#1810=PRODUCT_DEFINITION('','',#1822,#1816);
#1811=PRODUCT_DEFINITION('','',#1823,#1817);
#1812=PRODUCT_DEFINITION('','',#1824,#1818);
#1813=PRODUCT_DEFINITION_CONTEXT('',#1850,'design');
#1814=PRODUCT_DEFINITION_CONTEXT('',#1850,'design');
#1815=PRODUCT_DEFINITION_CONTEXT('',#1850,'design');
#1816=PRODUCT_DEFINITION_CONTEXT('',#1850,'design');
#1817=PRODUCT_DEFINITION_CONTEXT('',#1850,'design');
#1818=PRODUCT_DEFINITION_CONTEXT('',#1850,'design');
#1819=PRODUCT_DEFINITION_FORMATION_WITH_SPECIFIED_SOURCE('','',#1831,
 .NOT_KNOWN.);
#1820=PRODUCT_DEFINITION_FORMATION_WITH_SPECIFIED_SOURCE('','',#1832,
 .NOT_KNOWN.);
#1821=PRODUCT_DEFINITION_FORMATION_WITH_SPECIFIED_SOURCE('','',#1833,
 .NOT_KNOWN.);
#1822=PRODUCT_DEFINITION_FORMATION_WITH_SPECIFIED_SOURCE('','',#1834,
 .NOT_KNOWN.);
#1823=PRODUCT_DEFINITION_FORMATION_WITH_SPECIFIED_SOURCE('','',#1835,
 .NOT_KNOWN.);
#1824=PRODUCT_DEFINITION_FORMATION_WITH_SPECIFIED_SOURCE('','',#1836,
 .NOT_KNOWN.);
#1825=PRODUCT_RELATED_PRODUCT_CATEGORY('','',(#1831));
#1826=PRODUCT_RELATED_PRODUCT_CATEGORY('','',(#1832));
#1827=PRODUCT_RELATED_PRODUCT_CATEGORY('','',(#1833));
#1828=PRODUCT_RELATED_PRODUCT_CATEGORY('','',(#1834));
#1829=PRODUCT_RELATED_PRODUCT_CATEGORY('','',(#1835));
#1830=PRODUCT_RELATED_PRODUCT_CATEGORY('','',(#1836));
#1831=PRODUCT('SA01_Electrode_Cartridge','SA01_Electrode_Cartridge',
'SA01_Electrode_Cartridge',(#1843));
#1832=PRODUCT('06_Electrode_Disk','06_Electrode_Disk',
'06_Electrode_Disk',(#1844));
#1833=PRODUCT('07_Internal_Rod_Positive','07_Internal_Rod_Positive',
'07_Internal_Rod_Positive',(#1845));
#1834=PRODUCT('Hex flange nut M5x0.80','Hex flange nut M5x0.80',
'Hex flange nut M5x0.80',(#1846));
#1835=PRODUCT('Hex nut style 1 grade A & B M5x0.8',
'Hex nut style 1 grade A & B M5x0.8',
'Hex nut style 1 grade A & B M5x0.8',(#1847));
#1836=PRODUCT('08_Internal_Rod_Negative','08_Internal_Rod_Negative',
'08_Internal_Rod_Negative',(#1848));
#1837=PRODUCT_CATEGORY('','');
#1838=PRODUCT_CATEGORY('','');
#1839=PRODUCT_CATEGORY('','');
#1840=PRODUCT_CATEGORY('','');
#1841=PRODUCT_CATEGORY('','');
#1842=PRODUCT_CATEGORY('','');
#1843=PRODUCT_CONTEXT('',#1850,'mechanical');
#1844=PRODUCT_CONTEXT('',#1850,'mechanical');
#1845=PRODUCT_CONTEXT('',#1850,'mechanical');
#1846=PRODUCT_CONTEXT('',#1850,'mechanical');
#1847=PRODUCT_CONTEXT('',#1850,'mechanical');
#1848=PRODUCT_CONTEXT('',#1850,'mechanical');
#1849=APPLICATION_PROTOCOL_DEFINITION('international standard',
'ap242_managed_model_based_3d_engineering',2020,#1850);
#1850=APPLICATION_CONTEXT('managed model based 3d engineering');
ENDSEC;
END-ISO-10303-21;
